States/union territories,YEAR,JAN,FEB,MAR,APR,MAY,JUN,JUL,AUG,SEP,OCT,NOV,DEC,ANNUAL,Jan-Feb,Mar-May,Jun-Sep,Oct-Dec
ANDAMAN & NICOBAR ISLANDS,1901,49.2,87.1,29.2,2.3,528.8,517.5,365.1,481.1,332.6,388.5,558.2,33.6,3373.2,136.3,560.3,1696.3,980.3
ANDAMAN & NICOBAR ISLANDS,1902,0.0,159.8,12.2,0.0,446.1,537.1,228.9,753.7,666.2,197.2,359.0,160.5,3520.7,159.8,458.3,2185.9,716.7
ANDAMAN & NICOBAR ISLANDS,1903,12.7,144.0,0.0,1.0,235.1,479.9,728.4,326.7,339.0,181.2,284.4,225.0,2957.4,156.7,236.1,1874.0,690.6
ANDAMAN & NICOBAR ISLANDS,1904,9.4,14.7,0.0,202.4,304.5,495.1,502.0,160.1,820.4,222.2,308.7,40.1,3079.6,24.1,506.9,1977.6,571.0
ANDAMAN & NICOBAR ISLANDS,1905,1.3,0.0,3.3,26.9,279.5,628.7,368.7,330.5,297.0,260.7,25.4,344.7,2566.7,1.3,309.7,1624.9,630.8
ANDAMAN & NICOBAR ISLANDS,1906,36.6,0.0,0.0,0.0,556.1,733.3,247.7,320.5,164.3,267.8,128.9,79.2,2534.4,36.6,556.1,1465.8,475.9
ANDAMAN & NICOBAR ISLANDS,1907,110.7,0.0,113.3,21.6,616.3,305.2,443.9,377.6,200.4,264.4,648.9,245.6,3347.9,110.7,751.2,1327.1,1158.9
ANDAMAN & NICOBAR ISLANDS,1908,20.9,85.1,0.0,29.0,562.0,693.6,481.4,699.9,428.8,170.7,208.1,196.9,3576.4,106.0,591.0,2303.7,575.7
ANDAMAN & NICOBAR ISLANDS,1910,26.6,22.7,206.3,89.3,224.5,472.7,264.3,337.4,626.6,208.2,267.3,153.5,2899.4,49.3,520.1,1701.0,629.0
ANDAMAN & NICOBAR ISLANDS,1911,0.0,8.4,0.0,122.5,327.3,649.0,253.0,187.1,464.5,333.8,94.5,247.1,2687.2,8.4,449.8,1553.6,675.4
ANDAMAN & NICOBAR ISLANDS,1912,583.7,0.8,0.0,21.9,140.7,549.8,468.9,370.3,386.2,318.7,117.2,2.3,2960.5,584.5,162.6,1775.2,438.2
ANDAMAN & NICOBAR ISLANDS,1913,84.8,0.5,1.3,2.5,190.7,530.0,280.8,205.8,580.1,288.8,133.0,67.5,2365.8,85.3,194.5,1596.7,489.3
ANDAMAN & NICOBAR ISLANDS,1914,0.0,0.0,0.0,37.7,298.8,383.3,792.8,520.5,310.8,139.8,184.4,289.7,2957.8,0.0,336.5,2007.4,613.9
ANDAMAN & NICOBAR ISLANDS,1915,45.0,56.7,33.3,40.9,170.2,334.7,269.0,317.2,429.8,468.1,258.4,318.0,2741.3,101.7,244.4,1350.7,1044.5
ANDAMAN & NICOBAR ISLANDS,1916,0.0,0.0,0.0,0.5,487.4,450.1,317.3,425.0,561.2,369.7,192.6,133.7,2937.5,0.0,487.9,1753.6,696.0
ANDAMAN & NICOBAR ISLANDS,1917,8.0,3.6,112.0,4.5,295.9,301.1,394.8,437.4,471.8,238.1,108.3,236.9,2612.4,11.6,412.4,1605.1,583.3
ANDAMAN & NICOBAR ISLANDS,1918,77.4,6.9,11.4,10.7,729.3,710.8,200.9,455.4,303.3,227.0,366.9,175.0,3275.0,84.3,751.4,1670.4,768.9
ANDAMAN & NICOBAR ISLANDS,1919,10.2,18.0,0.0,35.5,283.9,542.5,246.5,259.8,170.7,186.2,340.4,258.4,2352.1,28.2,319.4,1219.5,785.0
ANDAMAN & NICOBAR ISLANDS,1920,122.3,7.4,3.1,13.0,237.4,546.9,294.4,467.4,505.4,397.5,262.9,85.5,2943.2,129.7,253.5,1814.1,745.9
ANDAMAN & NICOBAR ISLANDS,1921,13.2,3.1,0.0,37.5,351.2,282.7,487.1,330.0,581.2,360.7,118.2,41.5,2606.4,16.3,388.7,1681.0,520.4
ANDAMAN & NICOBAR ISLANDS,1922,245.3,34.3,15.6,323.1,289.7,506.1,425.8,307.4,511.7,162.0,541.0,192.2,3554.2,279.6,628.4,1751.0,895.2
ANDAMAN & NICOBAR ISLANDS,1923,79.5,0.0,,91.3,293.5,808.4,636.9,182.2,560.5,131.9,197.4,70.6,,79.5,,2188.0,399.9
ANDAMAN & NICOBAR ISLANDS,1924,28.7,0.0,14.8,89.7,191.2,261.2,493.3,290.9,251.2,331.1,378.6,,,28.7,295.7,1296.6,
ANDAMAN & NICOBAR ISLANDS,1925,36.6,0.0,8.6,50.4,282.2,663.8,241.8,278.2,201.9,249.5,271.5,196.0,2480.5,36.6,341.2,1385.7,717.0
ANDAMAN & NICOBAR ISLANDS,1926,122.1,0.0,0.0,0.5,198.4,370.0,195.3,523.7,719.3,443.8,148.4,560.7,3282.2,122.1,198.9,1808.3,1152.9
ANDAMAN & NICOBAR ISLANDS,1927,3.0,17.5,17.8,108.6,504.1,433.3,195.2,370.1,126.2,327.5,274.1,65.5,2442.9,20.5,630.5,1124.8,667.1
ANDAMAN & NICOBAR ISLANDS,1928,50.9,67.6,80.7,129.3,499.5,410.2,406.3,391.5,404.8,444.5,99.5,13.5,2998.3,118.5,709.5,1612.8,557.5
ANDAMAN & NICOBAR ISLANDS,1929,74.2,118.4,129.2,69.8,316.6,588.8,134.0,644.7,172.9,413.0,251.5,13.5,2926.6,192.6,515.6,1540.4,678.0
ANDAMAN & NICOBAR ISLANDS,1930,87.4,105.4,131.2,10.9,231.5,533.6,317.9,446.7,677.2,82.3,249.4,201.6,3075.1,192.8,373.6,1975.4,533.3
ANDAMAN & NICOBAR ISLANDS,1931,25.3,0.0,2.5,2.5,205.4,393.5,289.3,571.0,294.4,368.3,22.8,182.7,2357.7,25.3,210.4,1548.2,573.8
ANDAMAN & NICOBAR ISLANDS,1932,2.8,2.5,10.1,58.2,479.7,,,,,,,,,5.3,548.0,,
ANDAMAN & NICOBAR ISLANDS,1933,4.5,11.7,8.1,58.4,365.4,544.2,376.6,294.1,759.0,239.8,268.8,56.9,2987.5,16.2,431.9,1973.9,565.5
ANDAMAN & NICOBAR ISLANDS,1934,7.3,172.9,6.9,131.4,62.0,708.4,323.5,924.9,761.1,338.1,240.2,46.1,3722.8,180.2,200.3,2717.9,624.4
ANDAMAN & NICOBAR ISLANDS,1935,6.6,0.0,0.5,133.6,726.8,374.1,368.7,411.6,578.9,182.4,275.4,95.4,3154.0,6.6,860.9,1733.3,553.2
ANDAMAN & NICOBAR ISLANDS,1936,16.5,15.3,116.5,,194.3,498.3,664.8,562.9,383.8,174.9,199.2,212.2,,31.8,,2109.8,586.3
ANDAMAN & NICOBAR ISLANDS,1937,21.6,10.7,0.0,112.0,330.5,732.8,449.5,332.0,349.5,383.3,251.7,617.5,3591.1,32.3,442.5,1863.8,1252.5
ANDAMAN & NICOBAR ISLANDS,1938,13.4,57.2,50.5,101.6,368.9,668.6,318.2,397.1,546.7,318.4,316.3,107.5,3264.4,70.6,521.0,1930.6,742.2
ANDAMAN & NICOBAR ISLANDS,1939,54.1,1.5,16.1,77.3,480.5,541.0,335.6,202.8,512.5,263.9,165.9,131.3,2782.5,55.6,573.9,1591.9,561.1
ANDAMAN & NICOBAR ISLANDS,1940,0.5,2.8,59.4,0.0,320.7,335.4,268.1,889.2,477.5,114.1,221.0,318.8,3007.5,3.3,380.1,1970.2,653.9
ANDAMAN & NICOBAR ISLANDS,1941,0.0,12.8,0.0,77.8,251.9,497.0,302.5,311.9,516.0,382.8,266.0,279.5,2898.2,12.8,329.7,1627.4,928.3
ANDAMAN & NICOBAR ISLANDS,1942,39.2,7.4,,,,,,,,,,,,46.6,,,
ANDAMAN & NICOBAR ISLANDS,1946,84.4,3.6,21.1,135.2,309.1,535.9,189.0,367.4,478.3,276.9,146.9,243.8,2791.6,88.0,465.4,1570.6,667.6
ANDAMAN & NICOBAR ISLANDS,1947,25.1,111.1,63.2,127.7,206.3,965.6,490.0,293.7,,376.0,67.5,168.6,,136.2,397.2,,612.1
ANDAMAN & NICOBAR ISLANDS,1949,0.0,56.4,0.0,166.5,405.8,658.4,743.3,404.0,627.5,339.6,81.1,7.0,3489.6,56.4,572.3,2433.2,427.7
ANDAMAN & NICOBAR ISLANDS,1950,0.8,0.0,0.0,95.5,264.2,369.9,366.7,347.3,494.5,224.6,89.3,169.4,2422.2,0.8,359.7,1578.4,483.3
ANDAMAN & NICOBAR ISLANDS,1951,82.7,7.2,0.0,45.4,259.0,619.9,665.3,101.3,360.9,489.0,209.6,434.8,3275.1,89.9,304.4,1747.4,1133.4
ANDAMAN & NICOBAR ISLANDS,1952,0.0,0.8,69.7,39.4,452.9,657.7,385.5,541.3,240.3,315.6,287.5,89.2,3079.9,0.8,562.0,1824.8,692.3
ANDAMAN & NICOBAR ISLANDS,1953,56.0,65.3,20.1,159.4,241.1,549.9,444.4,262.8,370.1,243.6,246.0,63.3,2721.9,121.3,420.6,1627.2,552.9
ANDAMAN & NICOBAR ISLANDS,1954,83.8,2.1,34.3,58.0,394.7,539.4,510.8,605.4,763.8,247.2,84.8,124.7,3449.0,85.9,487.0,2419.4,456.7
ANDAMAN & NICOBAR ISLANDS,1955,57.3,28.2,9.9,68.8,663.6,651.1,298.4,356.9,341.8,466.5,362.9,44.2,3349.6,85.5,742.3,1648.2,873.6
ANDAMAN & NICOBAR ISLANDS,1956,49.2,77.2,33.8,130.3,491.8,343.1,468.4,467.7,325.1,458.7,164.1,70.5,3080.0,126.4,655.9,1604.3,693.3
ANDAMAN & NICOBAR ISLANDS,1957,28.0,19.3,4.6,19.0,142.4,741.9,316.2,421.3,354.3,299.7,88.6,71.9,2507.2,47.3,166.0,1833.7,460.2
ANDAMAN & NICOBAR ISLANDS,1958,22.9,14.3,30.4,24.6,355.1,530.7,440.7,388.4,350.6,265.2,313.8,70.7,2807.4,37.2,410.1,1710.4,649.7
ANDAMAN & NICOBAR ISLANDS,1959,10.1,1.8,31.3,86.7,238.1,455.7,817.1,409.3,589.6,332.7,242.5,128.5,3343.3,11.9,356.1,2271.7,703.7
ANDAMAN & NICOBAR ISLANDS,1960,104.2,72.4,12.1,53.5,535.4,541.5,308.4,270.7,442.4,400.0,191.7,92.8,3025.0,176.6,601.0,1563.0,684.5
ANDAMAN & NICOBAR ISLANDS,1961,82.1,99.4,33.2,88.1,973.1,383.3,304.9,557.1,612.0,379.9,280.6,144.5,3938.2,181.5,1094.4,1857.3,805.0
ANDAMAN & NICOBAR ISLANDS,1962,152.4,14.9,17.3,46.4,310.4,367.7,409.1,420.6,474.5,259.8,101.7,384.9,2959.7,167.3,374.1,1671.9,746.4
ANDAMAN & NICOBAR ISLANDS,1963,79.9,26.8,7.4,69.5,259.9,434.7,303.3,601.2,614.3,295.5,109.3,179.9,2981.7,106.7,336.8,1953.5,584.7
ANDAMAN & NICOBAR ISLANDS,1964,65.5,21.9,3.1,18.1,530.6,465.3,287.3,472.1,521.2,218.9,349.2,101.6,3054.8,87.4,551.8,1745.9,669.7
ANDAMAN & NICOBAR ISLANDS,1965,11.8,30.4,25.3,51.0,292.3,408.8,392.1,396.6,576.8,290.5,187.9,500.4,3163.8,42.2,368.6,1774.3,978.8
ANDAMAN & NICOBAR ISLANDS,1966,79.8,4.2,12.0,38.7,376.9,148.8,433.5,335.6,454.1,171.9,333.8,311.9,2701.2,84.0,427.6,1372.0,817.6
ANDAMAN & NICOBAR ISLANDS,1967,164.6,21.6,30.0,63.4,516.4,340.8,537.8,614.3,303.5,427.5,99.7,97.0,3216.4,186.2,609.8,1796.4,624.2
ANDAMAN & NICOBAR ISLANDS,1968,22.1,1.3,4.2,81.5,297.6,545.2,519.3,242.0,496.8,281.6,152.0,119.2,2762.8,23.4,383.3,1803.3,552.8
ANDAMAN & NICOBAR ISLANDS,1969,106.3,64.7,14.6,20.8,317.3,422.8,345.2,281.4,489.8,146.8,343.7,65.8,2619.0,171.0,352.7,1539.2,556.3
ANDAMAN & NICOBAR ISLANDS,1970,72.2,34.0,7.8,58.2,422.7,407.3,564.6,342.9,423.5,386.6,418.4,232.7,3370.8,106.2,488.7,1738.3,1037.7
ANDAMAN & NICOBAR ISLANDS,1971,41.5,32.8,37.7,35.3,398.0,394.6,421.1,327.9,470.2,505.3,178.4,155.9,2998.6,74.3,471.0,1613.8,839.6
ANDAMAN & NICOBAR ISLANDS,1972,13.7,1.7,7.5,178.3,420.2,470.0,544.6,384.9,444.5,263.8,413.9,180.0,3323.0,15.4,606.0,1844.0,857.7
ANDAMAN & NICOBAR ISLANDS,1973,18.1,20.3,30.5,29.6,418.6,488.6,371.4,370.3,357.5,247.2,349.8,289.1,2991.1,38.4,478.7,1587.8,886.1
ANDAMAN & NICOBAR ISLANDS,1974,22.2,43.9,17.2,301.4,353.3,343.8,257.1,456.2,321.6,398.4,372.2,74.8,2962.0,66.1,671.9,1378.7,845.4
ANDAMAN & NICOBAR ISLANDS,1975,276.9,27.5,8.0,24.2,362.9,706.3,173.6,357.4,351.8,373.6,323.7,99.7,3085.7,304.4,395.1,1589.1,797.0
ANDAMAN & NICOBAR ISLANDS,1976,20.9,9.7,0.6,161.6,551.4,441.4,382.1,487.7,387.0,166.8,307.2,359.6,3276.0,30.6,713.6,1698.2,833.6
ANDAMAN & NICOBAR ISLANDS,1977,79.7,43.2,6.1,6.9,275.3,339.3,341.1,345.5,467.1,263.6,153.3,67.1,2388.2,122.9,288.3,1493.0,484.0
ANDAMAN & NICOBAR ISLANDS,1978,109.6,29.3,18.9,63.4,343.6,462.2,656.6,346.3,310.8,243.7,83.4,44.6,2712.4,138.9,425.9,1775.9,371.7
ANDAMAN & NICOBAR ISLANDS,1979,35.5,9.4,3.9,64.8,146.3,282.8,455.9,173.6,330.2,163.5,169.8,13.6,1849.4,44.9,215.0,1242.5,346.9
ANDAMAN & NICOBAR ISLANDS,1980,5.5,0.8,9.2,38.8,728.4,604.2,575.7,494.4,271.9,252.0,143.7,500.7,3625.3,6.3,776.4,1946.2,896.4
ANDAMAN & NICOBAR ISLANDS,1981,11.1,27.8,1.7,94.1,270.8,600.6,344.1,510.7,452.6,242.1,348.4,170.7,3074.8,38.9,366.6,1908.0,761.2
ANDAMAN & NICOBAR ISLANDS,1982,8.8,2.8,6.6,97.5,229.2,448.7,410.5,347.6,369.0,164.5,238.8,60.5,2384.5,11.6,333.3,1575.8,463.8
ANDAMAN & NICOBAR ISLANDS,1983,22.1,0.0,3.1,9.1,240.8,424.3,468.9,493.8,505.5,275.8,261.0,88.1,2792.4,22.1,253.0,1892.5,624.9
ANDAMAN & NICOBAR ISLANDS,1984,69.4,173.8,26.3,156.6,162.3,424.9,446.4,125.8,283.6,347.1,158.9,445.2,2820.3,243.2,345.2,1280.7,951.2
ANDAMAN & NICOBAR ISLANDS,1985,12.0,19.2,24.1,55.0,278.1,588.4,230.9,375.2,362.5,358.9,232.1,94.4,2630.8,31.2,357.2,1557.0,685.4
ANDAMAN & NICOBAR ISLANDS,1986,14.8,0.6,1.5,8.2,302.6,312.2,308.5,444.0,408.9,176.1,163.5,47.0,2187.8,15.4,312.3,1473.6,386.6
ANDAMAN & NICOBAR ISLANDS,1987,72.4,35.2,20.4,17.7,162.9,343.7,45.3,666.5,378.9,373.4,313.4,334.1,2764.0,107.6,201.0,1434.4,1020.9
ANDAMAN & NICOBAR ISLANDS,1988,10.2,39.9,28.0,82.7,427.5,357.4,495.6,354.2,603.3,271.4,583.0,69.9,3323.0,50.1,538.2,1810.5,924.3
ANDAMAN & NICOBAR ISLANDS,1989,56.0,12.8,68.1,42.6,379.3,414.9,380.1,413.2,215.9,291.8,255.0,4.0,2533.6,68.8,490.0,1424.1,550.8
ANDAMAN & NICOBAR ISLANDS,1990,13.4,0.2,24.6,87.5,424.6,291.0,213.2,293.3,310.4,133.6,291.1,100.3,2183.4,13.6,536.7,1107.9,525.0
ANDAMAN & NICOBAR ISLANDS,1991,14.1,3.8,28.0,132.9,191.3,165.7,547.2,486.5,489.9,287.6,130.1,58.5,2535.8,17.9,352.2,1689.3,476.2
ANDAMAN & NICOBAR ISLANDS,1992,75.9,10.9,0.0,5.1,241.7,392.0,348.2,372.3,323.7,257.3,64.3,7.2,2098.7,86.8,246.8,1436.2,328.8
ANDAMAN & NICOBAR ISLANDS,1993,14.9,0.0,129.9,43.7,181.4,257.1,391.7,226.7,437.0,299.3,189.0,66.7,2237.4,14.9,355.0,1312.5,555.0
ANDAMAN & NICOBAR ISLANDS,1994,7.2,35.5,129.4,154.6,403.2,386.3,569.7,460.5,775.1,137.5,180.3,23.8,3262.8,42.7,687.2,2191.6,341.6
ANDAMAN & NICOBAR ISLANDS,1995,51.8,12.5,12.1,21.1,314.8,450.4,501.4,555.8,426.4,294.7,452.9,21.6,3115.4,64.3,348.0,1934.0,769.2
ANDAMAN & NICOBAR ISLANDS,1996,52.2,4.8,3.4,122.7,298.0,559.2,335.5,328.0,541.6,318.5,254.2,178.8,2996.9,57.0,424.1,1764.3,751.5
ANDAMAN & NICOBAR ISLANDS,1997,9.5,0.0,0.2,15.6,281.1,199.5,918.5,430.6,440.2,128.7,292.8,38.4,2755.1,9.5,296.9,1988.8,459.9
ANDAMAN & NICOBAR ISLANDS,1998,0.9,0.0,0.0,0.0,348.9,600.0,364.5,258.9,337.8,618.6,227.8,89.0,2846.4,0.9,348.9,1561.2,935.4
ANDAMAN & NICOBAR ISLANDS,1999,46.8,44.6,14.2,270.6,257.4,295.0,408.5,329.2,325.3,437.5,124.9,145.7,2699.7,91.4,542.2,1358.0,708.1
ANDAMAN & NICOBAR ISLANDS,2000,53.0,59.0,171.3,218.1,422.8,357.0,176.3,460.8,250.1,321.2,158.3,115.2,2763.2,112.0,812.2,1244.2,594.7
ANDAMAN & NICOBAR ISLANDS,2001,89.0,15.7,143.3,30.1,705.3,370.7,341.3,469.0,334.4,267.6,222.6,91.8,3080.9,104.7,878.7,1515.4,582.0
ANDAMAN & NICOBAR ISLANDS,2002,10.6,0.0,11.5,100.2,366.7,358.3,317.4,429.8,420.0,169.0,306.7,129.9,2620.2,10.6,478.4,1525.5,605.6
ANDAMAN & NICOBAR ISLANDS,2003,44.3,7.9,149.2,19.4,296.3,159.9,494.9,379.4,371.9,310.4,74.1,48.0,2355.9,52.2,464.9,1406.1,432.5
ANDAMAN & NICOBAR ISLANDS,2004,54.5,35.9,36.5,41.6,505.1,423.9,378.9,308.7,280.7,223.9,169.9,0.4,2460.1,90.4,583.2,1392.2,394.2
ANDAMAN & NICOBAR ISLANDS,2005,0.0,0.0,20.3,51.1,305.3,452.4,429.3,311.1,507.5,293.5,300.1,283.9,2954.7,0.0,376.7,1700.3,877.5
ANDAMAN & NICOBAR ISLANDS,2006,16.3,14.4,48.9,163.7,321.4,366.0,182.7,219.6,546.5,374.7,76.1,74.4,2404.7,30.7,534.0,1314.8,525.2
ANDAMAN & NICOBAR ISLANDS,2007,4.9,1.6,5.0,54.6,370.0,378.3,463.2,465.3,486.4,209.4,223.9,85.6,2748.0,6.5,429.6,1793.2,518.9
ANDAMAN & NICOBAR ISLANDS,2008,9.9,67.7,115.8,216.1,545.5,457.8,511.2,482.1,332.0,243.7,321.1,72.0,3374.8,77.6,877.4,1783.1,636.8
ANDAMAN & NICOBAR ISLANDS,2009,24.5,6.3,44.2,136.5,313.1,633.5,297.3,351.5,344.7,272.8,66.2,48.0,2538.6,30.8,493.8,1627.0,387.0
ANDAMAN & NICOBAR ISLANDS,2010,101.7,8.0,0.7,12.5,319.0,448.9,521.9,563.8,263.3,402.4,268.5,246.4,3157.1,109.7,332.2,1797.9,917.3
ANDAMAN & NICOBAR ISLANDS,2011,265.9,84.8,272.8,111.4,326.5,383.2,583.2,441.5,757.1,212.3,150.8,238.5,3828.0,350.7,710.7,2165.0,601.6
ANDAMAN & NICOBAR ISLANDS,2012,119.9,45.6,30.9,55.8,533.9,458.2,317.3,369.6,868.9,209.7,300.5,187.3,3497.6,165.5,620.6,2014.0,697.5
ANDAMAN & NICOBAR ISLANDS,2013,67.1,37.6,43.0,46.3,509.3,777.0,564.8,336.7,473.6,455.8,354.2,92.3,3757.8,104.7,598.6,2152.1,902.3
ANDAMAN & NICOBAR ISLANDS,2014,41.9,8.6,0.0,11.1,238.0,416.6,467.6,321.6,412.9,402.6,201.2,100.4,2622.4,50.5,249.1,1618.7,704.2
ANDAMAN & NICOBAR ISLANDS,2015,126.8,7.6,3.1,138.2,331.9,346.4,328.9,480.0,523.3,252.1,236.3,129.9,2904.6,134.4,473.2,1678.6,618.3
ANDHRA PRADESH,1901,12.9,65.55,3.6,20.4,53.8,65.35,93.2,97.0,117.15,127.5,151.0,46.4,853.9,78.45,77.8,372.7,324.9
ANDHRA PRADESH,1902,6.0,0.1,2.25,17.45,37.2,73.1,92.9,192.2,193.1,225.25,69.65,31.75,941.0,6.1,56.9,551.3,326.65
ANDHRA PRADESH,1903,15.4,6.7,0.1,4.9,76.95,110.75,188.05,199.3,218.1,127.2,231.65,48.05,1227.2,22.1,81.95,716.2,406.9
ANDHRA PRADESH,1904,8.05,0.0,3.55,5.05,97.55,73.8,97.65,68.55,100.75,176.2,2.2,13.4,646.8,8.05,106.15,340.75,191.8
ANDHRA PRADESH,1905,3.8,11.75,42.5,27.65,56.5,75.25,57.75,215.05,103.35,123.1,31.4,1.0,749.3,15.55,126.65,451.4,155.5
ANDHRA PRADESH,1906,59.6,15.35,8.35,2.2,10.3,168.35,141.85,197.75,128.65,99.9,28.25,106.5,967.05,74.95,20.85,636.6,234.65
ANDHRA PRADESH,1907,0.85,1.5,22.7,81.7,13.75,137.5,110.1,76.25,96.2,48.5,96.55,43.55,729.15,2.35,118.15,420.05,188.6
ANDHRA PRADESH,1908,29.9,2.8,3.2,6.35,41.05,46.7,92.95,103.75,271.75,112.85,15.0,3.4,729.7,32.7,50.6,515.15,131.25
ANDHRA PRADESH,1909,45.25,0.65,0.1,77.2,69.7,72.25,107.85,241.6,187.4,21.4,7.95,37.75,869.1,45.9,147.0,609.1,67.1
ANDHRA PRADESH,1910,0.75,2.25,0.45,22.5,27.95,113.05,210.05,196.35,191.05,245.75,117.8,0.0,1127.85,3.0,50.9,710.5,363.55
ANDHRA PRADESH,1911,0.0,0.0,5.55,17.65,48.1,102.25,115.85,61.85,134.0,110.9,80.4,28.45,705.05,0.0,71.3,413.95,219.75
ANDHRA PRADESH,1912,0.55,6.85,2.7,10.4,28.95,45.65,142.6,161.7,160.35,121.95,142.75,0.1,824.55,7.4,42.05,510.3,264.8
ANDHRA PRADESH,1913,0.0,6.65,0.7,7.05,60.5,83.0,130.1,80.6,120.8,195.45,9.75,34.0,728.65,6.65,68.25,414.5,239.2
ANDHRA PRADESH,1914,1.2,6.1,3.5,48.25,65.45,118.5,114.95,154.25,232.15,53.1,39.55,8.75,845.75,7.3,117.2,619.85,101.4
ANDHRA PRADESH,1915,33.0,11.35,66.75,28.35,55.45,116.3,145.05,143.1,169.2,146.7,216.95,2.95,1135.25,44.35,150.55,573.65,366.6
ANDHRA PRADESH,1916,0.1,3.2,0.25,12.1,38.4,103.0,246.1,178.65,174.55,304.2,133.45,5.25,1199.1,3.3,50.75,702.3,442.9
ANDHRA PRADESH,1917,2.8,30.35,11.05,10.9,84.25,143.95,102.7,193.65,202.6,199.9,115.8,13.45,1111.35,33.15,106.2,642.9,329.15
ANDHRA PRADESH,1918,42.85,2.6,10.0,11.7,74.4,73.5,69.1,102.5,130.5,17.6,161.65,15.65,711.9,45.45,96.1,375.6,194.9
ANDHRA PRADESH,1919,33.05,11.45,16.4,19.1,60.75,91.75,173.3,75.8,199.8,136.75,182.1,15.7,1015.95,44.5,96.25,540.65,334.55
ANDHRA PRADESH,1920,44.55,12.5,2.55,18.3,52.95,62.5,48.0,105.6,134.6,155.7,61.85,0.0,699.15,57.05,73.8,350.7,217.55
ANDHRA PRADESH,1921,47.75,0.05,0.05,38.0,10.15,78.1,192.45,130.65,156.55,189.2,33.85,2.6,879.3,47.8,48.2,557.75,225.65
ANDHRA PRADESH,1922,23.9,0.0,0.0,8.65,43.9,75.85,105.2,108.8,76.15,124.0,240.15,5.1,811.8,23.9,52.55,366.0,369.25
ANDHRA PRADESH,1923,11.6,33.4,15.75,16.25,31.4,42.45,93.7,39.1,214.0,182.1,132.6,8.7,821.1,45.0,63.4,389.25,323.4
ANDHRA PRADESH,1924,6.75,3.1,0.9,10.75,51.55,55.45,97.75,141.9,276.35,89.25,199.2,0.15,933.15,9.85,63.2,571.45,288.6
ANDHRA PRADESH,1925,1.45,0.05,5.75,29.25,161.15,92.65,152.05,179.8,94.3,199.95,77.05,58.55,1052.0,1.5,196.15,518.8,335.55
ANDHRA PRADESH,1926,35.5,3.85,46.85,47.6,32.1,77.7,139.65,132.8,155.35,78.65,22.05,4.5,776.65,39.35,126.55,505.5,105.2
ANDHRA PRADESH,1927,8.5,5.15,9.25,3.75,34.9,132.1,135.55,136.65,174.3,63.15,163.65,0.5,867.5,13.65,47.9,578.6,227.3
ANDHRA PRADESH,1928,0.65,20.75,6.15,39.15,26.9,80.3,137.0,111.95,154.15,294.15,19.6,15.55,906.3,21.4,72.2,483.4,329.3
ANDHRA PRADESH,1929,6.85,23.85,0.85,27.55,36.05,128.3,57.45,92.05,156.0,159.8,57.35,31.8,777.85,30.7,64.45,433.8,248.95
ANDHRA PRADESH,1930,8.05,33.15,7.45,15.4,143.45,143.85,79.0,83.05,137.0,264.95,169.25,24.55,1109.1,41.2,166.3,442.9,458.75
ANDHRA PRADESH,1931,0.35,0.2,3.65,8.85,50.4,117.1,139.45,76.3,184.35,262.25,128.2,31.95,1003.15,0.55,62.9,517.2,422.4
ANDHRA PRADESH,1932,0.0,35.2,0.05,16.45,49.0,69.65,137.85,125.45,112.7,104.9,144.3,8.15,803.65,35.2,65.5,445.65,257.35
ANDHRA PRADESH,1933,2.05,0.85,8.1,19.05,67.85,64.75,130.95,158.65,124.65,187.95,54.65,63.25,882.75,2.9,95.0,479.0,305.85
ANDHRA PRADESH,1934,10.75,0.1,0.3,21.55,25.5,92.6,158.6,128.7,94.65,133.85,76.75,4.4,747.85,10.85,47.35,474.55,215.0
ANDHRA PRADESH,1935,4.85,0.35,3.0,23.8,14.0,87.15,125.75,174.35,152.85,156.2,18.7,5.75,766.7,5.2,40.8,540.1,180.65
ANDHRA PRADESH,1936,4.45,79.5,7.05,17.55,98.95,125.2,143.8,119.0,136.5,150.1,120.8,9.25,1012.15,83.95,123.55,524.5,280.15
ANDHRA PRADESH,1937,0.25,40.4,10.7,89.9,28.1,57.5,138.75,108.7,109.55,173.2,65.95,10.75,833.8,40.65,128.7,414.5,249.9
ANDHRA PRADESH,1938,0.05,19.3,6.5,2.7,68.35,117.25,116.85,187.75,259.5,69.85,88.55,3.7,940.3,19.35,77.55,681.35,162.1
ANDHRA PRADESH,1939,10.2,0.0,24.0,46.3,10.75,69.75,94.35,103.65,146.3,289.85,136.4,2.7,934.25,10.2,81.05,414.05,428.95
ANDHRA PRADESH,1940,0.25,2.7,37.2,22.2,162.1,105.65,111.55,145.95,125.1,139.0,122.05,13.1,986.8,2.95,221.5,488.25,274.15
ANDHRA PRADESH,1941,4.1,10.55,2.05,7.85,48.4,113.5,54.35,77.45,178.95,187.6,103.05,52.0,840.0,14.65,58.3,424.25,342.65
ANDHRA PRADESH,1942,1.65,2.95,1.05,26.15,29.35,85.6,79.85,159.65,114.2,106.4,74.4,27.1,708.35,4.6,56.55,439.3,207.9
ANDHRA PRADESH,1943,21.1,3.55,1.0,49.55,142.9,87.75,108.8,97.35,164.85,258.7,67.95,3.75,1007.2,24.65,193.45,458.75,330.4
ANDHRA PRADESH,1944,2.55,14.9,91.75,17.35,31.85,109.85,162.0,113.3,155.45,242.35,87.5,7.85,1036.65,17.45,140.95,540.6,337.7
ANDHRA PRADESH,1945,0.5,0.0,0.0,35.25,38.3,40.85,177.05,146.7,153.2,151.0,47.35,7.6,797.8,0.5,73.55,517.8,205.95
ANDHRA PRADESH,1946,0.85,3.95,6.65,38.9,51.25,85.1,119.7,123.05,132.2,90.9,209.1,100.35,961.95,4.8,96.8,460.05,400.35
ANDHRA PRADESH,1947,16.75,2.2,0.8,12.85,19.3,76.05,170.7,176.15,168.0,121.05,37.75,73.65,875.25,18.95,32.95,590.9,232.45
ANDHRA PRADESH,1948,2.8,13.95,5.75,28.65,40.75,62.95,138.2,109.8,155.2,106.25,147.5,4.8,816.75,16.75,75.15,466.15,258.55
ANDHRA PRADESH,1949,3.85,0.3,1.3,20.65,70.05,106.45,184.5,171.15,217.85,208.7,37.2,0.0,1021.9,4.15,92.0,679.95,245.9
ANDHRA PRADESH,1950,0.1,11.55,17.2,3.85,45.55,64.6,144.3,108.75,164.45,115.8,72.05,0.25,748.45,11.65,66.6,482.1,188.1
ANDHRA PRADESH,1951,0.6,0.05,22.0,46.0,76.9,94.25,195.95,121.7,119.85,80.9,57.95,1.15,817.25,0.65,144.9,531.75,140.0
ANDHRA PRADESH,1952,0.0,10.85,6.7,20.5,138.85,71.6,94.85,105.35,91.4,180.25,3.7,84.95,808.95,10.85,166.05,363.2,268.9
ANDHRA PRADESH,1953,7.2,0.55,0.0,30.35,31.6,100.2,137.4,124.65,162.8,272.1,25.65,0.3,892.85,7.75,61.95,525.05,298.05
ANDHRA PRADESH,1954,6.85,0.0,10.45,8.4,36.45,90.15,213.45,142.5,169.75,242.7,0.0,48.65,969.45,6.85,55.3,615.85,291.35
ANDHRA PRADESH,1955,10.15,0.65,11.7,14.0,192.85,80.65,118.1,223.4,147.9,212.4,69.25,16.65,1097.65,10.8,218.55,570.05,298.3
ANDHRA PRADESH,1956,3.9,1.65,0.25,42.4,74.25,150.35,224.6,118.0,188.95,275.7,70.3,19.35,1169.75,5.55,116.9,681.9,365.35
ANDHRA PRADESH,1957,0.85,1.1,16.1,12.85,34.75,135.9,113.25,193.65,136.0,102.3,48.0,0.0,794.65,1.95,63.7,578.8,150.3
ANDHRA PRADESH,1958,5.0,4.0,7.55,24.15,42.5,69.8,173.5,232.4,154.7,364.95,118.3,9.95,1206.85,9.0,74.2,630.4,493.2
ANDHRA PRADESH,1959,3.0,7.95,0.0,16.85,25.45,140.75,180.7,161.85,147.0,152.4,32.1,10.15,878.25,10.95,42.3,630.3,194.65
ANDHRA PRADESH,1960,0.95,0.1,15.05,3.95,29.9,111.65,143.15,59.8,255.65,84.3,125.7,13.75,843.8,1.05,48.9,570.25,223.75
ANDHRA PRADESH,1961,6.0,18.15,1.4,6.0,42.9,117.4,156.15,148.8,117.75,211.9,55.75,3.15,885.35,24.15,50.3,540.1,270.8
ANDHRA PRADESH,1962,2.8,6.35,3.15,39.7,73.55,87.65,135.85,148.1,214.4,294.5,35.1,39.7,1080.9,9.15,116.4,586.0,369.3
ANDHRA PRADESH,1963,3.55,0.15,8.55,44.15,24.95,102.1,110.0,162.15,113.6,265.7,16.55,15.0,866.5,3.7,77.65,487.85,297.25
ANDHRA PRADESH,1964,0.35,5.6,0.55,4.0,22.75,86.75,191.75,157.9,289.4,63.6,96.5,7.15,926.3,5.95,27.3,725.8,167.25
ANDHRA PRADESH,1965,1.0,0.9,6.3,37.8,26.15,49.6,122.45,163.15,158.75,37.25,43.6,28.3,675.05,1.9,70.25,493.95,109.15
ANDHRA PRADESH,1966,23.1,0.7,2.5,9.15,34.0,100.8,170.0,146.5,136.3,80.35,197.25,28.75,929.4,23.8,45.65,553.6,306.35
ANDHRA PRADESH,1967,14.95,0.05,53.25,12.95,35.6,93.5,186.45,86.75,141.2,64.1,23.9,77.8,790.35,15.0,101.8,507.9,165.8
ANDHRA PRADESH,1968,5.7,7.2,12.2,40.5,24.6,58.0,124.05,29.55,157.6,155.45,80.85,35.8,731.4,12.9,77.3,369.2,272.1
ANDHRA PRADESH,1969,0.1,0.2,1.8,5.3,158.95,93.15,155.25,113.2,86.0,233.05,155.35,58.65,1061.05,0.3,166.05,447.6,447.05
ANDHRA PRADESH,1970,0.5,11.95,12.6,15.5,85.85,115.85,145.0,222.4,132.25,145.6,32.45,0.25,920.3,12.45,113.95,615.5,178.3
ANDHRA PRADESH,1971,2.3,15.6,16.35,65.9,70.2,60.85,80.15,151.9,156.35,174.8,20.9,11.9,827.15,17.9,152.45,449.25,207.6
ANDHRA PRADESH,1972,1.6,16.6,0.0,22.95,54.95,117.95,76.05,54.1,161.55,271.15,97.55,52.8,927.25,18.2,77.9,409.65,421.5
ANDHRA PRADESH,1973,0.0,0.2,6.05,1.3,37.7,62.2,119.5,164.3,137.2,198.9,28.85,18.0,774.3,0.2,45.05,483.2,245.75
ANDHRA PRADESH,1974,0.05,0.75,5.6,10.35,48.3,93.85,110.4,100.65,199.6,234.15,32.9,0.0,836.7,0.8,64.25,504.5,267.05
ANDHRA PRADESH,1975,0.5,5.3,2.6,3.2,40.15,123.35,165.55,172.3,193.75,323.15,84.3,2.8,1117.0,5.8,45.95,654.95,410.25
ANDHRA PRADESH,1976,0.45,0.55,1.35,17.2,25.75,74.4,166.85,209.05,71.15,109.6,274.85,2.35,953.65,1.0,44.3,521.45,386.8
ANDHRA PRADESH,1977,0.95,0.2,1.7,42.5,86.4,105.55,118.55,158.5,81.8,169.0,232.5,2.0,999.7,1.15,130.6,464.4,403.5
ANDHRA PRADESH,1978,5.35,12.7,6.35,30.0,26.0,114.2,161.55,175.9,195.2,78.9,98.8,48.7,953.8,18.05,62.35,646.85,226.4
ANDHRA PRADESH,1979,1.9,24.8,0.05,11.1,110.85,79.2,84.75,87.6,194.25,56.85,208.6,13.9,873.75,26.7,122.0,445.8,279.35
ANDHRA PRADESH,1980,0.25,1.2,3.55,11.35,30.5,137.9,124.4,143.6,95.45,121.8,103.55,20.65,794.25,1.45,45.4,501.35,246.0
ANDHRA PRADESH,1981,11.95,0.05,25.95,12.8,50.8,80.55,141.0,132.35,237.0,115.7,27.8,21.35,857.25,12.0,89.55,590.9,164.85
ANDHRA PRADESH,1982,1.25,0.25,4.05,24.4,42.45,85.55,111.95,90.25,120.6,169.2,91.95,0.05,742.05,1.5,70.9,408.35,261.2
ANDHRA PRADESH,1983,0.05,9.15,4.25,6.75,55.4,100.9,149.05,228.55,265.85,178.9,21.75,48.85,1069.5,9.2,66.4,744.35,249.5
ANDHRA PRADESH,1984,6.1,45.4,15.1,19.45,15.65,58.45,190.55,71.1,142.85,95.55,74.25,24.7,759.1,51.5,50.2,462.95,194.5
ANDHRA PRADESH,1985,30.2,0.2,2.95,9.45,15.8,78.6,166.45,128.55,80.45,184.65,86.4,43.05,826.7,30.4,28.2,454.05,314.1
ANDHRA PRADESH,1986,50.7,20.2,1.1,17.9,30.55,79.85,80.95,195.45,101.1,113.75,96.85,7.0,795.3,70.9,49.55,457.35,217.6
ANDHRA PRADESH,1987,13.0,0.1,17.95,12.4,40.8,66.25,64.25,158.95,95.7,221.7,181.95,51.55,924.7,13.1,71.15,385.15,455.2
ANDHRA PRADESH,1988,0.3,8.55,3.15,40.7,61.25,46.5,245.7,243.7,231.8,60.7,33.55,27.65,1003.55,8.85,105.1,767.7,121.9
ANDHRA PRADESH,1989,0.05,0.05,31.4,4.75,27.95,89.35,287.4,131.05,168.2,53.35,44.45,23.85,861.85,0.1,64.1,676.0,121.65
ANDHRA PRADESH,1990,6.2,43.3,50.7,16.15,323.25,78.15,82.4,161.65,171.6,217.35,112.65,7.6,1270.9,49.5,390.1,493.8,337.6
ANDHRA PRADESH,1991,15.55,1.65,6.4,22.1,28.45,201.55,112.55,118.0,182.8,169.85,176.0,10.0,1044.8,17.2,56.95,614.9,355.85
ANDHRA PRADESH,1992,10.4,2.15,0.0,13.1,43.5,57.45,149.45,148.55,109.65,118.4,143.55,2.3,798.5,12.55,56.6,465.1,264.25
ANDHRA PRADESH,1993,1.1,8.25,16.8,18.95,60.5,57.55,137.85,111.5,150.45,184.45,74.9,56.0,878.4,9.35,96.25,457.35,315.35
ANDHRA PRADESH,1994,6.25,15.3,2.6,27.85,46.5,48.45,154.9,132.15,87.5,232.5,157.25,11.45,922.8,21.55,76.95,423.0,401.2
ANDHRA PRADESH,1995,27.8,3.65,12.4,15.1,197.1,74.7,190.7,197.4,111.3,230.25,47.55,5.2,1113.15,31.45,224.6,574.1,283.0
ANDHRA PRADESH,1996,1.7,3.35,3.4,30.15,28.35,253.75,139.55,204.5,185.3,259.6,56.6,78.0,1244.3,5.05,61.9,783.1,394.2
ANDHRA PRADESH,1997,15.8,3.5,18.3,48.1,30.7,68.4,98.4,104.4,261.45,93.7,98.5,62.25,903.55,19.3,97.1,532.65,254.45
ANDHRA PRADESH,1998,6.4,19.4,14.5,35.8,31.3,94.5,170.3,208.45,228.75,162.6,134.95,22.35,1129.45,25.8,81.6,702.0,319.9
ANDHRA PRADESH,1999,0.45,3.9,0.35,11.05,71.55,92.0,102.4,117.0,100.4,127.05,49.05,6.0,681.15,4.35,82.95,411.8,182.1
ANDHRA PRADESH,2000,0.05,38.35,0.45,20.6,71.1,146.6,124.4,276.5,102.9,102.15,24.15,24.55,931.8,38.4,92.15,650.4,150.85
ANDHRA PRADESH,2001,6.15,1.9,13.25,61.15,37.65,70.6,96.55,133.25,191.35,274.25,59.85,21.1,966.9,8.05,112.05,491.75,355.2
ANDHRA PRADESH,2002,26.8,1.6,7.5,26.15,45.0,103.0,58.8,121.65,74.95,158.1,29.25,6.45,659.2,28.4,78.65,358.4,193.8
ANDHRA PRADESH,2003,3.1,10.35,33.4,17.2,8.15,80.7,212.55,137.35,127.55,213.9,11.6,55.35,911.15,13.45,58.75,558.15,280.85
ANDHRA PRADESH,2004,17.1,7.85,12.25,37.6,103.65,96.3,157.5,74.05,127.7,136.15,37.5,0.1,807.65,24.95,153.5,455.55,173.75
ANDHRA PRADESH,2005,7.45,10.8,16.05,35.35,48.4,69.65,142.35,106.25,262.85,301.4,100.5,42.95,1144.0,18.25,99.8,581.1,444.85
ANDHRA PRADESH,2006,0.1,0.0,31.75,33.85,65.15,108.9,85.0,175.85,184.4,136.9,66.95,10.0,898.85,0.1,130.75,554.15,213.85
ANDHRA PRADESH,2007,0.0,2.8,0.1,7.25,14.05,254.15,112.4,175.65,236.55,172.3,23.6,41.15,1039.9,2.8,21.4,778.75,237.05
ANDHRA PRADESH,2008,4.8,40.15,78.35,11.3,38.5,75.75,144.95,190.55,144.25,88.8,131.75,3.55,952.75,44.95,128.15,555.5,224.1
ANDHRA PRADESH,2009,0.25,0.0,5.5,7.4,50.2,70.75,87.05,146.0,153.85,80.95,119.1,18.35,739.35,0.25,63.1,457.65,218.4
ANDHRA PRADESH,2010,13.25,1.55,2.5,13.9,113.7,132.2,253.25,201.8,176.7,143.7,193.0,92.45,1337.95,14.8,130.1,763.95,429.15
ANDHRA PRADESH,2011,0.4,15.0,0.45,48.45,50.45,65.65,162.45,189.7,100.45,91.05,55.9,20.05,799.95,15.4,99.35,518.25,167.0
ANDHRA PRADESH,2012,20.15,0.0,2.6,28.35,39.05,71.2,180.8,170.6,158.0,126.85,188.15,30.95,1016.7,20.15,70.0,580.6,345.95
ANDHRA PRADESH,2013,1.65,30.1,5.85,37.4,33.55,100.65,129.05,116.7,147.6,290.4,45.85,2.7,941.55,31.75,76.8,494.0,338.95
ANDHRA PRADESH,2014,0.3,0.95,10.8,5.55,79.8,56.0,110.25,146.45,112.95,150.1,30.75,9.6,713.35,1.25,96.15,425.65,190.45
ANDHRA PRADESH,2015,1.95,0.3,9.45,52.85,36.9,178.4,79.55,157.8,169.05,83.2,232.5,27.1,1029.0,2.25,99.2,584.8,342.8
ARUNACHAL PRADESH,1916,48.1,69.8,71.1,316.1,424.6,1124.9,,629.7,333.9,,,,,117.9,811.8,,
ARUNACHAL PRADESH,1917,21.4,164.5,,269.6,107.9,823.8,909.1,628.4,411.5,199.3,63.5,0.0,,185.9,,2772.8,262.8
ARUNACHAL PRADESH,1918,10.4,11.0,191.2,144.6,861.1,1609.9,1303.0,692.6,515.8,125.2,7.8,13.7,5486.3,21.4,1196.9,4121.3,146.7
ARUNACHAL PRADESH,1919,34.5,67.8,28.5,256.9,420.6,973.6,999.0,286.7,628.7,948.3,40.7,8.6,4693.9,102.3,706.0,2888.0,997.6
ARUNACHAL PRADESH,1920,14.0,196.3,605.6,364.7,173.6,840.6,535.4,896.5,376.7,103.3,0.0,0.0,4106.7,210.3,1143.9,2649.2,103.3
ARUNACHAL PRADESH,1921,78.9,54.3,180.3,358.0,598.0,1233.2,1433.0,885.9,603.4,246.3,4.6,15.5,5691.4,133.2,1136.3,4155.5,266.4
ARUNACHAL PRADESH,1922,50.7,59.4,170.4,299.5,350.5,1109.3,918.7,488.3,207.6,483.5,30.3,19.0,4187.2,110.1,820.4,2723.9,532.8
ARUNACHAL PRADESH,1923,9.4,160.8,34.0,240.9,445.4,408.6,1278.5,251.3,617.3,50.1,8.4,2.8,3507.5,170.2,720.3,2555.7,61.3
ARUNACHAL PRADESH,1924,85.7,45.1,74.1,162.4,515.7,1165.0,942.7,713.8,410.8,303.3,31.9,0.0,4450.5,130.8,752.2,3232.3,335.2
ARUNACHAL PRADESH,1925,80.6,114.0,143.3,223.0,587.2,611.6,611.0,684.7,1222.0,153.2,5.1,4.1,4439.8,194.6,953.5,3129.3,162.4
ARUNACHAL PRADESH,1926,38.1,40.8,179.1,249.7,248.1,675.2,978.7,445.6,286.9,311.5,18.6,49.3,3521.6,78.9,676.9,2386.4,379.4
ARUNACHAL PRADESH,1927,48.3,208.5,88.1,384.0,164.0,1045.4,923.2,727.8,1108.9,537.2,17.8,0.0,5253.2,256.8,636.1,3805.3,555.0
ARUNACHAL PRADESH,1928,48.9,39.7,118.2,123.4,431.9,1168.3,993.6,981.2,706.1,633.5,25.6,2.3,5272.7,88.6,673.5,3849.2,661.4
ARUNACHAL PRADESH,1929,144.8,59.2,124.3,492.3,615.8,853.0,614.4,670.0,384.3,188.0,64.5,109.5,4320.2,204.0,1232.4,2521.7,362.0
ARUNACHAL PRADESH,1930,64.4,84.3,202.5,565.4,148.9,720.9,376.2,1055.5,637.0,361.1,93.2,24.9,4334.1,148.7,916.8,2789.6,479.2
ARUNACHAL PRADESH,1931,61.3,189.7,231.6,502.7,277.7,1149.4,1399.9,337.7,480.7,157.4,37.8,46.2,4872.1,251.0,1012.0,3367.7,241.4
ARUNACHAL PRADESH,1932,70.2,110.3,105.5,282.7,661.6,1065.2,521.2,907.8,682.9,152.2,231.4,59.9,4850.9,180.5,1049.8,3177.1,443.5
ARUNACHAL PRADESH,1933,56.0,59.4,101.6,267.9,435.3,782.1,743.2,685.2,376.1,217.9,40.6,8.1,3773.3,115.4,804.8,2586.6,266.6
ARUNACHAL PRADESH,1934,84.9,88.3,128.3,595.1,454.5,1024.6,935.9,640.9,382.6,141.6,77.0,21.9,4575.7,173.2,1177.9,2984.0,240.5
ARUNACHAL PRADESH,1935,18.1,143.6,169.7,211.2,299.9,1147.1,489.9,968.8,631.6,21.8,44.4,27.4,4173.7,161.7,680.8,3237.4,93.6
ARUNACHAL PRADESH,1936,105.9,175.2,151.7,374.7,295.7,833.1,1132.8,668.4,584.3,216.5,122.8,127.6,4788.9,281.1,822.1,3218.6,466.9
ARUNACHAL PRADESH,1937,19.9,105.6,91.2,261.0,399.0,456.4,611.6,816.9,339.7,239.8,16.7,17.3,3375.1,125.5,751.2,2224.6,273.8
ARUNACHAL PRADESH,1938,144.8,121.6,340.5,395.3,306.5,1511.3,1355.1,790.8,877.3,220.6,59.7,5.6,6129.0,266.4,1042.3,4534.5,285.9
ARUNACHAL PRADESH,1939,13.6,140.5,112.7,388.1,314.6,1132.5,838.5,310.2,476.4,157.6,6.2,7.7,3898.7,154.1,815.4,2757.6,171.5
ARUNACHAL PRADESH,1940,12.7,168.5,381.8,133.9,480.5,511.0,1067.9,340.5,791.4,154.6,12.4,44.3,4099.3,181.2,996.2,2710.8,211.3
ARUNACHAL PRADESH,1941,37.4,101.7,157.9,245.4,652.4,518.1,935.9,729.2,687.0,89.7,19.6,45.9,4220.2,139.1,1055.7,2870.2,155.2
ARUNACHAL PRADESH,1942,15.8,164.9,277.8,272.4,618.9,1182.6,457.5,438.9,357.6,8.7,32.1,1.1,3828.2,180.7,1169.1,2436.6,41.9
ARUNACHAL PRADESH,1943,164.5,46.3,286.3,322.6,656.6,712.3,688.1,501.0,727.7,155.4,43.0,22.8,4326.7,210.8,1265.5,2629.1,221.2
ARUNACHAL PRADESH,1944,73.1,67.0,128.4,179.9,664.6,935.9,483.6,307.4,656.1,334.8,26.0,47.5,3904.3,140.1,972.9,2383.0,408.3
ARUNACHAL PRADESH,1945,43.4,107.8,151.3,282.9,366.0,420.2,960.0,771.3,328.6,187.7,1.3,28.7,3649.3,151.2,800.2,2480.1,217.7
ARUNACHAL PRADESH,1946,1.8,73.2,141.7,238.3,631.2,448.6,1212.2,478.7,540.4,215.9,25.4,3.8,4011.2,75.0,1011.2,2679.9,245.1
ARUNACHAL PRADESH,1947,37.8,68.5,158.6,460.2,494.4,650.2,1245.0,417.9,503.8,297.3,9.5,25.9,4369.1,106.3,1113.2,2816.9,332.7
ARUNACHAL PRADESH,1948,35.6,119.5,136.1,441.1,1168.6,889.5,2362.8,603.3,350.4,150.1,52.7,21.4,6331.1,155.1,1745.8,4206.0,224.2
ARUNACHAL PRADESH,1949,80.1,88.1,287.4,436.9,567.2,943.9,1002.0,672.6,482.0,224.9,39.6,50.1,4874.7,168.2,1291.5,3100.5,314.6
ARUNACHAL PRADESH,1950,38.6,92.8,205.8,425.2,274.2,,377.6,241.8,285.8,356.0,49.5,43.9,,131.4,905.2,,449.4
ARUNACHAL PRADESH,1951,31.8,65.3,309.9,441.0,344.5,757.8,554.7,278.5,383.7,101.8,46.2,39.1,3354.2,97.1,1095.4,1974.7,187.1
ARUNACHAL PRADESH,1952,17.2,24.5,189.6,151.5,235.1,276.8,320.6,481.1,368.2,257.9,43.9,29.7,2396.1,41.7,576.2,1446.7,331.5
ARUNACHAL PRADESH,1953,56.4,106.9,236.0,214.9,314.9,409.9,512.5,245.3,449.8,,10.4,23.4,,163.3,765.8,1617.5,
ARUNACHAL PRADESH,1957,,,,246.9,448.9,608.1,1219.4,542.6,505.8,146.6,17.1,40.6,,,,2875.9,204.3
ARUNACHAL PRADESH,1958,98.4,67.5,32.9,138.5,698.6,511.2,457.7,1664.6,705.2,669.4,2.5,17.0,5063.5,165.9,870.0,3338.7,688.9
ARUNACHAL PRADESH,1959,83.2,137.9,104.5,146.4,671.8,812.9,1137.7,333.2,508.8,247.0,12.1,0.0,4195.5,221.1,922.7,2792.6,259.1
ARUNACHAL PRADESH,1960,8.0,26.8,53.2,137.1,210.7,653.9,1296.8,251.3,1034.8,13.0,13.4,10.4,3709.4,34.8,401.0,3236.8,36.8
ARUNACHAL PRADESH,1961,50.0,204.2,289.6,181.0,492.3,595.5,738.3,547.9,256.2,260.5,57.1,3.9,3676.5,254.2,962.9,2137.9,321.5
ARUNACHAL PRADESH,1962,37.2,87.1,45.1,250.3,601.9,1088.8,758.1,1405.9,222.4,255.6,,,,124.3,897.3,3475.2,
ARUNACHAL PRADESH,1963,14.6,35.2,168.6,262.6,346.4,755.4,817.4,1199.3,366.4,136.4,20.0,15.7,4138.0,49.8,777.6,3138.5,172.1
ARUNACHAL PRADESH,1964,55.4,90.3,81.1,219.7,286.4,1432.8,1506.1,492.1,465.1,246.2,12.2,71.9,4959.3,145.7,587.2,3896.1,330.3
ARUNACHAL PRADESH,1965,37.4,120.7,103.7,254.4,306.9,404.7,315.8,351.3,172.9,51.5,72.6,4.9,2196.8,158.1,665.0,1244.7,129.0
ARUNACHAL PRADESH,1966,22.4,91.5,98.4,180.2,177.9,473.2,432.7,411.6,197.6,78.9,39.0,6.3,2209.6,113.9,456.5,1515.1,124.2
ARUNACHAL PRADESH,1967,13.3,45.5,147.9,96.6,164.0,253.1,434.5,220.8,212.8,58.5,10.0,11.5,1668.5,58.8,408.5,1121.2,80.0
ARUNACHAL PRADESH,1968,54.2,41.4,135.9,117.6,307.2,510.1,404.8,227.5,243.5,75.8,12.5,8.4,2139.0,95.6,560.7,1385.9,96.7
ARUNACHAL PRADESH,1969,19.2,10.0,33.8,127.0,202.3,412.3,405.1,333.9,241.4,42.9,34.8,15.1,1877.7,29.2,363.1,1392.7,92.8
ARUNACHAL PRADESH,1970,49.2,78.8,57.4,108.8,213.4,409.6,377.9,245.4,287.4,138.6,6.9,0.0,1973.4,128.0,379.6,1320.3,145.5
ARUNACHAL PRADESH,1971,56.0,67.8,47.1,121.8,222.4,446.0,385.5,288.2,239.6,235.1,67.8,7.3,2184.5,123.8,391.3,1359.3,310.2
ARUNACHAL PRADESH,1972,39.2,114.2,108.3,231.5,299.5,314.4,438.3,270.7,334.5,83.3,25.9,21.5,2281.3,153.4,639.3,1357.9,130.7
ARUNACHAL PRADESH,1973,136.4,147.1,82.3,215.3,256.5,571.1,284.8,271.3,258.3,110.2,88.9,35.4,2457.5,283.5,554.1,1385.5,234.5
ARUNACHAL PRADESH,1974,130.9,95.4,127.8,272.6,248.3,466.7,648.9,446.8,461.2,121.1,14.0,30.3,3063.9,226.3,648.7,2023.6,165.4
ARUNACHAL PRADESH,1975,17.3,76.9,101.7,165.1,188.0,268.5,427.0,185.2,297.0,451.6,21.5,13.6,2213.3,94.2,454.8,1177.7,486.7
ARUNACHAL PRADESH,1976,8.9,112.9,168.0,229.3,210.7,506.3,375.4,357.4,177.5,139.7,87.9,45.6,2419.5,121.8,608.0,1416.6,273.2
ARUNACHAL PRADESH,1977,71.2,133.5,209.3,560.2,417.8,543.5,484.7,610.1,311.9,213.5,141.0,77.7,3774.3,204.7,1187.3,1950.2,432.2
ARUNACHAL PRADESH,1978,37.1,82.2,150.6,216.4,345.6,577.2,357.5,172.4,310.4,133.0,146.1,2.5,2531.0,119.3,712.6,1417.5,281.6
ARUNACHAL PRADESH,1979,47.4,81.6,138.2,158.8,210.3,239.4,665.4,296.9,417.5,409.6,27.4,81.2,2773.6,129.0,507.3,1619.2,518.2
ARUNACHAL PRADESH,1980,65.6,130.4,251.4,372.0,245.5,530.9,514.1,544.7,367.4,185.4,7.8,0.2,3215.3,196.0,868.9,1957.1,193.4
ARUNACHAL PRADESH,1981,93.1,136.1,255.2,197.4,285.0,494.9,549.3,360.6,262.6,71.8,29.3,55.5,2790.9,229.2,737.6,1667.4,156.6
ARUNACHAL PRADESH,1982,6.4,100.4,151.2,335.3,241.4,429.8,593.0,197.0,526.6,82.3,53.8,62.2,2779.5,106.8,727.9,1746.4,198.3
ARUNACHAL PRADESH,1983,65.4,171.1,217.6,351.2,301.9,551.0,563.2,389.9,476.4,191.7,14.9,40.8,3335.3,236.5,870.7,1980.5,247.4
ARUNACHAL PRADESH,1984,98.1,42.8,166.9,389.3,448.7,417.3,671.0,309.2,455.5,184.1,5.7,89.5,3278.0,140.9,1004.9,1853.0,279.3
ARUNACHAL PRADESH,1985,54.1,81.0,255.6,347.1,345.5,506.0,657.8,326.3,502.2,116.6,25.4,48.8,3266.2,135.1,948.2,1992.3,190.8
ARUNACHAL PRADESH,1986,19.3,90.1,122.8,335.3,101.8,402.5,453.7,355.3,387.6,176.6,36.6,14.0,2495.6,109.4,559.9,1599.1,227.2
ARUNACHAL PRADESH,1987,3.7,72.5,147.7,352.0,230.8,501.5,754.9,558.8,646.6,101.1,24.1,39.6,3433.2,76.2,730.5,2461.8,164.8
ARUNACHAL PRADESH,1988,50.9,118.3,250.7,278.9,535.9,287.0,868.1,815.6,486.3,416.4,34.2,13.1,4155.3,169.2,1065.5,2457.0,463.7
ARUNACHAL PRADESH,1989,52.6,171.9,92.9,388.7,239.7,484.2,640.7,305.3,526.5,281.7,77.9,19.6,3281.6,224.5,721.3,1956.7,379.2
ARUNACHAL PRADESH,1990,54.8,112.4,149.0,289.9,366.2,857.2,534.0,352.8,625.5,240.6,2.0,19.7,3604.0,167.2,805.1,2369.5,262.3
ARUNACHAL PRADESH,1991,24.9,86.0,110.7,193.3,423.7,608.3,607.7,603.4,484.5,189.0,22.2,80.8,3434.4,110.9,727.7,2303.9,292.0
ARUNACHAL PRADESH,1992,33.2,128.9,184.6,196.4,239.2,522.9,557.2,294.3,328.2,201.5,11.5,8.9,2707.0,162.1,620.2,1702.6,221.9
ARUNACHAL PRADESH,1993,95.7,125.4,134.4,130.6,408.3,569.5,619.2,691.9,323.1,228.6,14.7,7.5,3348.9,221.1,673.3,2203.7,250.8
ARUNACHAL PRADESH,1994,48.2,72.6,215.3,232.1,382.9,416.1,233.0,280.2,225.0,161.6,14.1,6.2,2287.4,120.8,830.3,1154.3,181.9
ARUNACHAL PRADESH,1995,20.6,79.9,84.3,198.8,363.9,686.9,714.5,328.8,425.1,82.4,51.0,32.6,3068.8,100.5,647.0,2155.3,166.0
ARUNACHAL PRADESH,1996,35.7,56.2,163.6,171.4,398.2,316.2,593.0,372.1,191.2,212.5,9.1,1.4,2520.5,91.9,733.2,1472.5,223.0
ARUNACHAL PRADESH,1997,26.2,68.5,158.5,94.7,212.6,548.0,395.2,237.0,403.5,58.5,45.9,26.3,2274.9,94.7,465.8,1583.7,130.7
ARUNACHAL PRADESH,1998,26.7,78.8,193.6,125.0,275.0,839.8,823.8,807.0,236.8,187.2,20.5,2.5,3616.7,105.5,593.6,2707.4,210.2
ARUNACHAL PRADESH,1999,7.9,6.1,40.4,159.6,343.2,450.0,376.9,438.1,254.0,207.9,28.3,4.3,2316.6,14.0,543.2,1519.0,240.5
ARUNACHAL PRADESH,2000,54.1,47.1,139.9,293.8,267.2,459.8,395.4,387.4,407.4,81.3,53.9,9.6,2596.8,101.2,700.9,1650.0,144.8
ARUNACHAL PRADESH,2001,53.1,66.6,134.9,229.9,195.6,277.2,302.6,279.9,288.1,173.8,19.3,14.9,2036.0,119.7,560.4,1147.8,208.0
ARUNACHAL PRADESH,2002,74.2,37.2,126.3,248.2,197.1,396.8,604.0,290.7,257.9,94.0,45.0,17.9,2389.2,111.4,571.6,1549.4,156.9
ARUNACHAL PRADESH,2003,22.9,83.2,109.6,182.0,173.5,424.3,645.3,327.2,259.9,182.6,25.0,16.2,2451.8,106.1,465.1,1656.7,223.8
ARUNACHAL PRADESH,2004,38.0,39.1,175.5,210.2,298.7,402.9,654.3,243.0,278.5,184.8,5.6,15.2,2545.7,77.1,684.4,1578.7,205.6
ARUNACHAL PRADESH,2005,48.4,167.6,229.5,195.3,179.8,269.3,430.8,400.0,243.6,139.3,28.6,3.3,2335.5,216.0,604.6,1343.7,171.2
ARUNACHAL PRADESH,2006,6.0,103.7,63.3,202.7,321.7,520.4,382.2,227.6,263.2,77.2,69.7,21.7,2259.6,109.7,587.7,1393.4,168.6
ARUNACHAL PRADESH,2007,13.4,97.4,48.1,292.4,250.4,530.2,761.0,364.6,529.3,102.6,24.3,6.9,3020.7,110.8,590.9,2185.1,133.8
ARUNACHAL PRADESH,2008,76.7,39.7,122.6,192.4,185.0,423.6,456.1,439.3,189.7,115.1,1.7,2.6,2244.4,116.4,500.0,1508.7,119.4
ARUNACHAL PRADESH,2009,18.0,92.8,72.1,132.7,189.9,259.1,329.9,370.3,152.5,82.9,33.9,15.9,1749.9,110.8,394.7,1111.8,132.7
ARUNACHAL PRADESH,2010,0.6,13.2,237.8,466.9,312.7,509.9,378.0,321.5,444.2,97.7,58.9,14.2,2855.7,13.8,1017.4,1653.6,170.8
ARUNACHAL PRADESH,2011,40.0,51.3,174.5,240.8,219.6,288.4,531.4,277.6,286.7,51.9,16.2,15.2,2193.7,91.3,634.9,1384.1,83.3
ARUNACHAL PRADESH,2012,57.8,35.8,134.2,403.4,187.4,645.8,638.9,316.0,724.9,248.1,22.0,26.2,3440.3,93.6,725.0,2325.6,296.3
ARUNACHAL PRADESH,2013,18.5,40.5,115.1,175.1,335.8,290.0,329.6,230.2,316.1,164.1,13.3,14.6,2042.9,59.0,626.0,1165.9,192.0
ARUNACHAL PRADESH,2014,19.0,101.9,80.3,86.7,299.0,415.8,392.4,599.6,343.0,35.1,20.1,10.2,2403.2,120.9,466.0,1750.8,65.4
ARUNACHAL PRADESH,2015,30.8,47.5,97.5,287.1,238.9,637.9,329.3,595.5,374.2,65.2,33.8,29.8,2767.5,78.3,623.5,1936.9,128.8
ASSAM,1901,27.1,19.5,30.6,223.0,207.0,524.9,430.6,464.1,291.4,163.7,115.6,1.2,2498.6,46.6,460.6,1711.0,280.5
ASSAM,1902,9.3,10.2,105.6,350.0,262.1,620.7,510.8,536.0,441.3,97.0,7.8,1.3,2952.1,19.5,717.7,2108.8,106.1
ASSAM,1903,19.9,25.4,103.6,140.6,206.6,607.4,362.7,551.9,306.4,159.5,59.3,1.3,2544.7,45.3,450.8,1828.4,220.1
ASSAM,1904,11.1,56.1,51.9,457.1,375.2,385.7,477.6,438.8,245.9,115.9,46.4,2.5,2664.1,67.2,884.2,1548.0,164.8
ASSAM,1905,19.9,16.9,137.9,213.0,275.5,521.7,439.1,649.1,276.0,200.0,16.8,24.8,2790.6,36.8,626.4,1885.9,241.6
ASSAM,1906,9.7,59.2,88.4,263.5,271.3,388.4,541.8,585.9,264.2,165.7,24.9,0.2,2663.4,68.9,623.2,1780.3,190.8
ASSAM,1907,55.8,37.2,109.7,254.8,213.7,509.8,578.9,304.2,401.0,37.6,4.8,13.8,2521.1,93.0,578.2,1793.9,56.2
ASSAM,1908,16.2,25.1,20.7,176.6,332.7,390.8,477.2,339.4,403.4,91.9,3.8,0.0,2277.8,41.3,530.0,1610.8,95.7
ASSAM,1909,19.0,8.9,4.4,195.0,310.4,639.4,345.0,445.2,216.4,162.4,24.6,6.3,2377.0,27.9,509.8,1646.0,193.3
ASSAM,1910,9.2,32.1,152.8,211.5,274.6,582.5,738.3,418.3,247.8,199.7,16.2,4.3,2887.3,41.3,638.9,1986.9,220.2
ASSAM,1911,74.2,19.0,93.0,234.0,431.7,534.0,618.6,417.1,387.8,257.4,26.3,3.0,3096.2,93.2,758.7,1957.5,286.7
ASSAM,1912,9.0,57.8,126.1,301.0,250.2,482.7,567.0,453.4,236.8,181.5,68.4,9.5,2743.5,66.8,677.3,1739.9,259.4
ASSAM,1913,11.9,90.2,118.4,334.2,392.3,458.6,438.0,354.0,279.2,227.7,10.4,45.6,2760.5,102.1,844.9,1529.8,283.7
ASSAM,1914,6.3,79.1,69.9,219.6,317.9,403.9,396.4,472.9,292.3,67.6,10.6,7.4,2343.8,85.4,607.4,1565.5,85.6
ASSAM,1915,9.3,58.9,74.4,201.9,662.9,509.1,738.2,529.1,258.8,108.2,10.0,4.4,3165.1,68.2,939.2,2035.2,122.6
ASSAM,1916,20.0,28.0,118.4,227.9,340.6,367.3,475.3,430.7,308.8,244.9,32.8,6.3,2601.1,48.0,686.9,1582.1,284.0
ASSAM,1917,12.8,91.6,38.7,168.8,206.2,584.7,472.8,346.3,313.7,236.6,46.4,1.4,2519.9,104.4,413.7,1717.5,284.4
ASSAM,1918,4.6,16.1,125.5,152.2,287.4,659.4,805.0,604.8,373.2,70.7,6.8,1.1,3106.8,20.7,565.1,2442.4,78.6
ASSAM,1919,13.1,12.4,22.6,162.1,266.9,485.5,459.0,249.1,441.6,185.7,42.5,3.6,2344.2,25.5,451.6,1635.2,231.8
ASSAM,1920,4.8,51.0,228.1,184.8,282.7,523.8,309.8,521.5,382.6,129.5,3.3,1.8,2623.6,55.8,695.6,1737.7,134.6
ASSAM,1921,35.1,20.3,134.1,324.6,414.8,604.9,542.2,429.4,333.2,142.1,8.5,10.3,2999.7,55.4,873.5,1909.7,160.9
ASSAM,1922,16.6,4.9,77.8,168.7,233.1,548.9,418.4,379.4,265.6,129.9,9.3,9.4,2261.9,21.5,479.6,1612.3,148.6
ASSAM,1923,0.4,59.6,17.1,258.1,397.8,588.6,375.4,267.2,360.9,98.2,11.2,5.9,2440.6,60.0,673.0,1592.1,115.3
ASSAM,1924,10.6,22.7,20.0,221.9,299.4,473.9,609.0,434.0,346.0,127.0,126.9,0.2,2691.4,33.3,541.3,1862.9,254.1
ASSAM,1925,26.4,21.5,53.8,278.3,602.2,330.8,411.1,400.7,322.3,89.5,13.7,0.2,2550.5,47.9,934.3,1464.9,103.4
ASSAM,1926,23.4,23.2,156.9,140.8,253.9,559.3,576.5,354.7,189.2,193.7,6.4,33.6,2511.7,46.6,551.6,1679.7,233.7
ASSAM,1927,33.8,60.5,66.0,265.2,238.4,573.9,447.7,366.4,549.8,161.2,29.8,0.2,2793.1,94.3,569.6,1937.8,191.2
ASSAM,1928,8.3,21.1,61.0,138.9,446.5,420.6,428.1,448.2,343.5,294.8,21.6,1.5,2634.3,29.4,646.4,1640.4,317.9
ASSAM,1929,83.9,3.8,84.1,321.7,570.2,643.4,385.0,333.2,292.8,196.0,17.6,22.1,2953.8,87.7,976.0,1654.4,235.7
ASSAM,1930,18.0,41.0,99.8,199.4,209.8,686.9,287.8,438.5,299.1,149.9,114.4,6.2,2550.7,59.0,509.0,1712.3,270.5
ASSAM,1931,7.6,29.2,47.6,294.7,374.0,605.6,654.6,282.0,330.2,136.7,21.6,16.3,2800.1,36.8,716.3,1872.4,174.6
ASSAM,1932,14.9,36.7,59.1,163.2,488.6,628.5,454.6,467.3,355.8,108.4,90.9,20.6,2888.7,51.6,710.9,1906.2,219.9
ASSAM,1933,10.3,29.0,16.7,214.4,286.7,477.2,427.1,501.7,243.1,122.1,8.1,2.7,2339.1,39.3,517.8,1649.1,132.9
ASSAM,1934,18.5,68.2,27.1,301.2,444.6,754.5,553.2,361.8,246.8,232.8,59.8,6.3,3074.9,86.7,772.9,1916.3,298.9
ASSAM,1935,3.4,53.2,66.5,122.1,381.5,696.9,395.2,573.9,335.0,28.1,19.8,2.9,2678.4,56.6,570.1,2001.0,50.8
ASSAM,1936,13.6,58.7,75.7,217.8,422.8,456.1,559.9,356.4,283.5,179.6,24.0,23.2,2671.3,72.3,716.3,1655.9,226.8
ASSAM,1937,2.2,51.1,19.3,97.4,406.6,422.5,409.2,480.5,278.1,139.3,13.5,4.9,2324.6,53.3,523.3,1590.3,157.7
ASSAM,1938,27.2,16.2,138.0,202.0,247.3,581.0,510.6,435.2,431.4,141.8,55.2,0.6,2786.5,43.4,587.3,1958.2,197.6
ASSAM,1939,1.5,33.6,11.2,178.3,349.6,533.7,484.9,224.9,389.0,190.1,2.8,1.9,2401.6,35.1,539.1,1632.5,194.8
ASSAM,1940,1.5,57.9,180.8,72.6,391.9,500.5,435.4,330.8,353.7,98.1,19.0,9.5,2451.6,59.4,645.3,1620.4,126.6
ASSAM,1941,4.5,32.7,53.8,245.1,522.4,541.7,409.4,361.8,368.1,143.3,16.7,9.9,2709.5,37.2,821.3,1681.0,169.9
ASSAM,1942,7.4,25.3,130.9,233.5,469.1,618.8,332.9,328.8,462.9,40.0,27.5,0.0,2677.0,32.7,833.5,1743.4,67.5
ASSAM,1943,54.4,34.1,170.6,247.7,406.6,513.3,391.9,417.9,365.0,86.7,9.4,6.2,2703.7,88.5,824.9,1688.1,102.3
ASSAM,1944,39.2,21.3,62.9,139.0,518.0,490.6,386.9,304.1,455.6,89.7,7.2,9.9,2524.3,60.5,719.9,1637.2,106.8
ASSAM,1945,37.0,39.7,67.5,139.5,396.5,500.5,507.7,493.5,283.2,196.6,1.1,2.9,2665.7,76.7,603.5,1784.9,200.6
ASSAM,1946,0.4,19.4,102.6,178.5,328.0,582.6,547.0,297.9,266.8,346.3,8.6,1.4,2679.5,19.8,609.1,1694.3,356.3
ASSAM,1947,3.9,9.0,83.9,243.4,380.2,486.4,570.8,285.0,362.3,202.2,3.0,13.1,2643.3,12.9,707.5,1704.5,218.3
ASSAM,1948,10.1,42.4,59.5,260.4,681.2,599.4,534.8,448.3,314.4,176.6,50.6,7.8,3185.4,52.5,1001.1,1896.9,235.0
ASSAM,1949,22.9,23.1,76.0,371.0,335.9,683.4,444.1,461.9,392.6,148.3,13.0,11.1,2983.4,46.0,782.9,1982.0,172.4
ASSAM,1950,21.2,51.2,93.5,112.9,282.1,562.0,389.5,490.9,200.7,134.6,49.9,3.9,2392.4,72.4,488.5,1643.1,188.4
ASSAM,1951,4.9,3.3,53.5,242.9,250.4,588.8,550.5,387.4,209.7,270.5,46.2,5.8,2613.8,8.2,546.8,1736.4,322.5
ASSAM,1952,4.4,10.4,107.5,155.9,465.6,399.9,573.9,467.6,343.7,277.1,43.2,2.1,2851.3,14.8,729.0,1785.1,322.4
ASSAM,1953,18.0,13.3,227.3,157.4,377.7,405.5,461.9,284.5,451.5,144.0,5.8,13.1,2559.9,31.3,762.4,1603.4,162.9
ASSAM,1954,22.0,45.7,40.6,266.0,490.3,594.3,572.2,427.3,218.8,155.5,2.0,24.5,2859.1,67.7,796.9,1812.6,182.0
ASSAM,1955,9.2,9.5,143.5,210.2,328.8,546.5,567.0,415.8,283.3,149.3,89.6,8.5,2761.2,18.7,682.5,1812.6,247.4
ASSAM,1956,29.8,3.2,121.7,204.8,533.5,712.4,440.3,382.1,171.9,149.3,44.3,9.6,2802.9,33.0,860.0,1706.7,203.2
ASSAM,1957,66.9,33.5,20.1,136.0,449.2,446.0,407.2,366.6,208.7,99.9,12.2,10.7,2257.2,100.4,605.3,1428.5,122.8
ASSAM,1958,18.8,44.2,10.3,192.4,545.2,393.2,361.1,546.9,278.7,212.4,4.6,18.7,2626.4,63.0,747.9,1579.9,235.7
ASSAM,1959,30.8,45.6,109.9,144.1,470.6,517.6,364.2,255.9,286.8,301.7,8.3,0.2,2535.8,76.4,724.6,1424.5,310.2
ASSAM,1960,0.1,11.1,38.7,45.9,315.2,454.8,553.7,349.2,479.4,60.9,29.3,3.9,2342.2,11.2,399.8,1837.1,94.1
ASSAM,1961,11.5,19.7,253.8,123.0,355.8,335.4,352.9,347.4,226.1,128.1,34.8,6.9,2195.3,31.2,732.6,1261.8,169.8
ASSAM,1962,24.9,27.6,17.3,134.7,369.0,601.4,338.8,509.8,137.4,118.2,11.1,5.8,2295.9,52.5,521.0,1587.4,135.1
ASSAM,1963,3.3,7.9,51.1,183.3,288.4,596.0,557.3,432.0,211.7,144.1,29.4,7.2,2511.8,11.2,522.8,1797.0,180.7
ASSAM,1964,9.6,22.6,80.7,268.3,297.4,557.9,600.3,340.4,326.3,205.1,8.3,12.8,2729.6,32.2,646.4,1824.9,226.2
ASSAM,1965,5.1,73.6,52.5,158.2,327.1,501.0,399.6,422.1,304.0,82.4,60.8,12.5,2398.9,78.7,537.8,1626.7,155.7
ASSAM,1966,20.0,23.6,36.1,164.3,323.7,780.5,507.1,518.2,248.1,124.5,31.8,11.4,2789.3,43.6,524.1,2053.9,167.7
ASSAM,1967,11.4,37.3,105.9,112.0,287.5,395.7,497.7,258.9,300.6,97.6,14.5,4.2,2123.4,48.7,505.4,1452.9,116.3
ASSAM,1968,22.9,19.8,78.2,170.8,432.3,595.0,494.1,346.0,231.7,113.8,23.9,2.3,2530.8,42.7,681.3,1666.8,140.0
ASSAM,1969,27.4,1.8,99.7,178.7,254.1,567.2,461.1,446.7,185.4,80.9,27.5,1.8,2332.2,29.2,532.5,1660.4,110.2
ASSAM,1970,47.0,35.8,89.7,204.8,493.4,658.3,475.3,389.2,390.7,246.4,17.8,0.1,3048.4,82.8,787.9,1913.5,264.3
ASSAM,1971,36.9,18.4,37.6,142.9,236.3,437.1,407.9,474.8,231.6,199.5,80.0,12.1,2315.1,55.3,416.8,1551.4,291.6
ASSAM,1972,18.0,39.6,99.3,260.3,339.3,576.2,441.0,271.0,227.1,99.1,2.9,5.3,2379.1,57.6,698.9,1515.3,107.3
ASSAM,1973,9.8,82.8,28.9,252.1,324.5,634.4,364.6,395.0,348.6,128.7,67.4,35.3,2672.1,92.6,605.5,1742.6,231.4
ASSAM,1974,31.6,11.4,78.7,255.8,369.4,627.0,789.3,510.9,429.1,271.0,27.1,2.3,3403.5,43.0,703.9,2356.3,300.4
ASSAM,1975,10.0,22.3,18.8,227.9,321.2,337.6,522.4,314.8,299.1,172.7,18.0,5.8,2270.6,32.3,567.9,1473.9,196.5
ASSAM,1976,5.7,36.3,92.6,139.4,179.5,509.7,390.5,358.5,149.1,67.3,24.3,3.1,1956.0,42.0,411.5,1407.8,94.7
ASSAM,1977,9.1,16.2,74.4,375.1,391.6,405.0,461.3,461.9,176.9,175.7,47.7,21.8,2616.6,25.3,841.1,1505.1,245.2
ASSAM,1978,5.0,8.2,44.3,100.9,253.7,506.6,444.0,255.8,271.8,65.0,55.9,0.6,2011.9,13.2,398.9,1478.2,121.5
ASSAM,1979,3.3,8.7,38.2,93.8,225.6,307.8,640.1,252.4,342.3,216.6,23.4,36.2,2188.5,12.0,357.6,1542.6,276.2
ASSAM,1980,13.1,36.3,96.9,173.2,289.4,389.5,460.0,417.8,269.8,141.6,1.0,0.6,2289.2,49.4,559.5,1537.1,143.2
ASSAM,1981,29.6,30.7,91.0,152.1,251.5,273.1,543.5,340.7,274.5,47.5,9.0,36.1,2079.3,60.3,494.6,1431.8,92.6
ASSAM,1982,1.8,31.1,50.6,254.3,215.5,517.2,539.9,377.2,286.4,62.0,29.9,16.4,2382.2,32.9,520.4,1720.7,108.3
ASSAM,1983,16.4,37.8,90.0,165.9,278.2,362.0,582.9,450.2,449.1,156.7,7.0,24.0,2620.0,54.2,534.1,1844.2,187.7
ASSAM,1984,22.4,7.2,28.6,202.8,416.0,478.5,995.2,360.7,458.0,159.6,5.7,22.2,3157.0,29.6,647.4,2292.4,187.5
ASSAM,1985,8.7,32.3,152.6,268.1,335.0,496.0,714.6,349.4,335.1,74.4,15.8,19.7,2801.6,41.0,755.7,1895.1,109.9
ASSAM,1986,16.4,11.7,28.0,282.8,159.7,404.2,465.0,416.4,441.1,300.5,59.5,7.4,2592.8,28.1,470.5,1726.7,367.4
ASSAM,1987,8.8,27.8,110.4,197.6,199.0,525.8,766.5,433.0,445.4,157.8,37.6,11.9,2921.4,36.6,507.0,2170.7,207.3
ASSAM,1988,7.3,46.1,82.3,157.9,568.6,403.8,644.2,773.4,329.6,168.3,74.3,5.9,3261.7,53.4,808.8,2151.0,248.5
ASSAM,1989,10.5,51.6,30.4,183.4,260.1,488.8,747.0,267.9,425.8,194.1,16.2,6.5,2682.1,62.1,473.9,1929.5,216.8
ASSAM,1990,19.2,46.9,96.7,333.7,304.1,513.8,446.4,348.8,441.1,208.3,7.0,5.2,2771.2,66.1,734.5,1750.1,220.5
ASSAM,1991,13.7,30.2,62.1,175.7,495.8,517.8,440.5,388.2,437.3,226.2,9.4,41.1,2838.0,43.9,733.6,1783.8,276.7
ASSAM,1992,14.7,46.3,62.0,114.5,292.3,450.9,491.4,339.3,296.9,125.0,14.3,12.1,2259.8,61.0,468.8,1578.5,151.4
ASSAM,1993,73.3,96.9,86.1,138.5,374.0,619.5,576.9,477.5,296.0,130.3,8.2,2.0,2879.2,170.2,598.6,1969.9,140.5
ASSAM,1994,26.6,42.5,157.2,161.3,282.0,477.6,308.6,308.7,178.5,147.0,15.9,15.4,2121.3,69.1,600.5,1273.4,178.3
ASSAM,1995,8.7,39.7,42.0,145.7,299.1,663.3,558.4,543.3,404.0,80.7,94.0,7.1,2886.1,48.4,486.8,2169.0,181.8
ASSAM,1996,12.8,23.2,101.6,99.2,415.6,397.7,499.6,421.8,224.4,267.2,3.5,0.2,2466.9,36.0,616.4,1543.5,270.9
ASSAM,1997,18.2,40.7,91.8,131.9,241.8,569.9,511.2,315.5,366.8,36.4,12.6,35.4,2372.2,58.9,465.5,1763.4,84.4
ASSAM,1998,11.8,31.5,136.8,185.7,250.6,581.2,604.4,549.5,212.3,190.0,48.9,0.4,2803.1,43.3,573.1,1947.4,239.3
ASSAM,1999,2.4,0.5,38.7,150.6,466.8,429.0,596.7,487.5,196.9,208.6,14.1,2.3,2594.2,2.9,656.1,1710.1,225.0
ASSAM,2000,20.5,13.7,65.9,238.5,375.1,540.2,313.3,513.2,299.9,83.9,22.2,0.4,2487.0,34.2,679.5,1666.6,106.5
ASSAM,2001,5.5,39.7,30.9,198.6,266.4,399.8,451.1,295.6,266.8,201.4,20.5,2.3,2178.4,45.2,495.9,1413.3,224.2
ASSAM,2002,20.2,5.7,83.3,279.9,286.9,502.5,565.1,312.5,209.7,49.5,69.4,7.9,2392.7,25.9,650.1,1589.8,126.8
ASSAM,2003,9.5,41.5,96.9,213.8,235.8,551.4,481.2,290.7,250.0,231.8,13.0,18.6,2434.1,51.0,546.5,1573.3,263.4
ASSAM,2004,15.3,19.5,72.8,340.8,342.2,397.9,848.4,286.2,317.2,340.8,6.5,6.6,2994.3,34.8,755.8,1849.7,353.9
ASSAM,2005,22.8,30.5,172.2,207.5,281.2,373.9,474.5,501.9,174.9,218.6,8.9,1.3,2468.3,53.3,660.9,1525.2,228.8
ASSAM,2006,0.7,40.9,20.8,169.0,325.7,395.9,350.3,209.7,252.3,97.6,25.1,10.7,1898.6,41.6,515.5,1208.2,133.4
ASSAM,2007,1.5,73.7,23.5,242.7,219.8,489.7,682.7,308.0,494.7,164.7,47.7,4.0,2752.8,75.2,486.0,1975.1,216.4
ASSAM,2008,29.7,14.5,107.5,156.2,210.6,414.6,493.2,508.6,267.5,133.4,2.2,1.6,2339.7,44.2,474.3,1683.9,137.2
ASSAM,2009,7.9,11.6,44.9,134.9,246.5,321.1,426.3,533.8,192.3,135.9,9.0,4.0,2068.2,19.5,426.3,1473.5,148.9
ASSAM,2010,0.5,3.1,99.6,389.3,393.4,569.7,415.1,387.0,318.3,116.2,11.6,7.6,2711.5,3.6,882.3,1690.1,135.4
ASSAM,2011,11.1,11.4,109.0,92.1,238.3,316.0,395.8,302.6,221.6,30.2,11.9,3.5,1743.4,22.5,439.4,1236.0,45.6
ASSAM,2012,15.2,6.9,28.8,279.1,185.8,729.7,444.3,289.2,411.6,199.4,17.1,2.3,2609.4,22.1,493.7,1874.8,218.8
ASSAM,2013,1.1,9.6,44.0,112.8,346.7,286.2,367.8,289.7,229.3,126.3,1.0,2.0,1816.4,10.7,503.5,1173.0,129.3
ASSAM,2014,2.0,28.3,29.3,51.5,351.1,426.4,374.4,484.6,420.2,35.0,3.0,0.4,2206.1,30.3,431.9,1705.6,38.4
ASSAM,2015,13.4,15.5,37.5,250.9,332.5,558.5,300.1,590.9,279.9,62.6,14.0,15.2,2470.9,28.9,620.9,1729.4,91.8
BIHAR,1901,51.8,19.6,11.9,1.1,65.6,66.3,245.9,319.4,155.1,8.3,7.3,0.1,952.3,71.4,78.6,786.7,15.7
BIHAR,1902,4.6,0.7,24.3,17.3,66.3,118.2,361.0,225.5,358.7,28.5,1.1,0.0,1206.2,5.3,107.9,1063.4,29.6
BIHAR,1903,5.3,4.7,2.0,4.7,28.2,192.9,115.0,342.6,173.9,147.0,0.1,0.0,1016.3,10.0,34.9,824.4,147.1
BIHAR,1904,6.3,1.7,3.5,5.3,118.7,191.6,394.4,351.3,84.4,98.1,10.6,3.8,1269.5,8.0,127.5,1021.7,112.5
BIHAR,1905,16.0,30.1,32.6,21.4,77.5,50.5,409.1,495.3,353.9,11.6,0.0,0.6,1498.5,46.1,131.5,1308.8,12.2
BIHAR,1906,14.4,56.9,8.6,0.9,44.7,191.3,366.2,430.1,118.7,32.9,0.4,0.0,1265.1,71.3,54.2,1106.3,33.3
BIHAR,1907,1.3,55.2,39.4,27.0,32.9,232.2,282.4,242.2,206.9,4.8,0.0,2.1,1126.4,56.5,99.3,963.7,6.9
BIHAR,1908,14.7,38.6,6.1,2.2,36.7,94.0,202.3,167.3,149.9,25.4,0.0,0.3,737.5,53.3,45.0,613.5,25.7
BIHAR,1909,7.0,6.3,0.0,72.8,25.8,446.0,256.2,352.4,175.4,43.1,0.0,5.6,1390.5,13.3,98.6,1230.0,48.7
BIHAR,1910,2.4,4.8,6.6,5.7,51.5,279.5,365.1,328.8,258.5,73.8,21.7,0.0,1398.5,7.2,63.8,1231.9,95.5
BIHAR,1911,9.4,0.1,28.2,13.1,41.7,312.3,199.0,425.5,279.1,122.8,17.8,0.0,1449.2,9.5,83.0,1215.9,140.6
BIHAR,1912,5.5,8.5,23.9,25.4,62.7,146.8,362.4,302.9,104.7,14.0,72.6,0.0,1129.4,14.0,112.0,916.8,86.6
BIHAR,1913,0.0,38.0,18.1,1.4,106.1,379.9,258.8,363.0,270.3,61.0,0.5,32.8,1529.7,38.0,125.6,1272.0,94.3
BIHAR,1914,0.2,22.7,8.0,29.0,77.0,84.4,269.1,460.4,98.4,10.1,0.0,0.6,1059.8,22.9,114.0,912.3,10.7
BIHAR,1915,8.2,57.1,22.5,6.4,72.5,149.1,321.3,415.0,185.1,75.3,36.7,0.3,1349.4,65.3,101.4,1070.5,112.3
BIHAR,1916,0.6,16.5,0.3,25.3,25.1,270.3,445.6,325.2,265.2,130.1,0.4,0.0,1504.6,17.1,50.7,1306.3,130.5
BIHAR,1917,2.7,19.7,7.9,5.8,103.3,227.8,328.7,249.3,272.1,116.5,0.0,0.2,1334.1,22.4,117.0,1077.9,116.7
BIHAR,1918,0.6,0.1,1.8,29.5,105.4,251.6,240.3,519.2,254.4,8.6,0.1,0.0,1411.7,0.7,136.7,1265.5,8.7
BIHAR,1919,40.2,7.7,3.8,11.6,42.3,195.0,417.8,230.1,244.8,58.6,0.0,0.7,1252.7,47.9,57.7,1087.7,59.3
BIHAR,1920,0.0,19.2,31.0,2.6,28.8,108.9,361.6,228.5,337.6,5.6,0.0,0.0,1123.9,19.2,62.4,1036.6,5.6
BIHAR,1921,26.8,0.6,6.5,21.2,26.3,132.4,303.8,422.0,295.8,37.0,0.0,0.0,1272.2,27.4,54.0,1154.0,37.0
BIHAR,1922,12.2,4.6,0.0,9.6,22.0,345.8,427.3,363.5,241.3,15.7,0.7,6.5,1449.2,16.8,31.6,1377.9,22.9
BIHAR,1923,1.3,35.1,1.5,13.5,38.1,171.7,253.9,243.2,148.9,74.4,0.7,0.4,982.8,36.4,53.1,817.7,75.5
BIHAR,1924,2.5,12.7,1.8,8.8,14.8,170.6,514.0,295.7,320.3,53.1,61.7,0.2,1456.3,15.2,25.4,1300.6,115.0
BIHAR,1925,7.7,1.8,7.7,52.9,38.6,130.4,322.9,331.5,269.4,17.6,11.0,0.0,1191.5,9.5,99.2,1054.2,28.6
BIHAR,1926,16.3,0.6,29.7,12.8,47.0,48.1,451.5,276.0,211.6,17.6,1.8,8.7,1121.8,16.9,89.5,987.2,28.1
BIHAR,1927,24.2,36.4,31.9,3.1,52.9,115.9,301.5,242.7,231.4,21.5,38.6,0.2,1100.2,60.6,87.9,891.5,60.3
BIHAR,1928,41.2,21.5,0.1,18.3,54.3,208.0,377.2,272.9,83.3,164.3,0.9,7.6,1249.8,62.7,72.7,941.4,172.8
BIHAR,1929,51.6,1.1,11.4,16.2,33.1,190.2,328.8,326.3,124.7,231.4,0.0,44.4,1359.2,52.7,60.7,970.0,275.8
BIHAR,1930,11.6,7.6,13.6,6.6,28.6,144.6,298.2,247.8,290.9,30.4,24.0,10.4,1114.3,19.2,48.8,981.5,64.8
BIHAR,1931,1.3,32.4,11.4,1.6,27.5,75.9,441.3,218.8,248.2,76.1,11.2,0.7,1146.3,33.7,40.5,984.2,88.0
BIHAR,1932,0.0,8.2,0.5,14.8,26.6,152.1,164.3,249.3,191.2,32.4,78.7,8.9,926.9,8.2,41.9,756.9,120.0
BIHAR,1933,28.3,13.1,0.7,62.1,90.3,197.0,377.3,377.8,167.8,77.6,0.3,0.3,1392.6,41.4,153.1,1119.9,78.2
BIHAR,1934,30.1,13.7,3.0,9.1,22.0,165.5,432.6,251.3,231.2,55.2,9.8,2.8,1226.1,43.8,34.1,1080.6,67.8
BIHAR,1935,21.0,19.6,0.6,0.7,21.9,127.9,193.8,481.7,370.3,2.6,0.1,0.1,1240.4,40.6,23.2,1173.7,2.8
BIHAR,1936,7.7,6.9,4.6,7.7,84.3,188.9,462.2,261.5,449.2,88.8,0.4,10.3,1572.5,14.6,96.6,1361.8,99.5
BIHAR,1937,0.0,66.3,0.8,10.7,80.0,113.6,217.9,441.8,179.3,194.6,0.3,1.1,1306.4,66.3,91.5,952.6,196.0
BIHAR,1938,12.4,17.0,0.0,2.9,115.5,382.4,362.1,385.1,201.4,27.1,0.8,0.0,1506.7,29.4,118.4,1331.0,27.9
BIHAR,1939,5.0,42.3,11.3,1.7,41.5,230.4,315.0,277.1,262.0,56.9,0.0,0.0,1243.2,47.3,54.5,1084.5,56.9
BIHAR,1940,0.9,43.8,65.5,5.0,31.9,114.6,317.6,314.9,171.6,4.9,0.0,17.5,1088.3,44.7,102.4,918.7,22.4
BIHAR,1941,16.2,2.8,0.7,4.6,67.1,177.7,248.8,466.0,190.2,47.8,1.1,0.0,1223.1,19.0,72.4,1082.7,48.9
BIHAR,1942,34.4,43.5,14.7,18.2,28.1,174.7,253.5,330.4,347.2,7.0,0.0,0.9,1252.5,77.9,61.0,1105.8,7.9
BIHAR,1943,34.7,16.9,0.2,40.7,37.0,169.8,296.0,322.1,215.4,37.0,0.0,0.0,1169.9,51.6,77.9,1003.3,37.0
BIHAR,1944,27.3,32.6,42.0,34.1,21.9,223.9,253.5,322.8,221.3,48.5,0.2,0.8,1228.8,59.9,98.0,1021.5,49.5
BIHAR,1945,50.7,24.0,1.4,32.4,57.8,120.5,226.9,265.6,305.5,154.8,0.0,3.2,1242.9,74.7,91.6,918.5,158.0
BIHAR,1946,0.0,21.3,5.0,52.3,88.6,168.7,354.7,267.8,271.8,148.7,14.9,0.0,1393.7,21.3,145.9,1063.0,163.6
BIHAR,1947,5.6,5.6,10.2,7.5,57.7,89.4,394.4,244.6,215.3,61.5,0.1,0.3,1092.1,11.2,75.4,943.7,61.9
BIHAR,1948,11.1,7.5,3.6,11.3,46.3,114.6,409.0,329.8,248.9,81.0,36.2,0.0,1299.2,18.6,61.2,1102.3,117.2
BIHAR,1949,16.5,42.8,5.7,35.5,93.1,200.2,341.7,386.5,217.9,103.4,1.1,0.0,1444.4,59.3,134.3,1146.3,104.5
BIHAR,1950,9.8,11.8,22.1,2.2,43.3,346.5,257.0,313.3,113.4,3.0,0.1,2.1,1124.6,21.6,67.6,1030.2,5.2
BIHAR,1951,7.3,1.5,5.8,8.2,22.8,144.5,307.8,204.5,114.3,28.7,4.7,0.1,850.2,8.8,36.8,771.1,33.5
BIHAR,1952,1.1,10.3,20.1,24.6,57.0,272.5,212.5,291.9,297.7,15.4,3.4,0.4,1206.8,11.4,101.7,1074.6,19.2
BIHAR,1953,29.7,4.2,8.7,16.7,37.4,224.7,431.8,263.3,342.2,18.4,0.9,0.8,1378.7,33.9,62.8,1262.0,20.1
BIHAR,1954,12.5,8.4,0.8,0.6,40.9,166.6,366.1,308.6,129.5,15.1,0.2,1.3,1050.5,20.9,42.3,970.8,16.6
BIHAR,1955,20.0,6.7,2.3,11.9,28.2,172.5,505.7,268.7,192.2,35.7,0.3,0.1,1244.2,26.7,42.4,1139.1,36.1
BIHAR,1956,19.3,4.7,9.6,5.3,75.4,319.4,200.6,286.3,359.8,168.8,36.0,8.1,1493.4,24.0,90.3,1166.1,212.9
BIHAR,1957,75.2,2.8,11.6,0.5,1.3,115.6,334.5,295.8,115.2,11.6,0.0,2.7,966.9,78.0,13.4,861.1,14.3
BIHAR,1958,16.0,2.7,4.7,26.4,16.1,120.7,222.8,451.1,224.2,81.5,0.7,0.6,1167.4,18.7,47.2,1018.8,82.8
BIHAR,1959,81.2,1.5,9.4,18.6,35.7,132.3,245.8,264.2,157.1,233.8,0.0,0.1,1179.6,82.7,63.7,799.4,233.9
BIHAR,1960,1.4,0.1,42.7,5.2,49.9,117.6,357.4,285.5,348.1,37.9,2.0,0.0,1247.9,1.5,97.8,1108.6,39.9
BIHAR,1961,11.7,35.8,1.4,2.0,33.9,239.7,211.6,317.5,157.5,236.0,0.8,10.1,1258.1,47.5,37.3,926.3,246.9
BIHAR,1962,13.0,7.8,9.5,20.8,38.8,156.4,244.3,395.4,216.3,72.5,0.0,3.2,1178.1,20.8,69.1,1012.4,75.7
BIHAR,1963,3.4,1.7,9.4,17.5,78.9,154.0,375.4,273.5,255.7,138.7,17.8,0.2,1326.1,5.1,105.8,1058.6,156.7
BIHAR,1964,1.4,3.3,2.4,21.9,59.3,134.7,453.6,157.7,219.0,66.3,2.7,0.0,1122.5,4.7,83.6,965.0,69.0
BIHAR,1965,0.4,1.2,15.7,7.1,7.7,98.8,302.2,328.3,215.0,22.2,1.8,2.4,1002.7,1.6,30.5,944.3,26.4
BIHAR,1966,21.2,6.9,0.1,0.9,39.5,114.5,155.5,308.3,83.1,18.3,17.1,1.6,767.0,28.1,40.5,661.4,37.0
BIHAR,1967,0.2,0.1,38.6,30.6,23.6,80.7,278.2,282.1,253.8,10.3,0.1,1.5,999.9,0.3,92.8,894.8,11.9
BIHAR,1968,29.1,1.7,7.0,3.0,17.3,261.8,329.6,293.1,79.2,113.3,0.0,4.9,1140.1,30.8,27.3,963.7,118.2
BIHAR,1969,5.2,9.3,9.7,20.7,64.4,193.1,348.4,379.4,219.1,15.3,23.6,0.3,1288.6,14.5,94.8,1140.0,39.2
BIHAR,1970,22.1,13.4,3.2,17.9,39.2,194.6,284.2,235.6,229.5,34.5,0.4,0.0,1074.7,35.5,60.3,943.9,34.9
BIHAR,1971,17.3,14.6,5.1,91.4,81.5,278.0,307.0,367.9,129.2,138.6,1.9,0.0,1432.6,31.9,178.0,1082.1,140.5
BIHAR,1972,12.9,38.0,2.7,3.2,3.4,56.7,163.4,154.9,209.7,48.4,24.6,0.0,717.9,50.9,9.3,584.7,73.0
BIHAR,1973,22.9,10.2,3.8,4.4,65.0,200.9,185.1,258.9,271.4,158.2,8.3,0.0,1189.0,33.1,73.2,916.3,166.5
BIHAR,1974,3.9,0.7,21.9,9.9,39.1,129.4,451.6,317.5,229.2,28.0,0.3,3.7,1235.2,4.6,70.9,1127.7,32.0
BIHAR,1975,9.1,4.1,12.0,11.0,34.4,143.2,403.1,155.2,245.3,51.7,0.0,0.0,1069.1,13.2,57.4,946.8,51.7
BIHAR,1976,2.3,12.4,0.9,8.9,80.1,147.1,221.0,292.8,372.6,22.4,0.7,0.5,1161.7,14.7,89.9,1033.5,23.6
BIHAR,1977,5.3,2.9,1.3,17.0,83.7,102.5,375.5,266.0,121.0,147.1,8.1,17.3,1147.5,8.2,102.0,865.0,172.5
BIHAR,1978,13.4,27.8,16.8,24.5,51.8,190.4,313.6,252.6,248.6,142.8,4.8,3.7,1290.8,41.2,93.1,1005.2,151.3
BIHAR,1979,23.4,19.4,2.3,21.3,6.2,90.6,435.5,166.1,113.0,88.5,25.2,10.3,1001.9,42.8,29.8,805.2,124.0
BIHAR,1980,4.7,2.4,9.5,7.9,80.9,160.2,389.9,375.3,190.5,29.5,0.2,1.0,1252.2,7.1,98.3,1115.9,30.7
BIHAR,1981,31.3,5.7,14.3,47.9,86.3,107.9,580.1,311.3,168.8,1.0,6.1,3.9,1364.7,37.0,148.5,1168.1,11.0
BIHAR,1982,4.4,6.1,28.2,14.7,31.0,222.4,227.2,164.5,170.5,42.1,21.5,1.0,933.5,10.5,73.9,784.6,64.6
BIHAR,1983,13.1,1.7,8.0,45.0,81.1,101.2,353.8,195.8,220.6,69.9,0.0,14.1,1104.2,14.8,134.1,871.4,84.0
BIHAR,1984,28.6,33.9,1.3,11.2,65.6,353.4,476.4,216.9,219.0,15.4,1.5,3.0,1426.2,62.5,78.1,1265.7,19.9
BIHAR,1985,8.8,0.5,0.5,8.0,69.2,163.2,481.5,238.0,289.0,188.0,1.2,7.1,1455.0,9.3,77.7,1171.7,196.3
BIHAR,1986,1.1,13.9,0.5,16.0,94.3,168.4,395.7,263.5,221.1,124.2,1.3,22.1,1322.1,15.0,110.8,1048.7,147.6
BIHAR,1987,0.7,3.7,5.4,37.7,40.1,143.6,452.0,539.8,379.7,52.8,2.7,2.3,1660.4,4.4,83.2,1515.1,57.8
BIHAR,1988,1.2,15.3,27.3,46.9,46.2,174.5,364.5,459.4,153.2,33.7,1.5,13.8,1337.4,16.5,120.4,1151.6,49.0
BIHAR,1989,8.9,8.7,6.9,0.2,100.3,152.9,446.0,171.9,330.9,28.2,1.0,14.0,1269.9,17.6,107.4,1101.7,43.2
BIHAR,1990,0.3,30.2,13.8,14.0,83.3,156.6,485.5,204.4,201.2,49.7,0.0,0.2,1239.4,30.5,111.1,1047.7,49.9
BIHAR,1991,14.5,6.3,7.9,8.9,31.2,176.2,179.7,324.2,270.5,7.2,0.0,19.2,1045.7,20.8,48.0,950.6,26.4
BIHAR,1992,2.6,3.1,0.1,2.6,61.1,83.9,284.8,219.2,85.9,52.4,1.4,0.4,797.6,5.7,63.8,673.8,54.2
BIHAR,1993,9.4,4.0,24.5,24.5,51.1,154.8,209.1,357.3,320.0,34.3,19.3,0.1,1208.3,13.4,100.1,1041.2,53.7
BIHAR,1994,28.3,29.1,1.0,7.0,32.7,130.9,217.7,257.6,226.5,32.9,4.4,1.2,969.4,57.4,40.7,832.7,38.5
BIHAR,1995,6.8,11.6,2.0,0.1,6.7,162.9,227.5,335.7,279.1,11.4,44.4,23.8,1111.9,18.4,8.8,1005.2,79.6
BIHAR,1996,26.0,21.7,0.2,3.0,18.2,220.1,238.5,350.9,162.5,66.2,0.0,0.0,1107.2,47.7,21.4,972.0,66.2
BIHAR,1997,10.5,1.1,2.9,29.3,42.2,211.0,463.9,287.6,185.8,27.8,11.0,30.6,1303.7,11.6,74.4,1148.3,69.4
BIHAR,1998,8.4,11.2,23.6,26.6,38.2,96.6,465.1,377.4,188.0,83.0,14.5,0.0,1332.5,19.6,88.4,1127.1,97.5
BIHAR,1999,0.1,0.2,0.4,3.8,83.6,265.1,380.8,347.5,199.6,114.1,6.9,0.6,1402.7,0.3,87.8,1193.0,121.6
BIHAR,2000,0.5,12.1,3.6,37.2,96.2,267.2,264.3,201.4,314.8,9.6,0.0,0.1,1207.0,12.6,137.0,1047.7,9.7
BIHAR,2001,1.0,0.5,3.0,12.6,98.4,224.4,224.7,225.9,274.8,181.3,0.5,0.0,1247.0,1.5,114.0,949.8,181.8
BIHAR,2002,13.4,11.3,2.2,25.0,74.8,116.6,386.1,247.7,192.8,33.8,1.4,0.7,1105.8,24.7,102.0,943.2,35.9
BIHAR,2003,13.2,39.7,10.2,21.9,41.4,230.9,356.8,310.6,183.9,142.0,0.2,3.0,1353.9,52.9,73.5,1082.2,145.2
BIHAR,2004,22.7,2.1,2.2,32.0,72.7,246.8,418.4,175.9,115.3,56.4,3.1,0.0,1147.8,24.8,106.9,956.4,59.5
BIHAR,2005,13.9,14.3,12.1,7.7,28.6,82.5,300.0,309.1,105.1,34.3,0.0,0.2,907.8,28.2,48.4,796.7,34.5
BIHAR,2006,0.1,0.0,1.9,19.2,73.2,200.0,290.7,160.4,285.2,17.6,2.9,1.6,1052.8,0.1,94.3,936.3,22.1
BIHAR,2007,0.2,34.2,25.4,20.3,94.4,170.4,549.4,340.6,309.0,39.6,9.1,7.5,1600.2,34.4,140.1,1369.4,56.2
BIHAR,2008,25.6,4.4,3.2,10.4,48.9,291.2,397.2,278.1,117.1,21.4,0.1,0.0,1197.7,30.0,62.5,1083.6,21.5
BIHAR,2009,0.3,0.4,1.1,2.9,98.5,67.7,213.6,298.9,127.6,72.6,5.1,0.8,889.3,0.7,102.5,707.8,78.5
BIHAR,2010,0.1,1.1,0.2,6.5,44.4,80.9,191.2,158.4,105.7,33.6,5.0,2.1,629.2,1.2,51.1,536.2,40.7
BIHAR,2011,4.2,7.7,9.2,23.9,74.5,211.0,241.1,278.7,234.1,10.0,2.0,0.9,1097.1,11.9,107.6,964.9,12.9
BIHAR,2012,18.1,2.7,7.3,20.4,18.8,96.2,354.0,240.4,233.8,34.3,6.4,0.0,1032.4,20.8,46.5,924.4,40.7
BIHAR,2013,5.1,22.6,0.6,32.3,89.5,183.3,182.0,213.6,143.3,197.1,0.4,0.0,1069.9,27.7,122.4,722.2,197.5
BIHAR,2014,17.0,33.5,8.4,0.7,103.9,115.2,265.4,307.6,160.3,47.8,0.0,1.2,1061.0,50.5,113.0,848.5,49.0
BIHAR,2015,12.8,1.8,27.2,38.7,39.5,122.1,231.5,287.0,101.7,10.4,0.0,0.0,872.7,14.6,105.4,742.3,10.4
CHANDIGARH,1901,35.4,28.9,11.1,0.0,5.1,13.2,126.4,151.5,10.5,2.0,0.0,6.1,390.1,64.3,16.2,301.6,8.1
CHANDIGARH,1902,0.0,0.7,2.9,10.2,15.8,74.6,149.3,97.1,59.8,9.3,0.0,0.0,419.8,0.7,28.9,380.8,9.3
CHANDIGARH,1903,14.7,0.5,2.3,0.5,8.5,8.6,151.6,138.2,97.7,4.0,0.0,2.3,428.9,15.2,11.3,396.1,6.3
CHANDIGARH,1904,7.6,0.7,48.0,0.5,29.3,34.3,109.7,162.9,102.3,1.5,10.4,20.3,527.8,8.3,77.8,409.2,32.2
CHANDIGARH,1905,44.8,20.8,14.0,1.3,7.4,20.1,93.6,23.1,92.6,0.0,0.0,5.1,322.9,65.6,22.7,229.4,5.1
CHANDIGARH,1906,3.6,64.1,31.4,0.1,1.4,70.2,128.9,103.8,185.2,0.0,0.0,5.0,593.6,67.7,32.9,488.1,5.0
CHANDIGARH,1907,14.3,42.8,25.9,33.5,7.8,20.0,123.2,175.3,1.0,0.1,0.0,0.0,443.9,57.1,67.2,319.5,0.1
CHANDIGARH,1908,31.4,6.1,0.1,7.6,22.4,14.5,196.6,398.2,10.1,0.3,1.1,0.6,689.0,37.5,30.1,619.4,2.0
CHANDIGARH,1909,5.9,13.1,0.0,78.1,2.8,123.7,228.7,118.9,162.4,3.1,0.0,32.7,769.3,19.0,80.9,633.7,35.8
CHANDIGARH,1910,19.7,5.1,0.1,2.1,3.1,69.0,107.9,150.4,159.7,87.3,0.0,0.8,605.2,24.8,5.3,487.0,88.1
CHANDIGARH,1911,66.5,1.3,53.3,0.7,0.1,53.1,26.3,49.3,208.7,10.7,39.7,0.0,509.7,67.8,54.1,337.4,50.4
CHANDIGARH,1912,43.4,12.5,9.0,9.2,2.8,26.5,161.1,134.2,119.5,0.0,10.5,0.5,529.3,55.9,21.0,441.3,11.0
CHANDIGARH,1913,1.1,42.9,22.4,1.9,69.7,111.8,142.9,82.3,22.6,0.7,0.9,9.3,508.4,44.0,94.0,359.6,10.9
CHANDIGARH,1914,2.3,7.0,4.7,22.7,21.0,51.1,252.0,100.0,182.9,18.7,2.0,0.3,664.7,9.3,48.4,586.0,21.0
CHANDIGARH,1915,30.7,49.1,40.9,7.1,8.0,39.9,66.9,69.9,101.7,6.4,0.0,1.8,422.4,79.8,56.0,278.4,8.2
CHANDIGARH,1916,0.5,15.7,0.2,2.3,12.5,71.2,139.7,217.7,107.8,61.6,0.0,0.0,629.1,16.2,15.0,536.4,61.6
CHANDIGARH,1917,6.1,7.4,3.2,34.5,25.8,64.6,164.3,210.9,361.5,101.0,0.0,7.5,986.7,13.5,63.5,801.3,108.5
CHANDIGARH,1918,10.0,0.0,11.1,9.9,1.1,34.3,20.0,142.1,5.0,0.3,0.8,0.0,234.7,10.0,22.1,201.4,1.1
CHANDIGARH,1919,61.0,2.7,8.4,2.3,14.8,7.0,208.7,172.1,50.6,0.0,3.4,22.8,553.7,63.7,25.5,438.4,26.2
CHANDIGARH,1920,11.2,12.9,13.2,0.2,21.6,73.0,194.8,30.8,9.6,1.4,0.0,0.1,368.8,24.1,35.0,308.2,1.5
CHANDIGARH,1921,21.3,1.2,0.5,1.4,0.0,13.7,100.2,189.5,86.1,29.5,0.0,3.0,446.5,22.5,1.9,389.5,32.5
CHANDIGARH,1922,14.3,4.5,0.6,0.6,1.4,86.7,139.6,99.7,176.5,1.7,0.0,27.1,552.9,18.8,2.6,502.5,28.8
CHANDIGARH,1923,17.0,52.7,0.8,0.1,19.7,24.8,183.7,221.3,17.6,9.1,0.3,34.4,581.5,69.7,20.6,447.4,43.8
CHANDIGARH,1924,48.5,18.9,2.0,1.3,5.5,18.5,98.3,151.3,247.5,45.5,2.5,15.0,654.8,67.4,8.8,515.6,63.0
CHANDIGARH,1925,4.8,0.1,0.1,3.1,11.2,153.8,247.0,108.6,10.2,5.7,12.2,0.3,557.2,4.9,14.4,519.6,18.2
CHANDIGARH,1926,9.4,9.3,39.2,10.3,33.4,18.4,190.0,257.4,45.5,0.6,2.4,0.1,615.9,18.7,82.9,511.3,3.1
CHANDIGARH,1927,0.2,34.1,14.8,7.4,13.9,12.2,160.9,163.9,42.7,18.1,1.7,32.5,502.5,34.3,36.1,379.7,52.3
CHANDIGARH,1928,21.5,28.3,3.4,5.9,3.7,36.5,131.0,77.6,35.6,7.6,20.3,16.8,388.2,49.8,13.0,280.7,44.7
CHANDIGARH,1929,15.2,0.1,0.0,9.5,3.7,18.7,135.2,82.8,11.4,3.8,0.0,26.2,306.6,15.3,13.2,248.1,30.0
CHANDIGARH,1930,28.4,11.4,4.0,1.8,3.4,68.6,266.5,78.4,32.3,2.8,0.9,2.1,500.5,39.8,9.2,445.8,5.8
CHANDIGARH,1931,0.4,17.0,14.2,0.3,7.8,11.1,198.7,122.5,109.5,37.4,0.0,0.1,519.2,17.4,22.3,441.8,37.5
CHANDIGARH,1932,3.0,2.0,26.2,4.8,6.1,14.3,136.8,113.4,117.5,0.0,0.0,15.8,440.1,5.0,37.1,382.0,15.8
CHANDIGARH,1933,1.1,19.5,10.8,6.7,43.2,105.1,131.4,227.3,293.1,17.0,0.4,1.3,856.9,20.6,60.7,756.9,18.7
CHANDIGARH,1934,21.6,1.0,47.6,0.7,2.0,64.6,140.8,199.1,18.3,0.0,0.0,5.6,501.4,22.6,50.3,422.8,5.6
CHANDIGARH,1935,35.1,25.1,7.1,29.2,0.7,5.3,208.9,132.3,97.0,7.5,6.0,14.2,568.3,60.2,37.0,443.5,27.7
CHANDIGARH,1936,1.6,18.2,6.8,0.7,3.3,141.3,124.4,125.7,61.3,0.1,1.2,26.5,511.1,19.8,10.8,452.7,27.8
CHANDIGARH,1937,0.8,75.8,5.3,20.3,5.2,43.7,171.6,39.3,109.8,0.4,0.3,9.1,481.7,76.6,30.8,364.4,9.8
CHANDIGARH,1938,38.2,7.7,0.4,1.1,7.4,61.7,89.7,56.9,8.1,7.6,0.1,0.0,278.8,45.9,8.9,216.4,7.7
CHANDIGARH,1939,1.9,38.5,20.2,0.5,0.3,88.8,62.7,32.9,63.3,1.2,0.0,0.0,310.2,40.4,21.0,247.7,1.2
CHANDIGARH,1940,28.2,35.6,11.9,6.7,1.7,38.7,117.4,142.3,12.6,0.2,0.0,0.4,395.7,63.8,20.3,311.0,0.6
CHANDIGARH,1941,59.2,5.1,2.2,0.0,16.2,96.3,41.0,90.1,46.4,3.9,0.0,3.5,363.9,64.3,18.4,273.8,7.4
CHANDIGARH,1942,24.9,48.6,2.2,11.7,7.3,48.2,257.5,237.6,154.2,0.3,0.0,11.9,804.5,73.5,21.2,697.5,12.2
CHANDIGARH,1943,19.6,2.1,2.4,14.7,8.5,28.8,129.6,112.4,89.7,0.0,0.0,0.1,407.9,21.7,25.6,360.5,0.1
CHANDIGARH,1944,21.5,32.9,35.1,27.6,0.5,52.2,150.7,99.0,38.8,24.8,0.6,0.6,484.2,54.4,63.2,340.7,26.0
CHANDIGARH,1945,41.5,0.0,2.4,6.5,7.9,36.5,120.0,122.3,312.5,5.1,0.0,0.0,654.6,41.5,16.8,591.3,5.1
CHANDIGARH,1946,0.1,9.7,1.7,3.4,27.0,72.0,122.9,155.4,17.3,15.6,1.0,11.6,437.8,9.8,32.1,367.6,28.2
CHANDIGARH,1947,17.2,15.8,7.2,0.6,3.0,13.7,22.9,80.6,292.9,4.5,0.0,6.2,464.5,33.0,10.8,410.1,10.7
CHANDIGARH,1948,34.4,31.4,18.8,1.1,4.8,16.0,212.4,233.0,34.6,4.3,0.9,0.3,592.1,65.8,24.7,496.0,5.5
CHANDIGARH,1949,3.4,27.9,0.7,1.2,5.9,12.1,287.9,58.3,84.7,1.2,0.0,2.0,485.3,31.3,7.8,443.0,3.2
CHANDIGARH,1950,22.2,6.5,18.1,0.5,6.1,9.7,220.4,147.6,118.7,0.0,0.0,1.4,551.1,28.7,24.7,496.4,1.4
CHANDIGARH,1951,8.2,0.4,33.6,11.6,9.1,21.3,56.0,135.4,35.0,0.2,27.4,0.0,338.2,8.6,54.3,247.7,27.6
CHANDIGARH,1952,8.2,17.8,12.0,2.6,10.8,67.1,122.5,311.0,1.3,0.0,0.0,3.2,556.3,26.0,25.4,501.9,3.2
CHANDIGARH,1953,39.5,1.6,0.0,4.1,5.9,58.9,241.0,154.9,48.4,0.9,0.0,6.6,561.9,41.1,10.0,503.2,7.5
CHANDIGARH,1954,26.1,91.0,10.1,0.4,3.9,26.7,152.3,45.6,136.6,43.9,0.3,0.0,537.0,117.1,14.4,361.2,44.2
CHANDIGARH,1955,32.8,1.9,7.7,7.3,12.7,66.1,100.3,173.1,159.3,129.4,2.8,0.6,694.1,34.7,27.7,498.8,132.8
CHANDIGARH,1956,16.6,3.1,25.6,0.8,2.4,50.8,239.1,159.5,19.5,131.3,4.4,0.6,653.8,19.7,28.8,468.9,136.3
CHANDIGARH,1957,53.2,0.2,28.9,2.8,6.9,24.4,190.6,101.6,149.6,26.6,7.7,24.7,617.2,53.4,38.6,466.2,59.0
CHANDIGARH,1958,4.1,0.7,5.4,1.9,4.4,17.0,150.0,182.7,273.4,21.8,1.0,10.6,673.0,4.8,11.7,623.1,33.4
CHANDIGARH,1959,28.4,8.0,3.8,0.4,13.2,25.3,103.8,163.8,102.8,16.1,19.3,0.1,484.9,36.4,17.4,395.7,35.5
CHANDIGARH,1960,11.3,0.0,24.4,4.2,1.3,33.1,249.9,339.0,15.6,35.2,0.0,8.9,722.9,11.3,29.9,637.6,44.1
CHANDIGARH,1961,40.2,29.9,0.4,4.6,11.0,46.2,150.1,251.4,52.4,25.8,6.6,9.2,627.9,70.1,16.0,500.1,41.6
CHANDIGARH,1962,21.1,10.4,7.7,1.3,1.5,14.0,144.7,111.5,189.4,0.0,2.9,6.5,511.0,31.5,10.5,459.6,9.4
CHANDIGARH,1963,3.1,4.1,4.4,2.0,3.9,40.7,55.3,307.6,85.3,0.0,9.0,6.3,521.8,7.2,10.3,488.9,15.3
CHANDIGARH,1964,4.7,1.5,0.9,0.4,14.6,8.8,370.7,191.5,111.2,0.6,0.1,6.0,710.9,6.2,15.9,682.2,6.7
CHANDIGARH,1965,6.2,11.5,7.3,8.6,20.4,2.1,120.3,133.3,60.9,11.0,0.1,0.2,381.9,17.7,36.3,316.6,11.3
CHANDIGARH,1966,3.3,34.0,6.7,1.7,45.3,128.9,98.2,312.8,69.1,6.7,1.0,0.2,707.7,37.3,53.7,609.0,7.9
CHANDIGARH,1967,0.0,2.4,43.4,0.9,13.0,33.1,224.3,336.0,96.3,7.8,13.8,68.9,839.9,2.4,57.3,689.7,90.5
CHANDIGARH,1968,14.1,15.9,17.3,0.0,2.3,28.3,211.2,90.1,0.1,7.0,0.0,2.0,388.3,30.0,19.6,329.7,9.0
CHANDIGARH,1969,1.5,6.8,9.7,3.6,21.0,11.3,130.9,132.7,158.8,0.3,0.6,0.0,477.2,8.3,34.3,433.7,0.9
CHANDIGARH,1970,35.4,35.4,9.4,0.0,11.5,67.2,65.7,207.9,104.9,0.8,0.0,0.0,538.2,70.8,20.9,445.7,0.8
CHANDIGARH,1971,17.0,18.9,1.1,7.5,58.7,61.3,148.4,259.2,51.6,11.3,1.8,0.0,636.8,35.9,67.3,520.5,13.1
CHANDIGARH,1972,6.8,12.1,5.6,11.6,0.1,24.9,137.1,186.0,12.6,7.7,33.1,3.2,440.8,18.9,17.3,360.6,44.0
CHANDIGARH,1973,15.8,5.2,3.2,0.5,32.9,75.1,118.3,189.8,57.6,19.7,0.0,9.0,527.2,21.0,36.6,440.8,28.7
CHANDIGARH,1974,0.5,1.3,1.6,0.9,4.6,37.9,201.5,94.5,12.2,16.4,0.0,13.5,384.9,1.8,7.1,346.1,29.9
CHANDIGARH,1975,20.3,2.9,9.3,0.3,5.6,57.9,182.6,180.1,142.4,20.6,0.0,0.0,622.1,23.2,15.2,563.0,20.6
CHANDIGARH,1976,8.8,23.1,6.8,2.7,32.4,80.2,216.2,317.4,38.0,0.2,0.1,0.8,726.7,31.9,41.9,651.8,1.1
CHANDIGARH,1977,50.1,1.5,0.8,22.8,23.6,50.6,288.4,165.7,118.3,8.4,0.5,9.4,740.1,51.6,47.2,623.0,18.3
CHANDIGARH,1978,0.2,24.8,51.7,4.2,1.5,71.5,202.7,184.8,104.5,2.1,2.8,0.5,651.1,25.0,57.4,563.5,5.4
CHANDIGARH,1979,23.2,45.5,10.7,3.5,30.0,33.6,122.7,39.7,19.9,3.6,2.8,6.3,341.5,68.7,44.2,215.9,12.7
CHANDIGARH,1980,5.8,2.3,22.0,0.4,8.9,45.5,236.5,102.0,50.2,13.4,4.9,21.4,513.2,8.1,31.3,434.2,39.7
CHANDIGARH,1981,25.7,13.3,34.6,0.5,18.0,63.3,196.7,63.7,34.7,0.1,42.1,0.6,493.4,39.0,53.1,358.4,42.8
CHANDIGARH,1982,21.4,20.0,70.7,33.1,57.3,29.9,99.2,150.4,5.4,3.2,2.4,13.6,506.6,41.4,161.1,284.9,19.2
CHANDIGARH,1983,38.0,5.3,6.4,82.5,35.3,29.5,218.3,240.7,79.8,5.4,0.0,3.3,744.5,43.3,124.2,568.3,8.7
CHANDIGARH,1984,1.9,14.5,0.4,2.7,0.7,48.6,154.2,179.5,75.5,0.9,0.0,0.3,479.2,16.4,3.8,457.8,1.2
CHANDIGARH,1985,3.5,0.3,1.1,8.1,3.1,44.2,256.9,152.4,35.9,42.6,0.0,24.3,572.4,3.8,12.3,489.4,66.9
CHANDIGARH,1986,7.2,31.0,12.7,3.3,36.0,85.1,92.5,108.9,52.9,11.2,0.7,9.5,450.9,38.2,52.0,339.4,21.4
CHANDIGARH,1987,21.3,27.8,12.4,6.4,62.5,27.7,26.4,106.6,18.0,3.2,0.0,6.3,318.6,49.1,81.3,178.7,9.5
CHANDIGARH,1988,1.5,13.2,34.5,3.6,3.4,82.4,288.5,222.5,183.4,0.0,0.1,12.0,845.0,14.7,41.5,776.8,12.1
CHANDIGARH,1989,40.1,0.4,11.7,0.6,2.3,31.6,90.8,152.5,68.7,0.2,5.2,12.4,416.5,40.5,14.6,343.6,17.8
CHANDIGARH,1990,0.0,79.5,4.9,2.2,21.9,25.3,201.2,137.7,194.5,2.7,14.1,19.2,703.1,79.5,29.0,558.7,36.0
CHANDIGARH,1991,0.1,19.7,2.9,13.2,6.0,50.4,55.3,187.9,36.9,1.4,3.8,16.2,393.9,19.8,22.1,330.5,21.4
CHANDIGARH,1992,20.3,16.4,0.5,1.2,7.8,17.2,124.5,171.6,59.0,3.8,7.2,0.0,429.7,36.7,9.5,372.3,11.0
CHANDIGARH,1993,4.5,16.1,11.3,5.4,8.8,42.0,274.6,35.6,125.4,0.0,0.0,0.0,523.8,20.6,25.5,477.6,0.0
CHANDIGARH,1994,20.1,11.3,0.6,7.6,8.5,51.3,275.8,160.6,28.2,0.0,0.1,0.2,564.4,31.4,16.7,515.9,0.3
CHANDIGARH,1995,38.8,21.7,9.8,4.9,0.6,47.2,115.0,405.3,175.3,0.2,0.1,0.3,819.1,60.5,15.3,742.8,0.6
CHANDIGARH,1996,16.0,30.5,11.6,0.6,5.1,109.4,85.8,249.2,116.3,19.9,0.0,0.3,644.6,46.5,17.3,560.7,20.2
CHANDIGARH,1997,6.6,2.2,14.6,35.3,38.0,60.2,133.6,226.8,36.9,53.7,13.4,47.3,668.6,8.8,87.9,457.5,114.4
CHANDIGARH,1998,0.4,24.6,25.4,9.1,6.1,68.4,154.8,161.6,150.9,78.2,5.8,0.0,685.3,25.0,40.6,535.7,84.0
CHANDIGARH,1999,31.7,0.7,1.4,0.0,20.1,42.2,109.8,78.7,54.7,4.8,0.0,0.4,344.4,32.4,21.5,285.4,5.2
CHANDIGARH,2000,17.1,29.1,1.4,1.3,22.8,58.9,146.8,87.9,17.5,0.0,0.4,1.2,384.4,46.2,25.5,311.1,1.6
CHANDIGARH,2001,17.8,5.2,7.2,19.8,47.8,117.2,145.2,103.5,10.3,11.1,0.1,0.2,485.5,23.0,74.8,376.2,11.4
CHANDIGARH,2002,11.6,31.1,9.0,1.1,52.0,21.2,19.4,78.2,123.0,1.9,0.0,8.8,357.2,42.7,62.1,241.8,10.7
CHANDIGARH,2003,14.7,29.9,4.0,1.8,7.5,26.6,277.6,165.3,58.9,0.0,0.1,11.0,597.6,44.6,13.3,528.4,11.1
CHANDIGARH,2004,25.4,0.3,0.0,18.1,40.7,52.5,19.9,252.9,22.1,54.1,0.0,1.2,487.3,25.7,58.8,347.4,55.3
CHANDIGARH,2005,13.9,35.7,29.9,2.7,7.6,53.9,175.6,52.6,146.7,0.0,0.8,0.0,519.5,49.6,40.2,428.8,0.8
CHANDIGARH,2006,2.3,0.1,30.4,0.6,24.8,45.4,135.2,32.1,49.9,3.8,1.2,5.2,330.9,2.4,55.8,262.6,10.2
CHANDIGARH,2007,0.5,76.0,40.1,2.0,12.4,88.7,82.0,87.9,55.2,0.1,0.3,1.4,446.6,76.5,54.5,313.8,1.8
CHANDIGARH,2008,2.4,0.4,0.6,13.4,72.9,193.5,124.3,174.2,114.5,8.4,5.5,0.2,710.4,2.8,86.9,606.5,14.1
CHANDIGARH,2009,4.1,5.9,5.7,11.7,17.7,15.2,106.4,63.8,160.8,2.5,1.1,0.4,395.4,10.0,35.1,346.2,4.0
CHANDIGARH,2010,4.8,10.2,0.5,0.8,5.9,29.1,189.3,198.5,183.9,1.1,3.5,12.8,640.5,15.0,7.2,600.8,17.4
CHANDIGARH,2011,0.7,26.7,6.9,8.9,28.7,94.4,85.0,127.3,133.1,0.0,0.0,0.4,512.0,27.4,44.5,439.8,0.4
CHANDIGARH,2012,8.2,0.2,0.1,11.8,3.8,5.3,68.1,196.6,90.7,2.4,0.6,3.5,391.4,8.4,15.7,360.7,6.5
CHANDIGARH,2013,21.1,52.2,5.3,3.3,1.4,62.1,96.5,161.9,42.8,10.9,1.7,2.1,461.2,73.3,10.0,363.3,14.7
CHANDIGARH,2014,13.0,17.3,26.8,7.5,20.3,25.9,72.3,34.8,67.3,10.5,0.2,9.6,305.5,30.3,54.6,200.3,20.3
CHANDIGARH,2015,12.4,6.6,71.8,34.8,8.4,43.7,130.3,89.2,32.1,3.7,2.3,0.2,435.3,19.0,115.0,295.3,6.2
CHHATTISGARH,1901,48.9,116.5,27.8,5.5,18.4,101.6,381.0,476.7,182.8,27.3,0.4,0.0,1387.0,165.4,51.7,1142.1,27.7
CHHATTISGARH,1902,0.6,6.5,0.4,13.9,10.3,37.2,403.8,236.6,198.1,4.7,8.1,3.7,923.9,7.1,24.6,875.7,16.5
CHHATTISGARH,1903,6.2,13.9,0.4,6.8,51.1,110.7,365.9,396.0,212.0,168.0,0.1,0.0,1331.2,20.1,58.3,1084.6,168.1
CHHATTISGARH,1904,0.0,8.6,32.3,0.2,77.5,369.5,303.6,483.6,86.8,129.3,1.0,0.0,1492.4,8.6,110.0,1243.5,130.3
CHHATTISGARH,1905,50.3,22.6,19.0,24.6,31.8,40.4,443.7,270.8,338.8,8.9,0.0,0.0,1251.1,72.9,75.4,1093.7,8.9
CHHATTISGARH,1906,25.0,91.0,52.5,0.0,4.1,210.1,445.2,258.3,242.3,41.2,10.2,14.7,1394.6,116.0,56.6,1155.9,66.1
CHHATTISGARH,1907,4.0,40.2,41.7,39.4,4.5,286.5,233.6,494.4,141.8,0.1,7.3,15.3,1308.8,44.2,85.6,1156.3,22.7
CHHATTISGARH,1908,8.4,67.1,6.3,1.5,6.5,182.4,465.9,590.0,146.7,12.9,0.0,1.1,1488.7,75.5,14.3,1385.0,14.0
CHHATTISGARH,1909,11.3,5.8,3.1,112.8,6.1,266.1,473.9,210.8,142.8,6.7,0.0,44.7,1284.1,17.1,122.0,1093.6,51.4
CHHATTISGARH,1910,9.0,0.6,3.7,21.5,13.3,246.0,296.6,441.4,265.2,92.6,17.4,0.0,1407.2,9.6,38.5,1249.2,110.0
CHHATTISGARH,1911,2.2,0.0,21.7,0.8,9.0,366.7,215.7,474.6,244.6,131.6,37.4,0.0,1504.1,2.2,31.5,1301.6,169.0
CHHATTISGARH,1912,3.1,73.9,1.0,22.6,11.3,62.3,422.5,411.9,194.0,13.0,11.3,0.0,1227.0,77.0,34.9,1090.7,24.3
CHHATTISGARH,1913,4.3,85.4,31.8,4.1,35.8,246.0,374.4,285.6,122.2,24.9,6.2,14.0,1234.6,89.7,71.7,1028.2,45.1
CHHATTISGARH,1914,0.0,7.9,21.0,38.6,51.5,186.1,493.8,373.0,234.1,5.0,0.2,6.8,1418.1,7.9,111.1,1287.0,12.0
CHHATTISGARH,1915,25.0,42.4,19.7,16.6,21.2,131.3,364.6,435.9,251.0,121.0,27.2,0.0,1455.9,67.4,57.5,1182.8,148.2
CHHATTISGARH,1916,0.0,26.5,2.1,6.9,20.2,325.5,289.4,374.6,199.2,178.4,20.3,0.0,1443.0,26.5,29.2,1188.7,198.7
CHHATTISGARH,1917,3.6,63.7,26.6,10.8,44.0,296.9,374.0,475.2,287.8,144.1,0.3,0.7,1727.7,67.3,81.4,1433.9,145.1
CHHATTISGARH,1918,14.1,4.5,1.9,10.7,48.3,431.2,238.0,490.9,122.5,1.7,4.7,8.8,1377.2,18.6,60.9,1282.6,15.2
CHHATTISGARH,1919,98.3,65.2,30.1,13.5,33.0,396.5,392.9,511.2,152.4,150.6,13.9,1.4,1859.0,163.5,76.6,1453.0,165.9
CHHATTISGARH,1920,1.7,2.6,21.9,25.6,23.4,97.0,542.5,391.5,92.0,5.2,0.0,0.0,1203.4,4.3,70.9,1123.0,5.2
CHHATTISGARH,1921,39.6,1.6,0.0,6.2,0.0,335.4,311.4,401.8,210.9,12.3,0.0,0.0,1319.4,41.2,6.2,1259.5,12.3
CHHATTISGARH,1922,21.1,1.2,0.5,12.7,9.5,180.2,416.7,305.2,297.6,23.5,38.9,1.7,1308.8,22.3,22.7,1199.7,64.1
CHHATTISGARH,1923,3.9,27.1,15.2,9.7,5.3,103.8,374.6,582.3,194.9,61.9,8.0,0.5,1387.2,31.0,30.2,1255.6,70.4
CHHATTISGARH,1924,32.3,11.1,5.9,9.0,18.0,83.5,310.3,329.5,330.6,79.5,124.5,0.1,1334.2,43.4,32.9,1053.9,204.1
CHHATTISGARH,1925,0.2,0.5,0.3,10.6,88.6,368.8,560.4,476.6,166.8,45.1,19.1,0.0,1737.1,0.7,99.5,1572.6,64.2
CHHATTISGARH,1926,33.2,10.7,99.7,63.3,45.3,55.3,374.4,555.5,330.5,63.4,0.2,3.3,1634.9,43.9,208.3,1315.7,66.9
CHHATTISGARH,1927,11.7,57.9,24.1,2.3,15.9,193.3,468.3,488.8,171.9,75.2,27.8,0.0,1537.1,69.6,42.3,1322.3,103.0
CHHATTISGARH,1928,6.8,11.3,8.8,13.6,16.7,210.1,384.4,272.7,192.5,97.8,0.0,4.4,1219.2,18.1,39.1,1059.7,102.2
CHHATTISGARH,1929,23.1,28.9,1.2,14.4,5.6,216.2,597.9,461.1,179.2,94.3,0.0,41.9,1663.8,52.0,21.2,1454.4,136.2
CHHATTISGARH,1930,0.0,4.0,13.5,43.3,7.9,190.9,517.4,285.0,185.3,37.3,93.9,5.1,1383.5,4.0,64.7,1178.6,136.3
CHHATTISGARH,1931,8.4,64.4,14.5,10.6,14.6,104.6,359.1,510.8,169.3,156.3,54.1,0.2,1467.0,72.8,39.7,1143.8,210.6
CHHATTISGARH,1932,0.0,22.9,3.7,9.5,18.8,109.6,525.2,300.9,272.6,56.4,37.6,0.2,1357.6,22.9,32.0,1208.3,94.2
CHHATTISGARH,1933,31.6,75.9,14.9,21.9,97.3,310.7,388.9,368.3,286.5,41.4,7.9,5.5,1650.6,107.5,134.1,1354.4,54.8
CHHATTISGARH,1934,1.8,0.0,1.5,11.5,0.0,263.1,412.0,483.4,305.3,37.0,12.3,1.1,1529.2,1.8,13.0,1463.8,50.4
CHHATTISGARH,1935,12.2,17.9,5.1,33.4,4.1,132.2,562.1,247.2,247.6,3.8,0.0,3.6,1269.2,30.1,42.6,1189.1,7.4
CHHATTISGARH,1936,31.9,44.7,14.6,4.3,46.6,413.1,463.8,434.5,258.0,90.4,18.2,6.1,1826.2,76.6,65.5,1569.4,114.7
CHHATTISGARH,1937,0.0,66.2,21.5,76.3,19.2,222.6,501.0,391.9,237.0,79.8,1.0,0.2,1616.8,66.2,117.0,1352.5,81.0
CHHATTISGARH,1938,18.4,25.1,5.4,8.2,48.8,269.2,386.8,343.5,266.7,126.6,7.0,0.1,1505.8,43.5,62.4,1266.2,133.7
CHHATTISGARH,1939,6.5,22.8,53.2,19.9,1.1,188.6,427.5,478.6,198.3,79.3,4.6,0.0,1480.3,29.3,74.2,1293.0,83.9
CHHATTISGARH,1940,0.2,23.0,31.1,26.4,41.5,218.6,542.9,395.6,72.8,67.2,4.9,24.3,1448.4,23.2,99.0,1229.9,96.4
CHHATTISGARH,1941,20.8,13.8,18.4,3.3,27.1,240.8,218.6,238.7,146.0,70.9,6.5,0.2,1005.1,34.6,48.8,844.1,77.6
CHHATTISGARH,1942,13.1,48.2,7.5,18.7,17.7,164.1,540.7,470.7,289.6,23.9,1.6,2.3,1598.3,61.3,43.9,1465.1,27.8
CHHATTISGARH,1943,99.5,5.1,1.0,19.5,32.1,214.2,459.7,386.5,373.6,52.8,1.0,0.0,1645.1,104.6,52.6,1434.0,53.8
CHHATTISGARH,1944,24.4,78.3,102.9,25.0,11.1,101.3,611.7,439.8,247.7,142.8,7.5,0.1,1792.7,102.7,139.0,1400.5,150.4
CHHATTISGARH,1945,30.1,7.6,0.0,58.6,7.0,200.7,428.5,397.2,376.6,71.9,6.4,0.9,1585.6,37.7,65.6,1403.0,79.2
CHHATTISGARH,1946,0.0,11.0,2.3,35.3,25.3,307.9,419.9,522.5,181.6,63.9,29.0,0.4,1599.0,11.0,62.9,1431.9,93.3
CHHATTISGARH,1947,31.0,29.9,12.0,6.7,9.7,140.1,510.6,476.4,283.2,80.0,4.5,15.6,1599.6,60.9,28.4,1410.3,100.1
CHHATTISGARH,1948,31.0,8.0,14.2,21.5,11.6,216.0,390.1,423.7,246.9,42.3,86.4,0.0,1491.7,39.0,47.3,1276.7,128.7
CHHATTISGARH,1949,1.2,7.6,4.0,9.9,61.5,181.7,381.0,412.3,280.3,159.8,0.0,0.2,1499.6,8.8,75.4,1255.3,160.0
CHHATTISGARH,1950,0.4,40.1,50.9,1.3,10.0,172.4,457.2,374.7,148.9,16.7,19.6,0.0,1292.2,40.5,62.2,1153.2,36.3
CHHATTISGARH,1951,4.5,2.8,102.3,59.8,34.5,145.1,338.4,459.4,166.5,96.8,1.5,0.0,1411.6,7.3,196.6,1109.4,98.3
CHHATTISGARH,1952,1.2,20.0,18.8,18.2,23.4,120.8,439.4,385.8,304.0,62.8,0.0,2.0,1396.4,21.2,60.4,1250.0,64.8
CHHATTISGARH,1953,24.3,5.1,0.1,22.7,5.8,140.8,421.3,483.6,209.1,55.0,2.4,0.0,1370.2,29.4,28.6,1254.8,57.4
CHHATTISGARH,1954,2.7,2.2,4.4,11.7,6.5,114.9,314.0,358.1,361.4,12.5,0.0,5.4,1193.7,4.9,22.6,1148.4,17.9
CHHATTISGARH,1955,15.1,1.2,3.2,13.5,23.3,242.1,283.1,406.0,276.6,174.2,2.4,0.0,1440.7,16.3,40.0,1207.8,176.6
CHHATTISGARH,1956,2.2,13.9,7.1,3.0,68.4,278.0,468.5,404.3,227.3,69.6,10.7,4.0,1557.0,16.1,78.5,1378.1,84.3
CHHATTISGARH,1957,14.8,10.4,48.7,17.0,16.2,114.8,449.7,416.7,105.8,28.3,0.0,0.0,1222.4,25.2,81.9,1087.0,28.3
CHHATTISGARH,1958,9.5,38.8,21.6,17.1,19.2,101.2,509.4,376.0,265.8,133.0,29.3,0.0,1520.9,48.3,57.9,1252.4,162.3
CHHATTISGARH,1959,32.0,3.3,0.2,3.6,15.5,180.4,408.9,473.1,357.9,69.0,0.1,0.3,1544.2,35.3,19.3,1420.3,69.4
CHHATTISGARH,1960,18.0,0.7,44.4,10.2,11.2,168.6,412.1,441.5,145.4,111.9,0.4,0.0,1364.3,18.7,65.8,1167.6,112.3
CHHATTISGARH,1961,2.5,44.1,5.0,10.9,16.1,377.4,533.2,467.6,401.2,102.8,5.8,7.3,1974.0,46.6,32.0,1779.4,115.9
CHHATTISGARH,1962,3.8,15.8,10.4,23.8,28.0,130.5,371.6,276.1,210.0,26.3,2.0,26.4,1124.7,19.6,62.2,988.2,54.7
CHHATTISGARH,1963,0.4,5.4,8.9,44.8,28.2,160.8,349.4,387.7,258.8,91.2,1.2,0.3,1337.2,5.8,81.9,1156.7,92.7
CHHATTISGARH,1964,1.0,21.9,3.9,6.5,4.5,269.2,371.6,515.3,201.8,109.1,4.1,0.0,1509.1,22.9,14.9,1357.9,113.2
CHHATTISGARH,1965,5.8,4.5,22.3,14.4,8.4,111.1,310.0,208.3,251.8,4.9,0.0,0.0,941.6,10.3,45.1,881.2,4.9
CHHATTISGARH,1966,20.9,0.0,2.2,16.3,19.0,267.8,294.0,253.4,154.6,25.1,12.8,20.9,1087.1,20.9,37.5,969.8,58.8
CHHATTISGARH,1967,1.7,0.0,96.8,15.5,12.2,184.3,397.9,508.3,188.5,9.2,0.4,57.6,1472.5,1.7,124.5,1279.0,67.2
CHHATTISGARH,1968,25.6,26.1,16.3,19.5,4.5,176.2,354.9,269.9,210.7,59.7,0.7,3.9,1168.0,51.7,40.3,1011.7,64.3
CHHATTISGARH,1969,6.0,1.6,0.6,18.7,46.2,121.8,442.4,291.4,211.4,18.5,6.0,7.9,1172.6,7.6,65.5,1067.0,32.4
CHHATTISGARH,1970,12.1,11.9,44.9,18.9,23.2,237.9,453.2,443.1,236.4,19.9,0.0,0.0,1501.5,24.0,87.0,1370.6,19.9
CHHATTISGARH,1971,20.3,24.8,11.6,48.8,68.6,384.1,354.6,398.8,127.9,89.6,4.7,0.0,1533.8,45.1,129.0,1265.4,94.3
CHHATTISGARH,1972,0.1,19.2,1.2,15.2,6.2,123.9,319.4,392.0,232.4,49.2,36.3,3.9,1198.9,19.3,22.6,1067.7,89.4
CHHATTISGARH,1973,3.8,10.0,2.6,3.1,6.9,97.9,429.3,401.9,286.5,223.3,2.0,0.0,1467.3,13.8,12.6,1215.6,225.3
CHHATTISGARH,1974,0.0,6.6,2.5,1.5,9.2,115.6,253.4,353.3,100.4,97.3,11.3,0.0,951.0,6.6,13.2,822.7,108.6
CHHATTISGARH,1975,9.7,7.4,11.3,3.7,8.7,202.5,403.3,421.3,265.7,140.8,0.9,0.0,1475.5,17.1,23.7,1292.8,141.7
CHHATTISGARH,1976,0.4,4.1,1.1,15.9,12.6,100.0,569.0,492.1,174.5,2.8,6.7,0.2,1379.3,4.5,29.6,1335.6,9.7
CHHATTISGARH,1977,4.1,4.9,2.2,19.0,33.7,242.4,509.3,386.3,196.5,19.9,40.9,6.1,1465.5,9.0,54.9,1334.5,66.9
CHHATTISGARH,1978,4.1,13.7,18.9,12.8,3.7,257.0,377.7,470.8,176.0,11.5,11.9,12.2,1370.4,17.8,35.4,1281.5,35.6
CHHATTISGARH,1979,20.7,24.7,0.6,4.4,4.4,176.3,209.8,267.2,155.5,26.1,11.3,3.6,904.6,45.4,9.4,808.8,41.0
CHHATTISGARH,1980,5.3,2.3,7.9,7.2,15.5,273.0,426.6,362.2,369.4,21.4,0.0,4.6,1495.4,7.6,30.6,1431.2,26.0
CHHATTISGARH,1981,20.7,1.6,20.7,4.0,15.6,127.5,356.2,409.1,237.2,20.7,0.9,2.2,1216.2,22.3,40.3,1130.0,23.8
CHHATTISGARH,1982,27.2,18.9,22.5,11.5,25.0,133.5,251.8,501.1,119.1,75.2,10.9,0.6,1197.4,46.1,59.0,1005.5,86.7
CHHATTISGARH,1983,0.3,24.9,1.5,20.4,28.4,155.7,324.2,417.6,330.9,58.2,0.6,9.4,1371.9,25.2,50.3,1228.4,68.2
CHHATTISGARH,1984,35.3,12.4,0.1,24.9,15.5,291.6,322.0,400.2,99.8,52.7,0.2,0.0,1254.7,47.7,40.5,1113.6,52.9
CHHATTISGARH,1985,33.2,9.4,0.4,8.7,11.9,137.2,398.9,346.0,214.6,77.2,0.0,0.0,1237.5,42.6,21.0,1096.7,77.2
CHHATTISGARH,1986,23.3,45.7,10.0,11.5,8.7,361.9,367.9,321.0,98.7,61.9,33.9,24.1,1368.6,69.0,30.2,1149.5,119.9
CHHATTISGARH,1987,9.2,9.3,7.9,2.4,22.1,81.0,409.9,264.8,214.0,82.5,37.5,2.2,1142.8,18.5,32.4,969.7,122.2
CHHATTISGARH,1988,0.7,25.1,6.2,22.7,8.8,219.7,375.0,351.1,167.8,28.7,0.4,0.1,1206.3,25.8,37.7,1113.6,29.2
CHHATTISGARH,1989,0.1,0.0,10.5,1.0,8.9,226.8,372.1,353.7,173.9,10.4,5.2,24.6,1187.2,0.1,20.4,1126.5,40.2
CHHATTISGARH,1990,0.5,18.5,9.2,7.4,122.3,293.6,393.9,375.9,268.2,143.6,9.4,1.4,1643.8,19.0,138.9,1331.6,154.4
CHHATTISGARH,1991,10.6,1.6,9.2,3.7,4.7,143.8,446.2,411.2,135.1,37.9,9.3,7.6,1220.8,12.2,17.6,1136.3,54.8
CHHATTISGARH,1992,0.1,0.3,0.5,1.9,5.4,137.1,401.3,419.1,180.0,7.9,3.0,0.0,1156.6,0.4,7.8,1137.5,10.9
CHHATTISGARH,1993,0.0,5.3,7.1,4.7,10.0,167.2,351.0,299.5,298.6,60.1,1.9,0.0,1205.3,5.3,21.8,1116.3,62.0
CHHATTISGARH,1994,3.5,8.4,0.0,5.2,9.1,413.4,575.7,447.7,212.0,76.9,2.7,0.0,1754.5,11.9,14.3,1648.8,79.6
CHHATTISGARH,1995,43.5,2.6,24.0,5.2,24.9,119.5,478.3,356.0,137.7,69.6,11.2,8.2,1280.7,46.1,54.1,1091.5,89.0
CHHATTISGARH,1996,11.1,5.6,3.6,4.8,2.2,195.2,352.4,429.4,156.8,25.0,0.8,0.2,1187.0,16.7,10.6,1133.8,26.0
CHHATTISGARH,1997,6.3,0.1,2.2,45.7,7.2,153.8,384.6,414.7,167.5,30.2,51.4,53.5,1317.2,6.4,55.1,1120.6,135.1
CHHATTISGARH,1998,64.9,11.2,27.3,11.9,16.4,156.2,356.0,259.6,288.3,93.1,47.8,0.0,1332.5,76.1,55.6,1060.1,140.9
CHHATTISGARH,1999,0.0,3.1,0.1,0.0,31.5,222.5,310.0,408.7,253.7,91.2,1.3,0.6,1322.6,3.1,31.6,1194.9,93.1
CHHATTISGARH,2000,2.6,0.0,0.6,1.5,9.3,180.7,322.4,215.6,169.1,4.3,0.2,0.1,906.3,2.6,11.4,887.8,4.6
CHHATTISGARH,2001,0.8,0.3,14.6,17.6,16.6,339.4,630.6,380.3,108.4,86.9,4.6,0.0,1600.1,1.1,48.8,1458.7,91.5
CHHATTISGARH,2002,41.5,4.9,12.2,3.3,32.1,196.3,138.4,352.4,122.3,57.8,13.3,15.9,990.2,46.4,47.6,809.4,87.0
CHHATTISGARH,2003,3.7,17.7,12.1,2.6,0.7,128.7,446.6,519.7,384.1,157.6,5.8,14.9,1694.3,21.4,15.4,1479.1,178.3
CHHATTISGARH,2004,37.8,16.7,3.1,21.2,6.8,213.1,323.1,351.7,126.5,43.9,0.7,0.1,1144.5,54.5,31.1,1014.4,44.7
CHHATTISGARH,2005,57.6,15.6,6.1,6.5,16.4,197.0,393.8,267.7,240.5,83.5,1.6,1.0,1287.2,73.2,29.0,1099.0,86.1
CHHATTISGARH,2006,2.7,0.0,26.2,17.2,23.5,92.2,495.1,447.2,184.6,13.3,15.1,0.7,1317.7,2.7,66.9,1219.1,29.1
CHHATTISGARH,2007,0.0,15.7,6.2,11.4,10.4,259.4,309.9,338.8,259.1,67.8,2.0,0.5,1281.2,15.7,28.0,1167.2,70.3
CHHATTISGARH,2008,6.7,9.7,22.2,11.2,9.5,236.4,280.5,305.1,215.4,10.7,1.2,0.0,1108.5,16.4,42.9,1037.4,11.9
CHHATTISGARH,2009,1.2,0.0,2.3,1.9,11.2,45.3,455.0,247.1,104.7,43.6,42.5,1.9,956.6,1.2,15.4,852.1,88.0
CHHATTISGARH,2010,7.9,4.9,1.0,5.9,12.6,102.6,426.8,340.3,302.5,54.3,20.2,27.6,1306.6,12.8,19.5,1172.2,102.1
CHHATTISGARH,2011,0.3,11.5,2.6,35.0,16.8,183.5,272.6,379.8,382.2,15.5,0.0,2.8,1302.7,11.8,54.4,1218.1,18.3
CHHATTISGARH,2012,36.6,4.8,1.1,14.9,9.4,147.3,430.6,442.2,245.3,19.8,20.4,5.0,1377.4,41.4,25.4,1265.4,45.2
CHHATTISGARH,2013,2.8,19.7,4.9,45.8,5.7,263.6,418.8,336.6,140.9,180.9,0.3,0.0,1420.0,22.5,56.4,1159.9,181.2
CHHATTISGARH,2014,2.3,29.0,21.4,17.3,25.0,104.9,416.7,327.7,252.7,77.9,2.6,1.1,1278.7,31.3,63.7,1102.0,81.6
CHHATTISGARH,2015,15.8,1.2,21.2,37.0,13.0,257.6,248.6,286.6,216.9,17.7,0.6,1.5,1117.6,17.0,71.2,1009.7,19.8
DELHI,1901,35.4,28.9,11.1,0.0,5.1,13.2,126.4,151.5,10.5,2.0,0.0,6.1,390.1,64.3,16.2,301.6,8.1
DELHI,1902,0.0,0.7,2.9,10.2,15.8,74.6,149.3,97.1,59.8,9.3,0.0,0.0,419.8,0.7,28.9,380.8,9.3
DELHI,1903,14.7,0.5,2.3,0.5,8.5,8.6,151.6,138.2,97.7,4.0,0.0,2.3,428.9,15.2,11.3,396.1,6.3
DELHI,1904,7.6,0.7,48.0,0.5,29.3,34.3,109.7,162.9,102.3,1.5,10.4,20.3,527.8,8.3,77.8,409.2,32.2
DELHI,1905,44.8,20.8,14.0,1.3,7.4,20.1,93.6,23.1,92.6,0.0,0.0,5.1,322.9,65.6,22.7,229.4,5.1
DELHI,1906,3.6,64.1,31.4,0.1,1.4,70.2,128.9,103.8,185.2,0.0,0.0,5.0,593.6,67.7,32.9,488.1,5.0
DELHI,1907,14.3,42.8,25.9,33.5,7.8,20.0,123.2,175.3,1.0,0.1,0.0,0.0,443.9,57.1,67.2,319.5,0.1
DELHI,1908,31.4,6.1,0.1,7.6,22.4,14.5,196.6,398.2,10.1,0.3,1.1,0.6,689.0,37.5,30.1,619.4,2.0
DELHI,1909,5.9,13.1,0.0,78.1,2.8,123.7,228.7,118.9,162.4,3.1,0.0,32.7,769.3,19.0,80.9,633.7,35.8
DELHI,1910,19.7,5.1,0.1,2.1,3.1,69.0,107.9,150.4,159.7,87.3,0.0,0.8,605.2,24.8,5.3,487.0,88.1
DELHI,1911,66.5,1.3,53.3,0.7,0.1,53.1,26.3,49.3,208.7,10.7,39.7,0.0,509.7,67.8,54.1,337.4,50.4
DELHI,1912,43.4,12.5,9.0,9.2,2.8,26.5,161.1,134.2,119.5,0.0,10.5,0.5,529.3,55.9,21.0,441.3,11.0
DELHI,1913,1.1,42.9,22.4,1.9,69.7,111.8,142.9,82.3,22.6,0.7,0.9,9.3,508.4,44.0,94.0,359.6,10.9
DELHI,1914,2.3,7.0,4.7,22.7,21.0,51.1,252.0,100.0,182.9,18.7,2.0,0.3,664.7,9.3,48.4,586.0,21.0
DELHI,1915,30.7,49.1,40.9,7.1,8.0,39.9,66.9,69.9,101.7,6.4,0.0,1.8,422.4,79.8,56.0,278.4,8.2
DELHI,1916,0.5,15.7,0.2,2.3,12.5,71.2,139.7,217.7,107.8,61.6,0.0,0.0,629.1,16.2,15.0,536.4,61.6
DELHI,1917,6.1,7.4,3.2,34.5,25.8,64.6,164.3,210.9,361.5,101.0,0.0,7.5,986.7,13.5,63.5,801.3,108.5
DELHI,1918,10.0,0.0,11.1,9.9,1.1,34.3,20.0,142.1,5.0,0.3,0.8,0.0,234.7,10.0,22.1,201.4,1.1
DELHI,1919,61.0,2.7,8.4,2.3,14.8,7.0,208.7,172.1,50.6,0.0,3.4,22.8,553.7,63.7,25.5,438.4,26.2
DELHI,1920,11.2,12.9,13.2,0.2,21.6,73.0,194.8,30.8,9.6,1.4,0.0,0.1,368.8,24.1,35.0,308.2,1.5
DELHI,1921,21.3,1.2,0.5,1.4,0.0,13.7,100.2,189.5,86.1,29.5,0.0,3.0,446.5,22.5,1.9,389.5,32.5
DELHI,1922,14.3,4.5,0.6,0.6,1.4,86.7,139.6,99.7,176.5,1.7,0.0,27.1,552.9,18.8,2.6,502.5,28.8
DELHI,1923,17.0,52.7,0.8,0.1,19.7,24.8,183.7,221.3,17.6,9.1,0.3,34.4,581.5,69.7,20.6,447.4,43.8
DELHI,1924,48.5,18.9,2.0,1.3,5.5,18.5,98.3,151.3,247.5,45.5,2.5,15.0,654.8,67.4,8.8,515.6,63.0
DELHI,1925,4.8,0.1,0.1,3.1,11.2,153.8,247.0,108.6,10.2,5.7,12.2,0.3,557.2,4.9,14.4,519.6,18.2
DELHI,1926,9.4,9.3,39.2,10.3,33.4,18.4,190.0,257.4,45.5,0.6,2.4,0.1,615.9,18.7,82.9,511.3,3.1
DELHI,1927,0.2,34.1,14.8,7.4,13.9,12.2,160.9,163.9,42.7,18.1,1.7,32.5,502.5,34.3,36.1,379.7,52.3
DELHI,1928,21.5,28.3,3.4,5.9,3.7,36.5,131.0,77.6,35.6,7.6,20.3,16.8,388.2,49.8,13.0,280.7,44.7
DELHI,1929,15.2,0.1,0.0,9.5,3.7,18.7,135.2,82.8,11.4,3.8,0.0,26.2,306.6,15.3,13.2,248.1,30.0
DELHI,1930,28.4,11.4,4.0,1.8,3.4,68.6,266.5,78.4,32.3,2.8,0.9,2.1,500.5,39.8,9.2,445.8,5.8
DELHI,1931,0.4,17.0,14.2,0.3,7.8,11.1,198.7,122.5,109.5,37.4,0.0,0.1,519.2,17.4,22.3,441.8,37.5
DELHI,1932,3.0,2.0,26.2,4.8,6.1,14.3,136.8,113.4,117.5,0.0,0.0,15.8,440.1,5.0,37.1,382.0,15.8
DELHI,1933,1.1,19.5,10.8,6.7,43.2,105.1,131.4,227.3,293.1,17.0,0.4,1.3,856.9,20.6,60.7,756.9,18.7
DELHI,1934,21.6,1.0,47.6,0.7,2.0,64.6,140.8,199.1,18.3,0.0,0.0,5.6,501.4,22.6,50.3,422.8,5.6
DELHI,1935,35.1,25.1,7.1,29.2,0.7,5.3,208.9,132.3,97.0,7.5,6.0,14.2,568.3,60.2,37.0,443.5,27.7
DELHI,1936,1.6,18.2,6.8,0.7,3.3,141.3,124.4,125.7,61.3,0.1,1.2,26.5,511.1,19.8,10.8,452.7,27.8
DELHI,1937,0.8,75.8,5.3,20.3,5.2,43.7,171.6,39.3,109.8,0.4,0.3,9.1,481.7,76.6,30.8,364.4,9.8
DELHI,1938,38.2,7.7,0.4,1.1,7.4,61.7,89.7,56.9,8.1,7.6,0.1,0.0,278.8,45.9,8.9,216.4,7.7
DELHI,1939,1.9,38.5,20.2,0.5,0.3,88.8,62.7,32.9,63.3,1.2,0.0,0.0,310.2,40.4,21.0,247.7,1.2
DELHI,1940,28.2,35.6,11.9,6.7,1.7,38.7,117.4,142.3,12.6,0.2,0.0,0.4,395.7,63.8,20.3,311.0,0.6
DELHI,1941,59.2,5.1,2.2,0.0,16.2,96.3,41.0,90.1,46.4,3.9,0.0,3.5,363.9,64.3,18.4,273.8,7.4
DELHI,1942,24.9,48.6,2.2,11.7,7.3,48.2,257.5,237.6,154.2,0.3,0.0,11.9,804.5,73.5,21.2,697.5,12.2
DELHI,1943,19.6,2.1,2.4,14.7,8.5,28.8,129.6,112.4,89.7,0.0,0.0,0.1,407.9,21.7,25.6,360.5,0.1
DELHI,1944,21.5,32.9,35.1,27.6,0.5,52.2,150.7,99.0,38.8,24.8,0.6,0.6,484.2,54.4,63.2,340.7,26.0
DELHI,1945,41.5,0.0,2.4,6.5,7.9,36.5,120.0,122.3,312.5,5.1,0.0,0.0,654.6,41.5,16.8,591.3,5.1
DELHI,1946,0.1,9.7,1.7,3.4,27.0,72.0,122.9,155.4,17.3,15.6,1.0,11.6,437.8,9.8,32.1,367.6,28.2
DELHI,1947,17.2,15.8,7.2,0.6,3.0,13.7,22.9,80.6,292.9,4.5,0.0,6.2,464.5,33.0,10.8,410.1,10.7
DELHI,1948,34.4,31.4,18.8,1.1,4.8,16.0,212.4,233.0,34.6,4.3,0.9,0.3,592.1,65.8,24.7,496.0,5.5
DELHI,1949,3.4,27.9,0.7,1.2,5.9,12.1,287.9,58.3,84.7,1.2,0.0,2.0,485.3,31.3,7.8,443.0,3.2
DELHI,1950,22.2,6.5,18.1,0.5,6.1,9.7,220.4,147.6,118.7,0.0,0.0,1.4,551.1,28.7,24.7,496.4,1.4
DELHI,1951,8.2,0.4,33.6,11.6,9.1,21.3,56.0,135.4,35.0,0.2,27.4,0.0,338.2,8.6,54.3,247.7,27.6
DELHI,1952,8.2,17.8,12.0,2.6,10.8,67.1,122.5,311.0,1.3,0.0,0.0,3.2,556.3,26.0,25.4,501.9,3.2
DELHI,1953,39.5,1.6,0.0,4.1,5.9,58.9,241.0,154.9,48.4,0.9,0.0,6.6,561.9,41.1,10.0,503.2,7.5
DELHI,1954,26.1,91.0,10.1,0.4,3.9,26.7,152.3,45.6,136.6,43.9,0.3,0.0,537.0,117.1,14.4,361.2,44.2
DELHI,1955,32.8,1.9,7.7,7.3,12.7,66.1,100.3,173.1,159.3,129.4,2.8,0.6,694.1,34.7,27.7,498.8,132.8
DELHI,1956,16.6,3.1,25.6,0.8,2.4,50.8,239.1,159.5,19.5,131.3,4.4,0.6,653.8,19.7,28.8,468.9,136.3
DELHI,1957,53.2,0.2,28.9,2.8,6.9,24.4,190.6,101.6,149.6,26.6,7.7,24.7,617.2,53.4,38.6,466.2,59.0
DELHI,1958,4.1,0.7,5.4,1.9,4.4,17.0,150.0,182.7,273.4,21.8,1.0,10.6,673.0,4.8,11.7,623.1,33.4
DELHI,1959,28.4,8.0,3.8,0.4,13.2,25.3,103.8,163.8,102.8,16.1,19.3,0.1,484.9,36.4,17.4,395.7,35.5
DELHI,1960,11.3,0.0,24.4,4.2,1.3,33.1,249.9,339.0,15.6,35.2,0.0,8.9,722.9,11.3,29.9,637.6,44.1
DELHI,1961,40.2,29.9,0.4,4.6,11.0,46.2,150.1,251.4,52.4,25.8,6.6,9.2,627.9,70.1,16.0,500.1,41.6
DELHI,1962,21.1,10.4,7.7,1.3,1.5,14.0,144.7,111.5,189.4,0.0,2.9,6.5,511.0,31.5,10.5,459.6,9.4
DELHI,1963,3.1,4.1,4.4,2.0,3.9,40.7,55.3,307.6,85.3,0.0,9.0,6.3,521.8,7.2,10.3,488.9,15.3
DELHI,1964,4.7,1.5,0.9,0.4,14.6,8.8,370.7,191.5,111.2,0.6,0.1,6.0,710.9,6.2,15.9,682.2,6.7
DELHI,1965,6.2,11.5,7.3,8.6,20.4,2.1,120.3,133.3,60.9,11.0,0.1,0.2,381.9,17.7,36.3,316.6,11.3
DELHI,1966,3.3,34.0,6.7,1.7,45.3,128.9,98.2,312.8,69.1,6.7,1.0,0.2,707.7,37.3,53.7,609.0,7.9
DELHI,1967,0.0,2.4,43.4,0.9,13.0,33.1,224.3,336.0,96.3,7.8,13.8,68.9,839.9,2.4,57.3,689.7,90.5
DELHI,1968,14.1,15.9,17.3,0.0,2.3,28.3,211.2,90.1,0.1,7.0,0.0,2.0,388.3,30.0,19.6,329.7,9.0
DELHI,1969,1.5,6.8,9.7,3.6,21.0,11.3,130.9,132.7,158.8,0.3,0.6,0.0,477.2,8.3,34.3,433.7,0.9
DELHI,1970,35.4,35.4,9.4,0.0,11.5,67.2,65.7,207.9,104.9,0.8,0.0,0.0,538.2,70.8,20.9,445.7,0.8
DELHI,1971,17.0,18.9,1.1,7.5,58.7,61.3,148.4,259.2,51.6,11.3,1.8,0.0,636.8,35.9,67.3,520.5,13.1
DELHI,1972,6.8,12.1,5.6,11.6,0.1,24.9,137.1,186.0,12.6,7.7,33.1,3.2,440.8,18.9,17.3,360.6,44.0
DELHI,1973,15.8,5.2,3.2,0.5,32.9,75.1,118.3,189.8,57.6,19.7,0.0,9.0,527.2,21.0,36.6,440.8,28.7
DELHI,1974,0.5,1.3,1.6,0.9,4.6,37.9,201.5,94.5,12.2,16.4,0.0,13.5,384.9,1.8,7.1,346.1,29.9
DELHI,1975,20.3,2.9,9.3,0.3,5.6,57.9,182.6,180.1,142.4,20.6,0.0,0.0,622.1,23.2,15.2,563.0,20.6
DELHI,1976,8.8,23.1,6.8,2.7,32.4,80.2,216.2,317.4,38.0,0.2,0.1,0.8,726.7,31.9,41.9,651.8,1.1
DELHI,1977,50.1,1.5,0.8,22.8,23.6,50.6,288.4,165.7,118.3,8.4,0.5,9.4,740.1,51.6,47.2,623.0,18.3
DELHI,1978,0.2,24.8,51.7,4.2,1.5,71.5,202.7,184.8,104.5,2.1,2.8,0.5,651.1,25.0,57.4,563.5,5.4
DELHI,1979,23.2,45.5,10.7,3.5,30.0,33.6,122.7,39.7,19.9,3.6,2.8,6.3,341.5,68.7,44.2,215.9,12.7
DELHI,1980,5.8,2.3,22.0,0.4,8.9,45.5,236.5,102.0,50.2,13.4,4.9,21.4,513.2,8.1,31.3,434.2,39.7
DELHI,1981,25.7,13.3,34.6,0.5,18.0,63.3,196.7,63.7,34.7,0.1,42.1,0.6,493.4,39.0,53.1,358.4,42.8
DELHI,1982,21.4,20.0,70.7,33.1,57.3,29.9,99.2,150.4,5.4,3.2,2.4,13.6,506.6,41.4,161.1,284.9,19.2
DELHI,1983,38.0,5.3,6.4,82.5,35.3,29.5,218.3,240.7,79.8,5.4,0.0,3.3,744.5,43.3,124.2,568.3,8.7
DELHI,1984,1.9,14.5,0.4,2.7,0.7,48.6,154.2,179.5,75.5,0.9,0.0,0.3,479.2,16.4,3.8,457.8,1.2
DELHI,1985,3.5,0.3,1.1,8.1,3.1,44.2,256.9,152.4,35.9,42.6,0.0,24.3,572.4,3.8,12.3,489.4,66.9
DELHI,1986,7.2,31.0,12.7,3.3,36.0,85.1,92.5,108.9,52.9,11.2,0.7,9.5,450.9,38.2,52.0,339.4,21.4
DELHI,1987,21.3,27.8,12.4,6.4,62.5,27.7,26.4,106.6,18.0,3.2,0.0,6.3,318.6,49.1,81.3,178.7,9.5
DELHI,1988,1.5,13.2,34.5,3.6,3.4,82.4,288.5,222.5,183.4,0.0,0.1,12.0,845.0,14.7,41.5,776.8,12.1
DELHI,1989,40.1,0.4,11.7,0.6,2.3,31.6,90.8,152.5,68.7,0.2,5.2,12.4,416.5,40.5,14.6,343.6,17.8
DELHI,1990,0.0,79.5,4.9,2.2,21.9,25.3,201.2,137.7,194.5,2.7,14.1,19.2,703.1,79.5,29.0,558.7,36.0
DELHI,1991,0.1,19.7,2.9,13.2,6.0,50.4,55.3,187.9,36.9,1.4,3.8,16.2,393.9,19.8,22.1,330.5,21.4
DELHI,1992,20.3,16.4,0.5,1.2,7.8,17.2,124.5,171.6,59.0,3.8,7.2,0.0,429.7,36.7,9.5,372.3,11.0
DELHI,1993,4.5,16.1,11.3,5.4,8.8,42.0,274.6,35.6,125.4,0.0,0.0,0.0,523.8,20.6,25.5,477.6,0.0
DELHI,1994,20.1,11.3,0.6,7.6,8.5,51.3,275.8,160.6,28.2,0.0,0.1,0.2,564.4,31.4,16.7,515.9,0.3
DELHI,1995,38.8,21.7,9.8,4.9,0.6,47.2,115.0,405.3,175.3,0.2,0.1,0.3,819.1,60.5,15.3,742.8,0.6
DELHI,1996,16.0,30.5,11.6,0.6,5.1,109.4,85.8,249.2,116.3,19.9,0.0,0.3,644.6,46.5,17.3,560.7,20.2
DELHI,1997,6.6,2.2,14.6,35.3,38.0,60.2,133.6,226.8,36.9,53.7,13.4,47.3,668.6,8.8,87.9,457.5,114.4
DELHI,1998,0.4,24.6,25.4,9.1,6.1,68.4,154.8,161.6,150.9,78.2,5.8,0.0,685.3,25.0,40.6,535.7,84.0
DELHI,1999,31.7,0.7,1.4,0.0,20.1,42.2,109.8,78.7,54.7,4.8,0.0,0.4,344.4,32.4,21.5,285.4,5.2
DELHI,2000,17.1,29.1,1.4,1.3,22.8,58.9,146.8,87.9,17.5,0.0,0.4,1.2,384.4,46.2,25.5,311.1,1.6
DELHI,2001,17.8,5.2,7.2,19.8,47.8,117.2,145.2,103.5,10.3,11.1,0.1,0.2,485.5,23.0,74.8,376.2,11.4
DELHI,2002,11.6,31.1,9.0,1.1,52.0,21.2,19.4,78.2,123.0,1.9,0.0,8.8,357.2,42.7,62.1,241.8,10.7
DELHI,2003,14.7,29.9,4.0,1.8,7.5,26.6,277.6,165.3,58.9,0.0,0.1,11.0,597.6,44.6,13.3,528.4,11.1
DELHI,2004,25.4,0.3,0.0,18.1,40.7,52.5,19.9,252.9,22.1,54.1,0.0,1.2,487.3,25.7,58.8,347.4,55.3
DELHI,2005,13.9,35.7,29.9,2.7,7.6,53.9,175.6,52.6,146.7,0.0,0.8,0.0,519.5,49.6,40.2,428.8,0.8
DELHI,2006,2.3,0.1,30.4,0.6,24.8,45.4,135.2,32.1,49.9,3.8,1.2,5.2,330.9,2.4,55.8,262.6,10.2
DELHI,2007,0.5,76.0,40.1,2.0,12.4,88.7,82.0,87.9,55.2,0.1,0.3,1.4,446.6,76.5,54.5,313.8,1.8
DELHI,2008,2.4,0.4,0.6,13.4,72.9,193.5,124.3,174.2,114.5,8.4,5.5,0.2,710.4,2.8,86.9,606.5,14.1
DELHI,2009,4.1,5.9,5.7,11.7,17.7,15.2,106.4,63.8,160.8,2.5,1.1,0.4,395.4,10.0,35.1,346.2,4.0
DELHI,2010,4.8,10.2,0.5,0.8,5.9,29.1,189.3,198.5,183.9,1.1,3.5,12.8,640.5,15.0,7.2,600.8,17.4
DELHI,2011,0.7,26.7,6.9,8.9,28.7,94.4,85.0,127.3,133.1,0.0,0.0,0.4,512.0,27.4,44.5,439.8,0.4
DELHI,2012,8.2,0.2,0.1,11.8,3.8,5.3,68.1,196.6,90.7,2.4,0.6,3.5,391.4,8.4,15.7,360.7,6.5
DELHI,2013,21.1,52.2,5.3,3.3,1.4,62.1,96.5,161.9,42.8,10.9,1.7,2.1,461.2,73.3,10.0,363.3,14.7
DELHI,2014,13.0,17.3,26.8,7.5,20.3,25.9,72.3,34.8,67.3,10.5,0.2,9.6,305.5,30.3,54.6,200.3,20.3
DELHI,2015,12.4,6.6,71.8,34.8,8.4,43.7,130.3,89.2,32.1,3.7,2.3,0.2,435.3,19.0,115.0,295.3,6.2
GOA,1901,5.6,0.1,0.4,35.7,19.9,746.1,1075.5,748.0,117.4,38.6,5.4,0.1,2792.9,5.7,56.0,2687.0,44.1
GOA,1902,0.3,0.0,0.0,0.4,7.6,428.2,943.6,515.1,613.8,74.3,42.7,48.0,2673.9,0.3,8.0,2500.7,165.0
GOA,1903,0.0,0.0,0.1,0.0,201.1,470.5,1298.6,673.9,285.1,140.8,12.4,1.7,3084.3,0.0,201.2,2728.1,154.9
GOA,1904,0.0,0.1,6.6,6.3,4.6,975.8,771.7,321.3,217.0,90.3,0.0,0.0,2393.7,0.1,17.5,2285.8,90.3
GOA,1905,0.1,0.1,0.0,0.4,8.6,293.7,770.6,305.5,208.3,83.5,12.1,0.0,1682.8,0.2,9.0,1578.1,95.6
GOA,1906,5.0,0.9,0.0,0.0,2.9,547.4,1090.9,506.7,222.5,31.6,10.2,0.7,2418.9,5.9,2.9,2367.5,42.5
GOA,1907,1.7,1.0,0.0,20.1,0.0,583.1,1170.9,811.5,164.0,11.4,1.9,0.9,2766.6,2.7,20.1,2729.5,14.2
GOA,1908,0.9,1.1,0.0,2.3,1.0,440.0,1391.8,649.8,222.4,24.6,1.6,0.0,2735.5,2.0,3.3,2704.0,26.2
GOA,1909,0.1,0.0,0.1,0.3,7.8,759.5,1301.8,381.5,384.4,17.5,7.4,0.1,2860.5,0.1,8.2,2827.2,25.0
GOA,1910,0.0,0.0,0.3,0.0,2.6,832.4,407.8,763.2,374.6,121.4,41.7,0.0,2544.0,0.0,2.9,2378.0,163.1
GOA,1911,0.2,0.0,3.2,0.0,17.1,543.6,585.6,750.3,175.5,34.2,21.4,3.6,2134.7,0.2,20.3,2055.0,59.2
GOA,1912,0.0,0.0,0.0,4.1,28.9,671.0,1242.9,541.7,135.2,71.9,97.5,0.0,2793.3,0.0,33.0,2590.8,169.4
GOA,1913,0.0,0.0,0.0,1.3,18.7,897.9,1074.3,321.8,194.4,107.5,1.6,0.0,2617.4,0.0,20.0,2488.4,109.1
GOA,1914,0.0,0.8,0.0,0.8,1.6,706.9,1370.3,797.6,549.9,21.9,11.2,3.6,3464.6,0.8,2.4,3424.7,36.7
GOA,1915,0.0,4.7,5.9,10.2,7.7,845.1,734.4,355.1,412.2,137.4,12.8,0.3,2525.8,4.7,23.8,2346.8,150.5
GOA,1916,0.0,0.0,0.0,2.4,39.9,832.7,765.6,851.1,620.1,204.7,86.1,0.0,3402.6,0.0,42.3,3069.5,290.8
GOA,1917,0.0,18.4,1.2,0.3,17.5,807.6,675.1,902.5,567.7,408.0,32.6,0.0,3430.9,18.4,19.0,2952.9,440.6
GOA,1918,0.1,0.0,3.3,0.1,345.4,334.1,424.7,578.1,123.6,5.8,52.0,0.0,1867.3,0.1,348.8,1460.5,57.8
GOA,1919,2.5,0.0,0.0,0.0,9.6,643.6,1120.2,643.5,276.8,124.5,20.6,10.5,2851.7,2.5,9.6,2684.1,155.6
GOA,1920,14.0,1.2,0.0,12.0,5.1,424.9,824.0,360.8,226.7,52.4,2.9,0.0,1924.1,15.2,17.1,1836.4,55.3
GOA,1921,0.3,0.0,0.1,4.8,0.0,658.1,1102.5,611.8,450.4,57.5,13.7,0.0,2899.2,0.3,4.9,2822.8,71.2
GOA,1922,0.0,0.0,0.0,6.3,13.4,774.3,1290.6,339.3,261.1,41.4,90.0,1.2,2817.5,0.0,19.7,2665.3,132.6
GOA,1923,0.0,0.5,4.7,1.3,7.8,259.4,1643.9,480.7,363.7,8.3,0.1,0.0,2770.5,0.5,13.8,2747.7,8.4
GOA,1924,0.0,0.0,0.1,0.1,0.4,522.5,932.2,641.7,324.4,19.0,3.8,0.0,2444.3,0.0,0.6,2420.8,22.8
GOA,1925,0.1,0.0,7.4,5.2,121.0,800.9,655.5,501.5,120.4,74.6,18.6,0.0,2305.1,0.1,133.6,2078.3,93.2
GOA,1926,31.8,0.0,0.0,0.0,1.5,306.1,1203.6,1149.6,432.9,39.2,1.1,0.0,3165.9,31.8,1.5,3092.2,40.3
GOA,1927,0.0,0.2,0.2,0.0,5.5,785.6,1030.3,416.6,240.9,178.8,87.3,1.6,2747.0,0.2,5.7,2473.4,267.7
GOA,1928,0.0,1.3,0.2,3.1,1.1,657.0,1159.4,939.9,264.5,137.9,7.7,0.4,3172.4,1.3,4.4,3020.8,146.0
GOA,1929,1.0,0.0,3.2,14.9,6.2,773.8,767.6,516.0,250.9,152.4,11.2,12.1,2509.4,1.0,24.3,2308.3,175.7
GOA,1930,0.0,0.2,0.1,0.3,12.5,1024.9,690.5,427.3,542.6,136.2,10.6,0.6,2845.7,0.2,12.9,2685.3,147.4
GOA,1931,0.0,0.0,0.1,1.7,1.8,344.9,1867.2,944.9,307.1,458.9,51.5,21.2,3999.3,0.0,3.6,3464.1,531.6
GOA,1932,0.5,0.0,0.0,2.9,45.9,435.3,1248.1,485.6,456.2,259.1,21.1,8.2,2962.9,0.5,48.8,2625.2,288.4
GOA,1933,0.0,0.1,1.6,15.3,129.2,816.5,909.0,758.6,485.8,179.7,19.2,28.4,3343.4,0.1,146.1,2969.9,227.3
GOA,1934,0.7,0.0,0.3,2.7,0.7,1060.2,893.0,870.7,329.7,60.3,53.5,0.5,3272.3,0.7,3.7,3153.6,114.3
GOA,1935,0.2,0.1,0.0,0.0,0.0,700.3,879.9,466.5,419.7,64.3,11.0,0.6,2542.7,0.3,0.0,2466.4,75.9
GOA,1936,0.0,0.0,0.1,0.3,23.2,993.2,712.9,534.9,376.2,62.1,79.1,1.3,2783.4,0.0,23.6,2617.2,142.5
GOA,1937,0.0,4.0,0.1,53.5,2.4,826.9,1492.9,270.1,378.1,159.2,4.0,0.7,3192.0,4.0,56.0,2968.0,163.9
GOA,1938,0.0,0.4,4.0,2.1,55.2,1118.1,908.2,634.8,345.6,400.0,27.0,0.1,3495.5,0.4,61.3,3006.7,427.1
GOA,1939,0.2,0.0,0.4,5.8,0.1,509.6,1116.8,817.1,227.9,58.0,22.7,0.0,2758.6,0.2,6.3,2671.4,80.7
GOA,1940,4.8,6.1,2.8,1.9,7.9,668.3,1105.9,987.1,328.9,172.7,26.7,0.6,3313.7,10.9,12.6,3090.2,200.0
GOA,1941,17.1,0.2,0.1,1.0,5.1,602.7,718.0,282.0,194.6,61.4,0.2,7.3,1889.6,17.3,6.2,1797.3,68.9
GOA,1942,0.0,0.0,0.0,3.3,2.6,987.6,1386.3,536.7,312.0,37.1,1.4,12.4,3279.5,0.0,5.9,3222.6,50.9
GOA,1943,3.6,0.0,0.1,0.0,200.0,788.0,1313.1,281.8,468.4,168.4,27.8,0.0,3251.3,3.6,200.1,2851.3,196.2
GOA,1944,0.1,0.0,0.7,0.0,17.5,542.5,1456.0,658.6,85.7,177.0,14.1,0.0,2952.1,0.1,18.2,2742.8,191.1
GOA,1945,8.8,0.0,0.0,0.9,1.1,733.2,1394.2,709.4,348.4,44.9,3.6,0.0,3244.5,8.8,2.0,3185.2,48.5
GOA,1946,0.0,0.0,0.0,14.4,30.0,787.9,1085.7,878.9,334.0,47.3,170.4,10.4,3358.9,0.0,44.4,3086.5,228.1
GOA,1947,4.9,0.0,5.8,67.3,7.5,398.3,1133.9,919.2,497.5,50.8,2.0,2.9,3090.1,4.9,80.6,2948.9,55.7
GOA,1948,10.5,0.0,0.2,2.3,7.2,599.3,1080.4,797.3,376.6,77.7,168.1,0.0,3119.8,10.5,9.7,2853.6,245.8
GOA,1949,0.2,0.0,0.1,1.3,128.9,442.2,1147.3,594.7,782.3,108.3,8.4,0.0,3213.7,0.2,130.3,2966.5,116.7
GOA,1950,0.0,0.0,0.2,0.2,21.3,364.1,1336.1,302.6,777.5,119.1,8.1,0.0,2929.2,0.0,21.7,2780.3,127.2
GOA,1951,0.0,0.0,2.5,9.8,22.7,730.4,1114.7,507.6,129.0,296.3,36.3,0.0,2849.4,0.0,35.0,2481.7,332.6
GOA,1952,0.0,0.0,0.0,2.8,23.5,729.4,1013.1,512.3,87.5,151.5,0.0,1.8,2522.0,0.0,26.3,2342.3,153.3
GOA,1953,0.0,0.0,0.0,15.4,0.0,910.3,1321.9,713.3,210.5,156.1,0.2,0.0,3327.8,0.0,15.4,3156.0,156.3
GOA,1954,0.0,2.4,3.5,7.2,3.9,581.5,1470.8,912.8,750.7,48.9,0.1,8.6,3790.3,2.4,14.6,3715.8,57.6
GOA,1955,0.2,0.0,2.2,11.6,34.2,779.2,995.9,1299.8,463.0,297.1,14.2,0.0,3897.5,0.2,48.0,3537.9,311.3
GOA,1956,0.0,0.3,0.0,5.8,176.4,780.2,1325.8,700.8,433.4,195.0,46.0,0.0,3663.7,0.3,182.2,3240.2,241.0
GOA,1957,0.0,0.0,0.0,1.7,30.6,593.8,1175.0,1051.7,130.6,86.6,52.9,0.6,3123.5,0.0,32.3,2951.1,140.1
GOA,1958,0.2,0.1,0.2,9.0,34.8,1044.5,1280.2,1177.9,383.7,54.8,14.7,0.2,4000.2,0.3,44.0,3886.3,69.7
GOA,1959,0.0,0.0,0.0,6.0,36.2,750.1,1357.1,690.9,521.8,201.4,24.8,0.3,3588.6,0.0,42.2,3319.9,226.5
GOA,1960,0.0,0.0,0.0,1.1,81.0,920.1,1140.9,501.8,285.1,82.0,15.3,0.5,3027.7,0.0,82.1,2847.9,97.8
GOA,1961,0.0,5.2,0.0,2.3,182.2,738.0,1543.3,712.6,486.1,248.9,2.4,0.0,3921.0,5.2,184.5,3480.0,251.3
GOA,1962,0.2,0.0,0.1,0.7,129.5,435.5,1355.1,880.4,525.9,48.8,12.8,96.2,3485.1,0.2,130.3,3196.9,157.8
GOA,1963,0.0,0.1,0.1,1.1,7.6,594.5,1178.8,1414.7,306.3,91.9,11.7,0.0,3606.8,0.1,8.8,3494.3,103.6
GOA,1964,0.0,0.0,0.0,0.9,5.2,690.3,908.3,1031.8,378.9,158.0,18.9,0.4,3192.7,0.0,6.1,3009.3,177.3
GOA,1965,3.4,0.0,0.0,5.7,0.1,817.6,1393.7,608.8,147.5,8.9,2.2,83.7,3071.5,3.4,5.8,2967.6,94.8
GOA,1966,0.0,0.0,0.0,0.2,64.7,370.0,1168.8,224.1,443.5,43.9,111.3,1.1,2427.5,0.0,64.9,2206.4,156.3
GOA,1967,0.0,0.0,7.7,0.8,7.5,768.9,1109.2,416.9,317.1,109.6,0.7,14.0,2752.3,0.0,16.0,2612.1,124.3
GOA,1968,0.0,0.3,0.1,6.0,1.5,556.9,1134.7,318.7,202.1,130.4,8.6,0.0,2359.4,0.3,7.6,2212.4,139.0
GOA,1969,0.0,0.0,0.0,1.1,2.4,666.5,1282.2,527.1,586.0,37.9,23.2,0.9,3127.4,0.0,3.5,3061.8,62.0
GOA,1970,0.0,0.0,0.0,1.5,74.5,963.3,993.8,1164.8,312.7,85.8,0.0,0.2,3596.6,0.0,76.0,3434.6,86.0
GOA,1971,0.0,0.0,0.0,0.3,85.1,1011.9,650.8,602.0,362.6,40.4,0.9,0.0,2754.0,0.0,85.4,2627.3,41.3
GOA,1972,0.0,0.1,0.0,0.6,10.7,662.0,731.6,293.9,138.8,8.5,26.8,0.0,1873.0,0.1,11.3,1826.3,35.3
GOA,1973,0.0,0.4,0.0,0.0,3.1,455.9,922.1,910.6,437.4,103.6,2.9,0.2,2836.3,0.4,3.1,2726.0,106.7
GOA,1974,0.7,0.0,0.0,6.8,73.9,508.2,1133.0,774.4,351.1,238.6,0.0,0.0,3086.7,0.7,80.7,2766.7,238.6
GOA,1975,0.0,0.1,0.0,1.0,13.6,856.9,1027.0,848.0,556.0,192.7,20.2,0.0,3515.4,0.1,14.6,3287.9,212.9
GOA,1976,0.0,0.0,1.6,0.4,4.5,635.1,1279.2,690.1,360.7,20.3,71.0,0.0,3063.0,0.0,6.5,2965.1,91.3
GOA,1977,0.0,0.0,0.8,1.3,10.3,583.0,1384.6,580.5,386.9,77.0,78.8,0.2,3103.3,0.0,12.4,2935.0,156.0
GOA,1978,0.0,0.0,0.0,8.3,86.6,946.2,907.2,575.4,243.0,67.2,48.8,2.8,2885.6,0.0,94.9,2671.8,118.8
GOA,1979,0.0,0.7,0.1,0.0,0.3,653.1,797.2,687.2,266.5,26.8,77.3,0.0,2509.2,0.7,0.4,2404.0,104.1
GOA,1980,0.0,0.0,0.0,3.5,2.9,877.7,749.9,851.8,166.4,20.7,26.1,25.2,2724.3,0.0,6.4,2645.8,72.0
GOA,1981,0.6,0.0,0.0,0.1,4.2,773.9,1073.0,708.6,480.6,59.1,24.5,0.1,3124.7,0.6,4.3,3036.1,83.7
GOA,1982,0.0,0.0,0.0,0.0,14.5,558.4,987.1,810.8,216.3,42.1,69.6,0.0,2698.9,0.0,14.5,2572.6,111.7
GOA,1983,0.0,0.0,0.0,0.3,0.4,655.3,1073.2,1331.2,638.8,102.4,9.7,3.2,3814.5,0.0,0.7,3698.5,115.3
GOA,1984,0.0,0.2,0.1,0.9,0.3,728.0,1090.5,421.4,220.5,118.7,2.9,0.3,2583.6,0.2,1.3,2460.4,121.9
GOA,1985,0.0,0.0,0.0,0.4,23.3,1000.0,921.3,663.1,153.1,204.8,2.5,0.0,2968.5,0.0,23.7,2737.5,207.3
GOA,1986,0.0,0.0,0.0,0.1,1.0,777.2,543.2,670.9,65.0,15.6,53.6,1.0,2127.7,0.0,1.1,2056.3,70.2
GOA,1987,0.0,0.0,0.0,0.6,9.0,612.0,832.2,835.6,149.3,166.8,20.2,9.3,2635.0,0.0,9.6,2429.1,196.3
GOA,1988,0.0,0.0,0.0,4.3,1.3,506.1,1432.1,664.4,617.9,66.9,0.0,0.0,3293.0,0.0,5.6,3220.5,66.9
GOA,1989,0.0,0.0,0.6,1.0,4.0,733.1,943.0,704.9,300.5,80.7,3.6,0.0,2771.5,0.0,5.6,2681.5,84.3
GOA,1990,0.0,0.0,0.1,0.0,193.9,802.1,873.7,1164.2,323.2,190.0,20.8,0.0,3568.0,0.0,194.0,3163.2,210.8
GOA,1991,0.0,0.0,0.0,6.4,14.7,759.2,1461.4,598.8,92.7,20.3,0.8,0.3,2954.6,0.0,21.1,2912.1,21.4
GOA,1992,0.0,0.0,0.0,0.0,6.2,493.0,822.9,1093.1,343.4,79.0,2.8,0.0,2840.4,0.0,6.2,2752.4,81.8
GOA,1993,0.0,0.0,0.6,0.1,11.4,587.7,1394.1,648.7,597.2,227.6,9.4,4.0,3480.9,0.0,12.1,3227.7,241.0
GOA,1994,1.3,0.0,0.0,12.5,11.7,784.8,1168.5,654.4,406.5,137.9,2.2,0.0,3179.8,1.3,24.2,3014.2,140.1
GOA,1995,3.5,0.0,0.0,3.3,15.3,345.9,1171.2,606.5,419.5,196.5,4.4,0.0,2766.0,3.5,18.6,2543.1,200.9
GOA,1996,0.1,0.0,0.0,0.6,1.4,535.7,1232.0,594.6,308.4,245.9,1.2,0.9,2920.7,0.1,2.0,2670.7,248.0
GOA,1997,2.6,0.0,0.8,1.8,0.2,757.9,1072.6,847.6,215.2,21.8,47.1,59.6,3027.2,2.6,2.8,2893.3,128.5
GOA,1998,0.0,0.0,0.0,0.0,9.7,671.3,909.1,758.3,561.8,280.0,44.3,0.1,3234.7,0.0,9.7,2900.5,324.4
GOA,1999,0.0,0.0,0.0,0.0,67.1,978.7,1105.1,283.7,297.1,179.7,0.7,0.0,2912.1,0.0,67.1,2664.6,180.4
GOA,2000,1.2,0.0,0.0,0.9,190.3,739.4,1200.4,789.5,111.9,91.8,1.6,6.2,3133.2,1.2,191.2,2841.2,99.6
GOA,2001,5.6,0.0,0.0,2.8,59.6,540.1,873.4,611.3,207.9,91.6,3.1,0.0,2395.4,5.6,62.4,2232.7,94.7
GOA,2002,0.0,0.0,0.1,2.8,9.4,942.0,452.8,834.5,217.1,75.3,3.0,0.3,2537.2,0.0,12.3,2446.4,78.6
GOA,2003,0.5,0.6,0.8,1.2,11.2,865.3,1013.9,593.7,298.7,54.4,1.9,0.0,2842.3,1.1,13.2,2771.6,56.3
GOA,2004,0.0,0.0,0.0,10.4,46.9,678.6,902.3,1011.5,293.3,32.9,10.2,0.0,2985.9,0.0,57.3,2885.7,43.1
GOA,2005,1.3,0.1,1.9,4.0,9.8,730.2,1340.9,772.2,678.8,76.5,0.0,0.1,3615.7,1.4,15.7,3522.1,76.6
GOA,2006,0.0,0.0,9.9,0.0,211.8,683.1,1066.2,886.4,399.9,202.4,22.5,0.0,3482.2,0.0,221.7,3035.6,224.9
GOA,2007,0.0,0.0,0.1,3.3,33.4,939.3,841.3,980.2,609.0,45.6,16.0,0.1,3468.5,0.0,36.8,3369.8,61.7
GOA,2008,0.0,0.1,31.5,0.3,11.1,798.5,766.6,833.1,551.2,57.3,0.9,2.4,3053.1,0.1,42.9,2949.4,60.6
GOA,2009,0.0,0.0,0.3,0.1,5.6,330.6,1271.2,292.9,387.5,307.4,121.0,0.0,2716.6,0.0,6.0,2282.2,428.4
GOA,2010,2.7,0.0,0.0,1.5,8.2,680.8,1405.3,850.0,531.3,190.2,106.7,1.4,3778.1,2.7,9.7,3467.4,298.3
GOA,2011,0.0,0.0,0.0,3.4,1.1,857.0,1384.1,987.9,468.3,120.3,3.1,0.0,3825.2,0.0,4.5,3697.3,123.4
GOA,2012,0.0,0.0,0.0,0.6,1.1,633.0,928.5,762.5,515.3,175.1,2.3,0.0,3018.4,0.0,1.7,2839.3,177.4
GOA,2013,1.8,5.4,0.1,0.1,18.5,1028.3,1478.5,497.6,340.7,149.3,2.1,1.5,3524.0,7.2,18.7,3345.1,152.9
GOA,2014,1.3,5.3,1.8,0.7,21.3,238.2,1293.2,658.0,419.5,98.7,8.0,11.7,2757.5,6.6,23.8,2608.9,118.4
GOA,2015,2.7,0.0,36.8,3.6,11.3,764.0,526.5,377.3,240.9,91.4,27.3,0.0,2082.0,2.7,51.7,1908.7,118.7
GUJARAT,1901,3.05,0.0,0.35,0.9,5.1,34.7,164.0,133.95,15.05,10.2,0.0,0.5,367.8,3.05,6.35,347.7,10.7
GUJARAT,1902,2.0,0.0,0.0,0.55,1.05,23.6,161.35,229.5,202.55,1.9,0.8,9.2,632.5,2.0,1.6,617.0,11.9
GUJARAT,1903,0.4,0.05,1.55,0.0,7.7,20.3,395.4,149.05,122.55,8.25,0.0,0.0,705.2,0.45,9.25,687.3,8.25
GUJARAT,1904,1.1,8.2,17.15,0.1,1.95,28.9,153.0,40.6,83.45,3.2,0.9,0.6,339.1,9.3,19.2,305.95,4.7
GUJARAT,1905,0.8,0.85,0.85,0.35,0.0,13.25,461.4,25.1,47.05,0.9,0.1,0.05,550.75,1.65,1.2,546.8,1.05
GUJARAT,1906,0.45,20.45,0.0,0.0,0.05,151.75,236.25,199.65,95.7,10.4,0.0,0.75,715.45,20.9,0.05,683.35,11.15
GUJARAT,1907,0.15,17.15,0.1,2.2,0.4,70.7,263.05,389.05,10.4,0.0,0.0,0.0,753.3,17.3,2.7,733.2,0.0
GUJARAT,1908,4.4,0.15,0.1,0.0,0.05,48.85,423.45,282.4,17.75,0.55,0.0,0.0,777.7,4.55,0.15,772.45,0.55
GUJARAT,1909,0.15,2.0,0.05,4.55,1.8,130.05,331.55,153.7,150.25,1.9,0.0,6.1,782.1,2.15,6.4,765.55,8.0
GUJARAT,1910,0.45,0.0,0.0,0.25,0.25,213.2,226.15,266.35,34.7,13.35,7.5,0.0,762.15,0.45,0.5,740.4,20.85
GUJARAT,1911,2.5,0.0,27.2,0.0,0.7,100.05,39.65,60.4,38.8,0.35,2.0,0.25,271.95,2.5,27.9,238.9,2.6
GUJARAT,1912,0.05,0.0,0.35,0.35,0.45,83.85,526.8,212.3,29.55,8.15,23.75,0.0,885.55,0.05,1.15,852.5,31.9
GUJARAT,1913,0.0,0.0,0.1,0.0,7.1,288.8,388.0,168.2,103.95,0.8,0.05,0.2,957.25,0.0,7.2,948.95,1.05
GUJARAT,1914,0.0,6.75,0.2,0.1,5.15,191.8,303.45,87.1,236.45,6.35,5.05,0.0,842.3,6.75,5.45,818.8,11.4
GUJARAT,1915,4.4,1.6,10.0,4.4,1.8,81.8,114.1,64.3,41.1,81.45,1.4,0.2,406.55,6.0,16.2,301.3,83.05
GUJARAT,1916,0.0,0.0,0.1,0.05,5.7,73.85,137.0,328.9,145.95,30.85,2.0,0.0,724.4,0.0,5.85,685.7,32.85
GUJARAT,1917,1.9,3.8,0.0,3.4,77.65,104.1,267.65,294.55,231.65,221.1,0.0,0.0,1205.8,5.7,81.05,897.95,221.1
GUJARAT,1918,0.2,0.0,0.4,0.3,7.95,23.85,77.75,131.2,13.1,0.2,0.25,0.0,255.1,0.2,8.65,245.9,0.45
GUJARAT,1919,6.8,0.05,0.0,1.2,1.5,67.45,253.15,330.4,54.65,25.6,15.45,0.0,756.25,6.85,2.7,705.65,41.05
GUJARAT,1920,28.3,3.15,0.15,0.2,41.95,213.5,206.65,81.4,24.1,0.0,0.0,0.0,599.5,31.45,42.3,525.65,0.0
GUJARAT,1921,0.4,0.0,0.0,0.0,0.0,19.85,423.55,142.25,297.55,1.55,0.0,0.2,885.45,0.4,0.0,883.2,1.75
GUJARAT,1922,1.05,0.0,0.0,0.5,0.05,85.75,221.1,69.15,222.45,3.05,2.05,1.5,606.8,1.05,0.55,598.45,6.6
GUJARAT,1923,0.0,8.3,0.75,2.25,3.65,2.3,199.35,113.65,47.95,0.85,0.0,0.0,379.1,8.3,6.65,363.25,0.85
GUJARAT,1924,0.7,0.05,0.25,0.0,6.1,79.15,209.3,172.8,130.4,10.65,0.0,0.7,610.15,0.75,6.35,591.65,11.35
GUJARAT,1925,0.0,0.0,0.05,0.0,18.75,232.55,139.6,55.5,10.9,0.2,9.2,0.1,466.85,0.0,18.8,438.55,9.5
GUJARAT,1926,6.25,0.0,0.6,2.1,15.3,15.0,328.25,341.65,377.85,0.9,0.05,0.0,1087.95,6.25,18.0,1062.75,0.95
GUJARAT,1927,0.0,6.85,0.05,0.1,1.9,95.95,672.7,123.45,84.85,24.1,10.9,9.95,1030.8,6.85,2.05,976.95,44.95
GUJARAT,1928,0.3,0.1,0.0,0.1,0.0,28.15,288.05,156.15,113.6,23.25,13.35,0.9,623.9,0.4,0.1,585.95,37.5
GUJARAT,1929,3.5,0.0,0.0,4.3,0.7,81.6,311.05,106.95,16.05,7.45,0.95,16.45,549.05,3.5,5.0,515.65,24.85
GUJARAT,1930,3.4,0.35,0.1,0.1,1.45,142.15,325.5,95.55,70.65,32.65,0.0,0.5,672.45,3.75,1.65,633.85,33.15
GUJARAT,1931,0.1,0.35,0.0,0.05,2.4,13.25,223.75,332.75,53.6,86.85,3.35,0.65,717.15,0.45,2.45,623.35,90.85
GUJARAT,1932,0.0,0.0,0.4,0.2,0.35,37.0,462.05,92.55,73.8,32.55,0.45,0.15,699.55,0.0,0.95,665.4,33.15
GUJARAT,1933,0.0,3.95,0.95,7.45,74.1,88.95,230.7,357.8,167.25,10.5,1.8,4.05,947.5,3.95,82.5,844.7,16.35
GUJARAT,1934,0.05,0.0,0.65,0.2,0.0,190.65,190.5,248.85,46.3,0.9,10.8,0.0,689.0,0.05,0.85,676.3,11.7
GUJARAT,1935,9.4,0.0,0.0,2.05,0.2,63.6,354.5,85.85,114.95,9.55,0.05,0.35,640.5,9.4,2.25,618.9,9.95
GUJARAT,1936,0.0,2.5,0.85,0.0,0.5,151.9,110.6,35.1,145.2,0.65,42.45,0.4,490.2,2.5,1.35,442.8,43.5
GUJARAT,1937,0.0,3.2,0.1,0.05,0.0,188.9,424.6,19.0,216.15,5.8,0.05,10.45,868.35,3.2,0.15,848.65,16.3
GUJARAT,1938,0.0,0.05,0.0,0.0,12.9,203.2,228.45,96.9,15.8,22.85,0.0,0.15,580.45,0.05,12.9,544.35,23.0
GUJARAT,1939,0.0,4.85,2.7,0.0,0.0,19.65,136.25,172.4,51.7,2.7,2.15,0.1,392.5,4.85,2.7,380.0,4.95
GUJARAT,1940,9.25,5.4,8.3,1.05,1.6,132.1,147.95,163.7,71.5,46.85,25.6,0.0,613.3,14.65,10.95,515.25,72.45
GUJARAT,1941,0.75,7.95,0.05,0.4,0.85,28.45,509.55,100.55,28.9,3.1,0.0,1.2,681.8,8.7,1.3,667.45,4.3
GUJARAT,1942,1.5,17.35,0.0,0.0,7.5,71.65,306.2,257.25,102.75,0.0,0.0,0.2,764.5,18.85,7.5,737.85,0.2
GUJARAT,1943,0.15,0.0,0.0,1.2,13.9,97.45,418.45,47.15,111.95,29.2,0.25,0.0,719.7,0.15,15.1,675.0,29.45
GUJARAT,1944,1.9,0.0,3.6,1.15,3.15,90.05,527.7,349.55,42.65,8.6,0.0,0.65,1029.1,1.9,7.9,1009.95,9.25
GUJARAT,1945,8.5,0.0,0.0,1.3,0.55,140.9,423.55,174.1,204.3,1.75,0.0,0.0,955.05,8.5,1.85,942.85,1.75
GUJARAT,1946,0.0,1.25,0.0,1.0,3.7,185.2,213.0,313.05,67.45,1.45,21.3,3.05,810.55,1.25,4.7,778.7,25.8
GUJARAT,1947,0.2,0.0,0.0,52.4,0.0,3.3,147.9,258.75,202.15,5.2,1.15,0.0,671.1,0.2,52.4,612.1,6.35
GUJARAT,1948,9.95,0.2,0.0,0.0,0.55,39.45,102.65,95.3,61.2,26.1,24.3,1.0,360.8,10.15,0.55,298.6,51.4
GUJARAT,1949,0.0,0.1,0.0,0.0,1.7,24.25,263.25,218.65,148.5,13.45,1.4,0.0,671.3,0.1,1.7,654.65,14.85
GUJARAT,1950,0.1,0.0,0.0,0.0,0.05,7.4,558.75,48.95,184.55,1.65,0.0,0.0,801.45,0.1,0.05,799.65,1.65
GUJARAT,1951,0.0,0.0,0.6,0.55,1.75,52.8,173.45,125.15,7.1,7.15,13.05,0.15,381.75,0.0,2.9,358.5,20.35
GUJARAT,1952,0.0,0.15,0.0,0.05,0.95,108.9,383.5,84.55,8.6,1.6,0.35,0.0,588.7,0.15,1.0,585.55,1.95
GUJARAT,1953,9.55,0.15,0.15,0.05,0.15,104.95,176.05,501.6,87.1,1.0,0.0,0.2,881.05,9.7,0.35,869.7,1.2
GUJARAT,1954,1.0,1.55,4.5,0.0,0.3,80.95,267.8,210.55,338.45,16.4,0.3,2.05,923.9,2.55,4.8,897.75,18.75
GUJARAT,1955,0.15,0.05,0.5,0.35,2.0,65.6,68.2,267.15,246.2,29.85,0.05,0.2,680.4,0.2,2.85,647.15,30.1
GUJARAT,1956,0.15,0.15,0.0,0.15,13.85,92.1,490.05,252.6,117.7,83.2,2.0,0.9,1052.85,0.3,14.0,952.45,86.1
GUJARAT,1957,2.0,0.0,0.15,0.05,3.6,115.2,227.4,144.55,12.05,4.5,13.15,0.5,523.15,2.0,3.8,499.2,18.15
GUJARAT,1958,0.95,0.25,0.3,2.2,0.6,73.45,248.35,183.95,274.9,40.75,10.05,1.75,837.35,1.2,3.1,780.65,52.55
GUJARAT,1959,0.45,0.0,0.0,2.5,1.55,82.25,590.85,195.4,293.9,119.2,4.65,0.0,1290.8,0.45,4.05,1162.4,123.85
GUJARAT,1960,0.85,0.0,0.35,0.0,6.95,126.9,175.4,126.75,52.75,3.4,0.0,0.05,493.4,0.85,7.3,481.8,3.45
GUJARAT,1961,0.5,3.8,2.4,0.0,1.3,108.05,329.55,150.9,238.25,14.1,0.15,0.0,849.0,4.3,3.7,826.75,14.25
GUJARAT,1962,0.0,0.0,1.05,1.0,2.55,36.65,217.85,142.1,158.7,0.15,10.8,1.55,572.4,0.0,4.6,555.3,12.5
GUJARAT,1963,0.95,0.0,0.95,0.9,0.4,45.2,187.25,237.25,146.7,35.7,32.8,0.3,688.5,0.95,2.25,616.4,68.8
GUJARAT,1964,0.15,0.0,0.0,0.0,2.8,105.85,269.7,240.6,96.7,0.3,0.0,0.0,716.1,0.15,2.8,712.85,0.3
GUJARAT,1965,6.45,0.0,0.3,0.35,0.75,6.3,364.05,139.0,18.9,0.6,2.25,0.05,539.0,6.45,1.4,528.25,2.9
GUJARAT,1966,0.2,0.0,0.0,0.0,0.35,98.9,241.85,39.0,130.2,0.75,0.2,0.05,511.6,0.2,0.35,509.95,1.0
GUJARAT,1967,0.0,0.0,44.15,0.55,0.2,119.45,440.3,132.65,77.3,0.55,0.0,23.35,838.65,0.0,44.9,769.7,23.9
GUJARAT,1968,0.6,0.65,1.05,0.0,0.35,22.4,192.0,231.15,35.0,7.7,0.35,0.0,491.3,1.25,1.4,480.55,8.05
GUJARAT,1969,0.0,0.2,0.0,0.0,0.0,72.35,253.8,95.05,109.4,0.15,6.8,1.7,539.5,0.2,0.0,530.6,8.65
GUJARAT,1970,0.15,0.55,0.25,0.15,6.45,166.4,238.45,411.65,258.9,11.75,0.05,0.0,1094.8,0.7,6.85,1075.4,11.8
GUJARAT,1971,0.15,0.05,0.0,0.3,3.5,161.65,215.2,164.1,93.55,2.95,0.0,0.0,641.4,0.2,3.8,634.5,2.95
GUJARAT,1972,0.1,2.7,0.0,0.0,1.05,87.4,153.6,102.65,15.1,0.3,0.0,0.0,362.95,2.8,1.05,358.75,0.3
GUJARAT,1973,0.5,0.4,0.05,0.0,0.9,74.05,239.3,221.55,231.15,7.05,0.0,0.05,774.95,0.9,0.95,766.05,7.1
GUJARAT,1974,0.0,0.0,0.0,0.4,30.8,19.1,95.95,64.55,57.15,34.1,0.0,0.95,303.0,0.0,31.2,236.75,35.05
GUJARAT,1975,0.35,0.0,0.35,0.0,0.05,128.6,153.5,319.45,259.25,75.75,0.0,0.0,937.4,0.35,0.4,860.8,75.75
GUJARAT,1976,2.1,0.05,0.5,0.0,0.1,223.1,411.1,335.3,107.15,1.25,42.15,0.0,1122.8,2.15,0.6,1076.65,43.4
GUJARAT,1977,2.45,0.05,0.1,0.05,11.55,235.6,381.7,165.75,129.45,0.8,8.35,0.0,935.9,2.5,11.7,912.5,9.15
GUJARAT,1978,0.0,0.9,0.0,2.25,0.15,156.45,192.45,288.0,31.7,7.9,29.15,3.2,712.2,0.9,2.4,668.6,40.25
GUJARAT,1979,0.5,3.95,0.0,0.0,0.2,137.9,104.45,537.65,41.65,11.85,91.25,0.55,929.95,4.45,0.2,821.65,103.65
GUJARAT,1980,0.2,0.1,0.0,0.0,0.05,291.55,250.15,153.6,19.55,0.45,0.65,12.7,728.9,0.3,0.05,714.85,13.8
GUJARAT,1981,1.0,0.0,0.35,0.05,0.5,78.65,349.4,270.4,113.7,36.8,58.75,0.0,909.6,1.0,0.9,812.15,95.55
GUJARAT,1982,0.25,0.05,0.05,1.45,33.15,22.4,205.55,190.2,21.35,3.6,101.65,0.0,579.8,0.3,34.65,439.5,105.25
GUJARAT,1983,0.15,0.05,0.0,4.65,0.9,169.75,310.3,326.1,124.3,50.05,0.0,0.0,986.15,0.2,5.55,930.45,50.05
GUJARAT,1984,0.0,0.0,0.0,0.0,0.0,71.45,183.6,287.3,102.65,2.85,0.85,0.0,648.65,0.0,0.0,645.0,3.7
GUJARAT,1985,0.0,0.0,0.0,0.4,3.6,13.35,175.25,150.55,17.9,83.05,0.0,0.15,444.25,0.0,4.0,357.05,83.2
GUJARAT,1986,0.0,0.0,0.15,0.0,2.1,173.95,96.1,121.2,5.35,0.75,0.55,0.05,400.15,0.0,2.25,396.6,1.35
GUJARAT,1987,0.2,0.25,0.2,0.0,0.2,50.5,68.9,107.05,3.9,1.75,7.2,7.0,247.3,0.45,0.4,230.35,15.95
GUJARAT,1988,0.0,0.0,0.0,1.8,0.05,43.7,534.45,178.15,160.7,6.0,0.0,0.0,924.85,0.0,1.85,917.0,6.0
GUJARAT,1989,1.55,0.0,0.1,0.0,0.05,123.5,303.9,179.45,49.65,2.3,0.0,0.0,660.5,1.55,0.15,656.5,2.3
GUJARAT,1990,0.0,2.8,0.3,0.0,19.4,55.95,119.25,394.95,148.15,17.4,2.45,2.45,763.15,2.8,19.7,718.3,22.3
GUJARAT,1991,0.0,0.0,0.0,0.0,0.0,34.45,298.2,89.0,23.6,0.0,0.35,0.15,445.7,0.0,0.0,445.25,0.5
GUJARAT,1992,1.3,0.1,0.0,0.0,0.5,88.95,299.75,178.15,166.4,14.35,1.35,0.0,750.9,1.4,0.5,733.25,15.7
GUJARAT,1993,0.75,3.25,0.05,0.0,0.0,87.3,349.0,36.75,108.95,30.3,9.35,1.25,627.05,4.0,0.05,582.0,40.9
GUJARAT,1994,4.1,0.0,0.0,0.05,0.0,210.05,446.85,253.8,287.65,1.1,0.05,0.0,1203.65,4.1,0.05,1198.35,1.15
GUJARAT,1995,1.1,0.0,0.2,0.0,0.0,5.75,355.05,86.4,56.75,23.4,0.15,0.35,529.2,1.1,0.2,503.95,23.9
GUJARAT,1996,0.7,0.0,0.0,0.05,0.0,130.5,268.35,126.2,81.55,31.15,0.05,0.0,638.6,0.7,0.05,606.6,31.2
GUJARAT,1997,0.75,0.0,0.4,1.8,3.3,272.55,189.65,226.85,133.4,5.0,0.45,0.45,834.55,0.75,5.5,822.45,5.9
GUJARAT,1998,0.0,0.05,0.0,0.0,0.0,110.3,230.9,145.25,204.5,124.4,3.0,0.0,818.45,0.05,0.0,690.95,127.4
GUJARAT,1999,0.65,6.25,0.0,0.0,69.65,109.3,130.85,36.25,40.55,81.2,0.0,0.0,474.55,6.9,69.65,316.95,81.2
GUJARAT,2000,0.0,0.05,0.0,0.0,19.5,34.15,262.9,89.6,9.0,1.2,0.0,1.85,418.35,0.05,19.5,395.65,3.05
GUJARAT,2001,3.05,0.0,0.0,0.2,1.5,194.9,255.55,186.85,19.2,18.25,0.1,0.0,679.6,3.05,1.7,656.5,18.35
GUJARAT,2002,2.05,0.0,0.05,0.0,0.0,200.3,26.9,178.0,64.4,0.4,0.15,0.35,472.65,2.05,0.05,469.6,0.9
GUJARAT,2003,0.0,3.25,0.05,0.0,0.0,138.75,460.45,252.65,65.6,2.45,0.0,0.0,923.25,3.25,0.05,917.45,2.45
GUJARAT,2004,0.1,0.0,0.0,0.0,9.0,115.25,164.1,390.7,43.95,20.95,0.0,0.0,744.0,0.1,9.0,714.0,20.95
GUJARAT,2005,0.0,0.0,0.0,0.1,0.25,284.25,252.7,148.9,286.15,1.55,0.0,0.0,974.0,0.0,0.35,972.0,1.55
GUJARAT,2006,0.0,0.0,1.35,0.0,0.1,94.85,474.7,407.3,104.4,5.3,1.6,0.3,1089.9,0.0,1.45,1081.25,7.2
GUJARAT,2007,0.05,1.15,0.05,0.0,0.25,104.05,388.5,375.5,163.2,0.85,1.3,0.0,1034.8,1.2,0.3,1031.25,2.15
GUJARAT,2008,0.05,0.05,0.05,1.8,0.05,77.1,206.1,242.3,217.95,8.7,0.35,5.0,759.5,0.1,1.9,743.45,14.05
GUJARAT,2009,0.0,0.0,0.15,0.0,0.0,42.55,399.7,124.75,31.85,15.35,4.8,0.0,619.25,0.0,0.15,598.85,20.15
GUJARAT,2010,0.15,0.0,0.0,0.0,0.05,65.2,361.0,411.15,202.1,11.9,52.65,0.1,1104.3,0.15,0.05,1039.45,64.65
GUJARAT,2011,0.0,0.8,0.0,0.0,0.0,21.15,235.95,371.3,186.3,0.8,0.05,0.0,816.5,0.8,0.0,814.7,0.85
GUJARAT,2012,0.05,0.0,0.0,0.1,0.05,28.4,106.45,132.4,246.15,4.75,0.0,0.5,518.9,0.05,0.15,513.4,5.25
GUJARAT,2013,0.85,0.55,0.1,6.55,0.05,141.7,288.3,147.2,273.75,40.9,0.05,0.0,900.2,1.4,6.7,850.95,40.95
GUJARAT,2014,3.0,0.05,0.15,0.75,1.7,14.45,222.6,128.7,167.15,4.25,2.0,0.0,544.8,3.05,2.6,532.9,6.25
GUJARAT,2015,1.35,0.0,5.25,3.8,0.85,116.65,290.7,24.0,86.65,2.75,0.3,0.0,532.3,1.35,9.9,518.0,3.05
HARYANA,1901,35.4,28.9,11.1,0.0,5.1,13.2,126.4,151.5,10.5,2.0,0.0,6.1,390.1,64.3,16.2,301.6,8.1
HARYANA,1902,0.0,0.7,2.9,10.2,15.8,74.6,149.3,97.1,59.8,9.3,0.0,0.0,419.8,0.7,28.9,380.8,9.3
HARYANA,1903,14.7,0.5,2.3,0.5,8.5,8.6,151.6,138.2,97.7,4.0,0.0,2.3,428.9,15.2,11.3,396.1,6.3
HARYANA,1904,7.6,0.7,48.0,0.5,29.3,34.3,109.7,162.9,102.3,1.5,10.4,20.3,527.8,8.3,77.8,409.2,32.2
HARYANA,1905,44.8,20.8,14.0,1.3,7.4,20.1,93.6,23.1,92.6,0.0,0.0,5.1,322.9,65.6,22.7,229.4,5.1
HARYANA,1906,3.6,64.1,31.4,0.1,1.4,70.2,128.9,103.8,185.2,0.0,0.0,5.0,593.6,67.7,32.9,488.1,5.0
HARYANA,1907,14.3,42.8,25.9,33.5,7.8,20.0,123.2,175.3,1.0,0.1,0.0,0.0,443.9,57.1,67.2,319.5,0.1
HARYANA,1908,31.4,6.1,0.1,7.6,22.4,14.5,196.6,398.2,10.1,0.3,1.1,0.6,689.0,37.5,30.1,619.4,2.0
HARYANA,1909,5.9,13.1,0.0,78.1,2.8,123.7,228.7,118.9,162.4,3.1,0.0,32.7,769.3,19.0,80.9,633.7,35.8
HARYANA,1910,19.7,5.1,0.1,2.1,3.1,69.0,107.9,150.4,159.7,87.3,0.0,0.8,605.2,24.8,5.3,487.0,88.1
HARYANA,1911,66.5,1.3,53.3,0.7,0.1,53.1,26.3,49.3,208.7,10.7,39.7,0.0,509.7,67.8,54.1,337.4,50.4
HARYANA,1912,43.4,12.5,9.0,9.2,2.8,26.5,161.1,134.2,119.5,0.0,10.5,0.5,529.3,55.9,21.0,441.3,11.0
HARYANA,1913,1.1,42.9,22.4,1.9,69.7,111.8,142.9,82.3,22.6,0.7,0.9,9.3,508.4,44.0,94.0,359.6,10.9
HARYANA,1914,2.3,7.0,4.7,22.7,21.0,51.1,252.0,100.0,182.9,18.7,2.0,0.3,664.7,9.3,48.4,586.0,21.0
HARYANA,1915,30.7,49.1,40.9,7.1,8.0,39.9,66.9,69.9,101.7,6.4,0.0,1.8,422.4,79.8,56.0,278.4,8.2
HARYANA,1916,0.5,15.7,0.2,2.3,12.5,71.2,139.7,217.7,107.8,61.6,0.0,0.0,629.1,16.2,15.0,536.4,61.6
HARYANA,1917,6.1,7.4,3.2,34.5,25.8,64.6,164.3,210.9,361.5,101.0,0.0,7.5,986.7,13.5,63.5,801.3,108.5
HARYANA,1918,10.0,0.0,11.1,9.9,1.1,34.3,20.0,142.1,5.0,0.3,0.8,0.0,234.7,10.0,22.1,201.4,1.1
HARYANA,1919,61.0,2.7,8.4,2.3,14.8,7.0,208.7,172.1,50.6,0.0,3.4,22.8,553.7,63.7,25.5,438.4,26.2
HARYANA,1920,11.2,12.9,13.2,0.2,21.6,73.0,194.8,30.8,9.6,1.4,0.0,0.1,368.8,24.1,35.0,308.2,1.5
HARYANA,1921,21.3,1.2,0.5,1.4,0.0,13.7,100.2,189.5,86.1,29.5,0.0,3.0,446.5,22.5,1.9,389.5,32.5
HARYANA,1922,14.3,4.5,0.6,0.6,1.4,86.7,139.6,99.7,176.5,1.7,0.0,27.1,552.9,18.8,2.6,502.5,28.8
HARYANA,1923,17.0,52.7,0.8,0.1,19.7,24.8,183.7,221.3,17.6,9.1,0.3,34.4,581.5,69.7,20.6,447.4,43.8
HARYANA,1924,48.5,18.9,2.0,1.3,5.5,18.5,98.3,151.3,247.5,45.5,2.5,15.0,654.8,67.4,8.8,515.6,63.0
HARYANA,1925,4.8,0.1,0.1,3.1,11.2,153.8,247.0,108.6,10.2,5.7,12.2,0.3,557.2,4.9,14.4,519.6,18.2
HARYANA,1926,9.4,9.3,39.2,10.3,33.4,18.4,190.0,257.4,45.5,0.6,2.4,0.1,615.9,18.7,82.9,511.3,3.1
HARYANA,1927,0.2,34.1,14.8,7.4,13.9,12.2,160.9,163.9,42.7,18.1,1.7,32.5,502.5,34.3,36.1,379.7,52.3
HARYANA,1928,21.5,28.3,3.4,5.9,3.7,36.5,131.0,77.6,35.6,7.6,20.3,16.8,388.2,49.8,13.0,280.7,44.7
HARYANA,1929,15.2,0.1,0.0,9.5,3.7,18.7,135.2,82.8,11.4,3.8,0.0,26.2,306.6,15.3,13.2,248.1,30.0
HARYANA,1930,28.4,11.4,4.0,1.8,3.4,68.6,266.5,78.4,32.3,2.8,0.9,2.1,500.5,39.8,9.2,445.8,5.8
HARYANA,1931,0.4,17.0,14.2,0.3,7.8,11.1,198.7,122.5,109.5,37.4,0.0,0.1,519.2,17.4,22.3,441.8,37.5
HARYANA,1932,3.0,2.0,26.2,4.8,6.1,14.3,136.8,113.4,117.5,0.0,0.0,15.8,440.1,5.0,37.1,382.0,15.8
HARYANA,1933,1.1,19.5,10.8,6.7,43.2,105.1,131.4,227.3,293.1,17.0,0.4,1.3,856.9,20.6,60.7,756.9,18.7
HARYANA,1934,21.6,1.0,47.6,0.7,2.0,64.6,140.8,199.1,18.3,0.0,0.0,5.6,501.4,22.6,50.3,422.8,5.6
HARYANA,1935,35.1,25.1,7.1,29.2,0.7,5.3,208.9,132.3,97.0,7.5,6.0,14.2,568.3,60.2,37.0,443.5,27.7
HARYANA,1936,1.6,18.2,6.8,0.7,3.3,141.3,124.4,125.7,61.3,0.1,1.2,26.5,511.1,19.8,10.8,452.7,27.8
HARYANA,1937,0.8,75.8,5.3,20.3,5.2,43.7,171.6,39.3,109.8,0.4,0.3,9.1,481.7,76.6,30.8,364.4,9.8
HARYANA,1938,38.2,7.7,0.4,1.1,7.4,61.7,89.7,56.9,8.1,7.6,0.1,0.0,278.8,45.9,8.9,216.4,7.7
HARYANA,1939,1.9,38.5,20.2,0.5,0.3,88.8,62.7,32.9,63.3,1.2,0.0,0.0,310.2,40.4,21.0,247.7,1.2
HARYANA,1940,28.2,35.6,11.9,6.7,1.7,38.7,117.4,142.3,12.6,0.2,0.0,0.4,395.7,63.8,20.3,311.0,0.6
HARYANA,1941,59.2,5.1,2.2,0.0,16.2,96.3,41.0,90.1,46.4,3.9,0.0,3.5,363.9,64.3,18.4,273.8,7.4
HARYANA,1942,24.9,48.6,2.2,11.7,7.3,48.2,257.5,237.6,154.2,0.3,0.0,11.9,804.5,73.5,21.2,697.5,12.2
HARYANA,1943,19.6,2.1,2.4,14.7,8.5,28.8,129.6,112.4,89.7,0.0,0.0,0.1,407.9,21.7,25.6,360.5,0.1
HARYANA,1944,21.5,32.9,35.1,27.6,0.5,52.2,150.7,99.0,38.8,24.8,0.6,0.6,484.2,54.4,63.2,340.7,26.0
HARYANA,1945,41.5,0.0,2.4,6.5,7.9,36.5,120.0,122.3,312.5,5.1,0.0,0.0,654.6,41.5,16.8,591.3,5.1
HARYANA,1946,0.1,9.7,1.7,3.4,27.0,72.0,122.9,155.4,17.3,15.6,1.0,11.6,437.8,9.8,32.1,367.6,28.2
HARYANA,1947,17.2,15.8,7.2,0.6,3.0,13.7,22.9,80.6,292.9,4.5,0.0,6.2,464.5,33.0,10.8,410.1,10.7
HARYANA,1948,34.4,31.4,18.8,1.1,4.8,16.0,212.4,233.0,34.6,4.3,0.9,0.3,592.1,65.8,24.7,496.0,5.5
HARYANA,1949,3.4,27.9,0.7,1.2,5.9,12.1,287.9,58.3,84.7,1.2,0.0,2.0,485.3,31.3,7.8,443.0,3.2
HARYANA,1950,22.2,6.5,18.1,0.5,6.1,9.7,220.4,147.6,118.7,0.0,0.0,1.4,551.1,28.7,24.7,496.4,1.4
HARYANA,1951,8.2,0.4,33.6,11.6,9.1,21.3,56.0,135.4,35.0,0.2,27.4,0.0,338.2,8.6,54.3,247.7,27.6
HARYANA,1952,8.2,17.8,12.0,2.6,10.8,67.1,122.5,311.0,1.3,0.0,0.0,3.2,556.3,26.0,25.4,501.9,3.2
HARYANA,1953,39.5,1.6,0.0,4.1,5.9,58.9,241.0,154.9,48.4,0.9,0.0,6.6,561.9,41.1,10.0,503.2,7.5
HARYANA,1954,26.1,91.0,10.1,0.4,3.9,26.7,152.3,45.6,136.6,43.9,0.3,0.0,537.0,117.1,14.4,361.2,44.2
HARYANA,1955,32.8,1.9,7.7,7.3,12.7,66.1,100.3,173.1,159.3,129.4,2.8,0.6,694.1,34.7,27.7,498.8,132.8
HARYANA,1956,16.6,3.1,25.6,0.8,2.4,50.8,239.1,159.5,19.5,131.3,4.4,0.6,653.8,19.7,28.8,468.9,136.3
HARYANA,1957,53.2,0.2,28.9,2.8,6.9,24.4,190.6,101.6,149.6,26.6,7.7,24.7,617.2,53.4,38.6,466.2,59.0
HARYANA,1958,4.1,0.7,5.4,1.9,4.4,17.0,150.0,182.7,273.4,21.8,1.0,10.6,673.0,4.8,11.7,623.1,33.4
HARYANA,1959,28.4,8.0,3.8,0.4,13.2,25.3,103.8,163.8,102.8,16.1,19.3,0.1,484.9,36.4,17.4,395.7,35.5
HARYANA,1960,11.3,0.0,24.4,4.2,1.3,33.1,249.9,339.0,15.6,35.2,0.0,8.9,722.9,11.3,29.9,637.6,44.1
HARYANA,1961,40.2,29.9,0.4,4.6,11.0,46.2,150.1,251.4,52.4,25.8,6.6,9.2,627.9,70.1,16.0,500.1,41.6
HARYANA,1962,21.1,10.4,7.7,1.3,1.5,14.0,144.7,111.5,189.4,0.0,2.9,6.5,511.0,31.5,10.5,459.6,9.4
HARYANA,1963,3.1,4.1,4.4,2.0,3.9,40.7,55.3,307.6,85.3,0.0,9.0,6.3,521.8,7.2,10.3,488.9,15.3
HARYANA,1964,4.7,1.5,0.9,0.4,14.6,8.8,370.7,191.5,111.2,0.6,0.1,6.0,710.9,6.2,15.9,682.2,6.7
HARYANA,1965,6.2,11.5,7.3,8.6,20.4,2.1,120.3,133.3,60.9,11.0,0.1,0.2,381.9,17.7,36.3,316.6,11.3
HARYANA,1966,3.3,34.0,6.7,1.7,45.3,128.9,98.2,312.8,69.1,6.7,1.0,0.2,707.7,37.3,53.7,609.0,7.9
HARYANA,1967,0.0,2.4,43.4,0.9,13.0,33.1,224.3,336.0,96.3,7.8,13.8,68.9,839.9,2.4,57.3,689.7,90.5
HARYANA,1968,14.1,15.9,17.3,0.0,2.3,28.3,211.2,90.1,0.1,7.0,0.0,2.0,388.3,30.0,19.6,329.7,9.0
HARYANA,1969,1.5,6.8,9.7,3.6,21.0,11.3,130.9,132.7,158.8,0.3,0.6,0.0,477.2,8.3,34.3,433.7,0.9
HARYANA,1970,35.4,35.4,9.4,0.0,11.5,67.2,65.7,207.9,104.9,0.8,0.0,0.0,538.2,70.8,20.9,445.7,0.8
HARYANA,1971,17.0,18.9,1.1,7.5,58.7,61.3,148.4,259.2,51.6,11.3,1.8,0.0,636.8,35.9,67.3,520.5,13.1
HARYANA,1972,6.8,12.1,5.6,11.6,0.1,24.9,137.1,186.0,12.6,7.7,33.1,3.2,440.8,18.9,17.3,360.6,44.0
HARYANA,1973,15.8,5.2,3.2,0.5,32.9,75.1,118.3,189.8,57.6,19.7,0.0,9.0,527.2,21.0,36.6,440.8,28.7
HARYANA,1974,0.5,1.3,1.6,0.9,4.6,37.9,201.5,94.5,12.2,16.4,0.0,13.5,384.9,1.8,7.1,346.1,29.9
HARYANA,1975,20.3,2.9,9.3,0.3,5.6,57.9,182.6,180.1,142.4,20.6,0.0,0.0,622.1,23.2,15.2,563.0,20.6
HARYANA,1976,8.8,23.1,6.8,2.7,32.4,80.2,216.2,317.4,38.0,0.2,0.1,0.8,726.7,31.9,41.9,651.8,1.1
HARYANA,1977,50.1,1.5,0.8,22.8,23.6,50.6,288.4,165.7,118.3,8.4,0.5,9.4,740.1,51.6,47.2,623.0,18.3
HARYANA,1978,0.2,24.8,51.7,4.2,1.5,71.5,202.7,184.8,104.5,2.1,2.8,0.5,651.1,25.0,57.4,563.5,5.4
HARYANA,1979,23.2,45.5,10.7,3.5,30.0,33.6,122.7,39.7,19.9,3.6,2.8,6.3,341.5,68.7,44.2,215.9,12.7
HARYANA,1980,5.8,2.3,22.0,0.4,8.9,45.5,236.5,102.0,50.2,13.4,4.9,21.4,513.2,8.1,31.3,434.2,39.7
HARYANA,1981,25.7,13.3,34.6,0.5,18.0,63.3,196.7,63.7,34.7,0.1,42.1,0.6,493.4,39.0,53.1,358.4,42.8
HARYANA,1982,21.4,20.0,70.7,33.1,57.3,29.9,99.2,150.4,5.4,3.2,2.4,13.6,506.6,41.4,161.1,284.9,19.2
HARYANA,1983,38.0,5.3,6.4,82.5,35.3,29.5,218.3,240.7,79.8,5.4,0.0,3.3,744.5,43.3,124.2,568.3,8.7
HARYANA,1984,1.9,14.5,0.4,2.7,0.7,48.6,154.2,179.5,75.5,0.9,0.0,0.3,479.2,16.4,3.8,457.8,1.2
HARYANA,1985,3.5,0.3,1.1,8.1,3.1,44.2,256.9,152.4,35.9,42.6,0.0,24.3,572.4,3.8,12.3,489.4,66.9
HARYANA,1986,7.2,31.0,12.7,3.3,36.0,85.1,92.5,108.9,52.9,11.2,0.7,9.5,450.9,38.2,52.0,339.4,21.4
HARYANA,1987,21.3,27.8,12.4,6.4,62.5,27.7,26.4,106.6,18.0,3.2,0.0,6.3,318.6,49.1,81.3,178.7,9.5
HARYANA,1988,1.5,13.2,34.5,3.6,3.4,82.4,288.5,222.5,183.4,0.0,0.1,12.0,845.0,14.7,41.5,776.8,12.1
HARYANA,1989,40.1,0.4,11.7,0.6,2.3,31.6,90.8,152.5,68.7,0.2,5.2,12.4,416.5,40.5,14.6,343.6,17.8
HARYANA,1990,0.0,79.5,4.9,2.2,21.9,25.3,201.2,137.7,194.5,2.7,14.1,19.2,703.1,79.5,29.0,558.7,36.0
HARYANA,1991,0.1,19.7,2.9,13.2,6.0,50.4,55.3,187.9,36.9,1.4,3.8,16.2,393.9,19.8,22.1,330.5,21.4
HARYANA,1992,20.3,16.4,0.5,1.2,7.8,17.2,124.5,171.6,59.0,3.8,7.2,0.0,429.7,36.7,9.5,372.3,11.0
HARYANA,1993,4.5,16.1,11.3,5.4,8.8,42.0,274.6,35.6,125.4,0.0,0.0,0.0,523.8,20.6,25.5,477.6,0.0
HARYANA,1994,20.1,11.3,0.6,7.6,8.5,51.3,275.8,160.6,28.2,0.0,0.1,0.2,564.4,31.4,16.7,515.9,0.3
HARYANA,1995,38.8,21.7,9.8,4.9,0.6,47.2,115.0,405.3,175.3,0.2,0.1,0.3,819.1,60.5,15.3,742.8,0.6
HARYANA,1996,16.0,30.5,11.6,0.6,5.1,109.4,85.8,249.2,116.3,19.9,0.0,0.3,644.6,46.5,17.3,560.7,20.2
HARYANA,1997,6.6,2.2,14.6,35.3,38.0,60.2,133.6,226.8,36.9,53.7,13.4,47.3,668.6,8.8,87.9,457.5,114.4
HARYANA,1998,0.4,24.6,25.4,9.1,6.1,68.4,154.8,161.6,150.9,78.2,5.8,0.0,685.3,25.0,40.6,535.7,84.0
HARYANA,1999,31.7,0.7,1.4,0.0,20.1,42.2,109.8,78.7,54.7,4.8,0.0,0.4,344.4,32.4,21.5,285.4,5.2
HARYANA,2000,17.1,29.1,1.4,1.3,22.8,58.9,146.8,87.9,17.5,0.0,0.4,1.2,384.4,46.2,25.5,311.1,1.6
HARYANA,2001,17.8,5.2,7.2,19.8,47.8,117.2,145.2,103.5,10.3,11.1,0.1,0.2,485.5,23.0,74.8,376.2,11.4
HARYANA,2002,11.6,31.1,9.0,1.1,52.0,21.2,19.4,78.2,123.0,1.9,0.0,8.8,357.2,42.7,62.1,241.8,10.7
HARYANA,2003,14.7,29.9,4.0,1.8,7.5,26.6,277.6,165.3,58.9,0.0,0.1,11.0,597.6,44.6,13.3,528.4,11.1
HARYANA,2004,25.4,0.3,0.0,18.1,40.7,52.5,19.9,252.9,22.1,54.1,0.0,1.2,487.3,25.7,58.8,347.4,55.3
HARYANA,2005,13.9,35.7,29.9,2.7,7.6,53.9,175.6,52.6,146.7,0.0,0.8,0.0,519.5,49.6,40.2,428.8,0.8
HARYANA,2006,2.3,0.1,30.4,0.6,24.8,45.4,135.2,32.1,49.9,3.8,1.2,5.2,330.9,2.4,55.8,262.6,10.2
HARYANA,2007,0.5,76.0,40.1,2.0,12.4,88.7,82.0,87.9,55.2,0.1,0.3,1.4,446.6,76.5,54.5,313.8,1.8
HARYANA,2008,2.4,0.4,0.6,13.4,72.9,193.5,124.3,174.2,114.5,8.4,5.5,0.2,710.4,2.8,86.9,606.5,14.1
HARYANA,2009,4.1,5.9,5.7,11.7,17.7,15.2,106.4,63.8,160.8,2.5,1.1,0.4,395.4,10.0,35.1,346.2,4.0
HARYANA,2010,4.8,10.2,0.5,0.8,5.9,29.1,189.3,198.5,183.9,1.1,3.5,12.8,640.5,15.0,7.2,600.8,17.4
HARYANA,2011,0.7,26.7,6.9,8.9,28.7,94.4,85.0,127.3,133.1,0.0,0.0,0.4,512.0,27.4,44.5,439.8,0.4
HARYANA,2012,8.2,0.2,0.1,11.8,3.8,5.3,68.1,196.6,90.7,2.4,0.6,3.5,391.4,8.4,15.7,360.7,6.5
HARYANA,2013,21.1,52.2,5.3,3.3,1.4,62.1,96.5,161.9,42.8,10.9,1.7,2.1,461.2,73.3,10.0,363.3,14.7
HARYANA,2014,13.0,17.3,26.8,7.5,20.3,25.9,72.3,34.8,67.3,10.5,0.2,9.6,305.5,30.3,54.6,200.3,20.3
HARYANA,2015,12.4,6.6,71.8,34.8,8.4,43.7,130.3,89.2,32.1,3.7,2.3,0.2,435.3,19.0,115.0,295.3,6.2
HIMACHAL PRADESH,1901,137.8,174.5,75.0,19.2,89.6,32.7,280.5,459.7,53.0,3.9,0.0,19.1,1345.1,312.3,183.8,825.9,23.0
HIMACHAL PRADESH,1902,6.5,27.0,104.4,76.2,61.3,78.8,258.6,199.3,113.4,23.6,2.5,0.0,951.6,33.5,241.9,650.1,26.1
HIMACHAL PRADESH,1903,76.5,21.4,213.7,25.4,54.7,32.2,157.7,256.5,107.9,5.8,0.2,41.4,993.3,97.9,293.8,554.3,47.4
HIMACHAL PRADESH,1904,79.3,22.4,131.7,48.0,90.3,33.1,241.1,184.3,56.4,51.6,17.3,32.0,987.6,101.7,270.0,514.9,100.9
HIMACHAL PRADESH,1905,81.3,76.8,160.2,39.3,50.4,43.6,191.1,132.8,119.1,0.3,0.9,34.4,930.2,158.1,249.9,486.6,35.6
HIMACHAL PRADESH,1906,44.1,143.9,89.5,5.3,29.9,152.6,168.7,433.7,230.9,2.9,0.0,15.9,1317.5,188.0,124.7,985.9,18.8
HIMACHAL PRADESH,1907,124.2,145.1,144.9,73.0,34.2,23.7,95.7,200.6,18.9,14.9,0.0,0.0,875.4,269.3,252.1,338.9,14.9
HIMACHAL PRADESH,1908,38.4,76.1,12.3,181.7,43.6,46.8,225.6,287.4,43.0,2.8,7.3,22.5,987.6,114.5,237.6,602.8,32.6
HIMACHAL PRADESH,1909,111.0,82.1,25.4,31.7,19.0,107.6,292.4,234.5,105.9,17.6,0.0,49.9,1077.0,193.1,76.1,740.4,67.5
HIMACHAL PRADESH,1910,49.9,48.9,42.7,48.9,46.8,133.5,408.3,355.4,174.2,37.0,5.5,55.8,1406.9,98.8,138.4,1071.4,98.3
HIMACHAL PRADESH,1911,246.3,21.9,277.3,35.1,8.8,121.0,103.2,240.9,174.4,24.0,75.2,5.8,1333.8,268.2,321.2,639.5,105.0
HIMACHAL PRADESH,1912,95.6,34.7,55.7,60.1,54.3,36.9,357.6,346.8,126.6,1.0,26.9,11.4,1207.6,130.3,170.1,867.9,39.3
HIMACHAL PRADESH,1913,21.3,126.6,72.4,35.5,114.6,168.0,215.4,239.0,40.3,14.1,20.3,51.8,1119.3,147.9,222.5,662.7,86.2
HIMACHAL PRADESH,1914,15.9,88.8,105.5,110.8,76.1,135.1,495.4,292.7,269.6,71.6,22.5,51.9,1735.9,104.7,292.4,1192.8,146.0
HIMACHAL PRADESH,1915,62.2,100.4,90.0,66.6,19.4,67.5,249.0,380.6,157.7,23.4,0.0,20.0,1236.8,162.6,176.0,854.8,43.4
HIMACHAL PRADESH,1916,10.4,75.3,33.7,41.8,35.3,238.9,275.8,254.9,118.9,86.9,0.0,0.2,1172.1,85.7,110.8,888.5,87.1
HIMACHAL PRADESH,1917,20.4,30.0,61.8,162.9,79.8,135.1,376.3,309.8,330.3,174.4,0.0,22.7,1703.6,50.4,304.5,1151.5,197.1
HIMACHAL PRADESH,1918,21.2,22.3,171.2,103.4,14.3,135.6,200.6,208.9,21.5,7.9,51.0,26.9,984.7,43.5,288.9,566.6,85.8
HIMACHAL PRADESH,1919,141.3,47.4,75.6,60.4,43.5,80.1,417.3,227.8,66.5,0.7,9.8,42.9,1213.1,188.7,179.5,791.7,53.4
HIMACHAL PRADESH,1920,53.0,58.1,126.1,32.8,109.4,55.6,385.1,168.0,76.0,3.3,0.0,17.4,1084.8,111.1,268.3,684.7,20.7
HIMACHAL PRADESH,1921,87.8,20.9,9.1,29.6,32.0,42.6,264.1,465.6,195.7,57.9,0.0,106.1,1311.2,108.7,70.7,968.0,164.0
HIMACHAL PRADESH,1922,106.6,57.5,68.2,87.7,13.0,106.8,425.8,508.1,274.0,14.2,6.5,50.2,1718.6,164.1,168.9,1314.7,70.9
HIMACHAL PRADESH,1923,113.4,151.2,51.0,27.2,93.0,64.3,320.1,512.1,125.5,60.1,17.5,85.6,1620.9,264.6,171.2,1022.0,163.2
HIMACHAL PRADESH,1924,50.2,135.1,63.0,26.6,86.7,26.6,419.3,345.5,418.6,12.4,14.9,61.7,1660.7,185.3,176.3,1210.0,89.0
HIMACHAL PRADESH,1925,86.2,61.7,33.5,65.4,86.6,167.5,450.2,388.1,48.5,33.2,88.5,0.0,1509.3,147.9,185.5,1054.3,121.7
HIMACHAL PRADESH,1926,52.9,48.6,179.7,86.3,114.4,23.9,349.6,422.9,127.9,4.2,25.1,14.3,1450.0,101.5,380.4,924.3,43.6
HIMACHAL PRADESH,1927,17.5,132.5,48.2,51.4,79.1,37.9,384.7,542.4,78.0,37.9,5.8,19.3,1435.0,150.0,178.7,1043.0,63.0
HIMACHAL PRADESH,1928,129.0,112.9,48.1,94.6,14.5,82.9,276.5,329.2,67.3,2.0,59.9,91.9,1308.9,241.9,157.2,755.9,153.8
HIMACHAL PRADESH,1929,109.0,52.3,17.6,48.0,24.9,101.7,363.9,423.7,50.3,57.3,0.0,176.0,1424.7,161.3,90.5,939.6,233.3
HIMACHAL PRADESH,1930,98.8,64.1,52.7,87.7,28.2,120.8,424.5,307.0,77.7,13.0,5.2,25.7,1305.5,162.9,168.6,930.0,43.9
HIMACHAL PRADESH,1931,58.5,149.6,79.9,14.6,84.5,25.0,263.6,339.6,202.5,47.8,0.2,0.6,1266.3,208.1,179.0,830.7,48.6
HIMACHAL PRADESH,1932,43.0,52.8,62.1,17.1,61.4,54.6,409.2,451.3,183.1,6.1,9.5,68.4,1418.9,95.8,140.6,1098.2,84.0
HIMACHAL PRADESH,1933,60.2,93.6,109.4,80.2,54.7,106.0,259.3,244.2,172.7,49.1,8.2,2.8,1240.4,153.8,244.3,782.2,60.1
HIMACHAL PRADESH,1934,91.8,12.8,40.3,82.3,59.9,70.7,281.0,241.1,30.4,0.9,1.3,69.5,982.1,104.6,182.5,623.2,71.7
HIMACHAL PRADESH,1935,136.7,73.4,60.3,83.6,18.4,40.3,233.6,216.6,88.0,28.5,26.5,22.1,1027.9,210.1,162.3,578.5,77.1
HIMACHAL PRADESH,1936,11.5,111.1,118.2,61.0,42.8,193.6,240.9,173.8,107.9,9.1,0.5,87.5,1158.0,122.6,222.0,716.2,97.1
HIMACHAL PRADESH,1937,57.3,141.0,53.7,60.3,35.1,116.4,282.9,325.7,227.3,53.8,9.5,101.9,1465.0,198.3,149.1,952.3,165.2
HIMACHAL PRADESH,1938,175.5,124.3,48.1,38.9,11.1,125.3,211.8,156.5,16.8,6.7,6.7,5.7,927.5,299.8,98.1,510.4,19.1
HIMACHAL PRADESH,1939,56.4,112.3,97.9,47.1,9.9,103.0,201.0,110.5,108.6,30.9,0.0,0.0,877.8,168.7,154.9,523.1,30.9
HIMACHAL PRADESH,1940,64.1,79.9,69.4,60.4,56.4,103.3,321.6,220.7,84.8,1.4,2.3,24.3,1088.6,144.0,186.2,730.4,28.0
HIMACHAL PRADESH,1941,44.5,49.4,70.1,21.5,70.6,92.8,182.0,231.6,83.5,12.5,2.9,34.1,895.5,93.9,162.2,589.9,49.5
HIMACHAL PRADESH,1942,74.8,156.8,28.3,84.6,73.5,66.6,273.8,348.6,153.6,7.8,0.0,59.8,1328.3,231.6,186.4,842.6,67.6
HIMACHAL PRADESH,1943,171.1,26.1,96.7,74.8,78.1,36.6,237.2,377.7,111.5,0.0,0.2,13.1,1223.1,197.2,249.6,763.0,13.3
HIMACHAL PRADESH,1944,108.3,112.5,106.2,51.0,16.9,51.0,277.4,226.7,80.2,23.9,7.2,67.4,1128.8,220.8,174.1,635.3,98.5
HIMACHAL PRADESH,1945,196.0,10.3,105.0,81.0,24.5,74.2,424.4,352.5,331.0,40.0,2.9,5.2,1646.9,206.3,210.5,1182.1,48.1
HIMACHAL PRADESH,1946,45.2,85.9,77.9,42.0,56.6,159.3,462.3,379.1,41.1,79.1,49.0,61.5,1539.0,131.1,176.5,1041.8,189.6
HIMACHAL PRADESH,1947,78.0,38.2,82.8,4.5,32.2,50.3,260.1,257.3,438.1,14.6,0.0,57.3,1313.2,116.2,119.5,1005.8,71.9
HIMACHAL PRADESH,1948,33.5,185.0,382.0,47.5,13.7,55.5,380.0,456.6,115.4,16.5,0.0,73.0,1758.7,218.5,443.2,1007.5,89.5
HIMACHAL PRADESH,1949,28.0,140.0,81.6,45.0,35.2,48.2,548.7,265.2,99.5,4.7,0.0,15.0,1310.9,168.0,161.8,961.6,19.7
HIMACHAL PRADESH,1950,211.0,67.0,155.0,51.7,65.1,83.6,392.8,319.3,329.8,2.2,0.0,7.0,1684.4,278.0,271.8,1125.5,9.2
HIMACHAL PRADESH,1951,112.3,69.4,87.4,90.4,89.1,38.8,217.3,309.3,124.5,19.3,69.6,11.1,1238.5,181.7,266.9,689.9,100.0
HIMACHAL PRADESH,1952,86.4,82.8,191.4,35.2,66.8,146.9,198.1,371.1,26.7,12.9,2.8,42.5,1263.7,169.2,293.4,742.8,58.2
HIMACHAL PRADESH,1953,149.2,51.9,98.3,86.6,36.9,107.6,390.9,330.3,90.2,11.6,9.3,62.8,1425.7,201.1,221.8,919.0,83.7
HIMACHAL PRADESH,1954,196.4,271.8,87.2,13.0,52.2,47.5,336.6,348.9,293.4,46.2,7.6,16.7,1717.6,468.2,152.4,1026.4,70.5
HIMACHAL PRADESH,1955,165.0,42.0,141.4,87.7,114.7,86.2,320.9,337.5,194.4,413.6,0.3,15.5,1919.2,207.0,343.8,939.0,429.4
HIMACHAL PRADESH,1956,96.5,44.7,206.5,58.0,26.8,118.8,293.9,266.1,113.1,222.3,8.3,86.6,1541.6,141.2,291.3,791.9,317.2
HIMACHAL PRADESH,1957,181.0,37.9,133.8,146.4,151.9,79.0,321.3,253.9,263.7,84.5,56.3,112.9,1822.7,218.9,432.1,917.9,253.7
HIMACHAL PRADESH,1958,84.0,22.4,72.8,61.7,65.0,34.7,452.0,265.3,265.9,75.2,2.2,171.1,1572.3,106.4,199.5,1017.9,248.5
HIMACHAL PRADESH,1959,136.1,243.1,94.7,43.3,52.8,52.0,418.6,243.7,219.5,81.7,53.9,1.0,1640.3,379.2,190.8,933.8,136.6
HIMACHAL PRADESH,1960,82.9,0.7,134.2,66.2,20.8,78.3,355.3,226.8,72.9,7.2,3.8,66.2,1115.1,83.6,221.2,733.3,77.2
HIMACHAL PRADESH,1961,153.8,157.2,68.8,104.2,34.2,88.7,320.3,314.3,153.1,46.2,37.6,37.2,1515.5,311.0,207.2,876.4,121.0
HIMACHAL PRADESH,1962,45.0,102.9,82.9,102.6,55.4,86.5,242.7,255.8,303.7,5.8,66.5,43.8,1393.5,147.9,240.9,888.7,116.1
HIMACHAL PRADESH,1963,14.1,57.2,201.2,49.5,47.2,108.9,325.7,308.1,111.3,2.4,76.8,52.2,1354.5,71.3,297.9,854.0,131.4
HIMACHAL PRADESH,1964,176.6,58.8,83.6,97.7,86.8,86.2,278.9,246.8,197.1,0.1,1.8,39.6,1354.1,235.4,268.1,809.0,41.5
HIMACHAL PRADESH,1965,52.5,209.1,170.9,126.6,143.9,24.9,278.3,117.3,39.9,25.8,12.8,18.3,1220.4,261.6,441.4,460.4,56.9
HIMACHAL PRADESH,1966,0.3,145.0,78.4,77.2,95.7,187.1,250.5,298.0,153.3,30.8,13.9,40.8,1371.0,145.3,251.3,888.9,85.5
HIMACHAL PRADESH,1967,30.8,99.1,181.5,31.4,48.1,99.3,386.3,403.3,105.7,36.9,23.8,112.4,1558.5,129.9,261.0,994.6,173.1
HIMACHAL PRADESH,1968,188.5,114.1,80.8,50.9,44.9,99.3,277.2,181.1,16.3,47.2,9.1,58.8,1168.2,302.6,176.6,573.9,115.1
HIMACHAL PRADESH,1969,66.0,78.6,72.7,130.4,111.0,31.0,201.8,306.7,117.2,8.4,2.4,1.5,1127.6,144.6,314.1,656.7,12.3
HIMACHAL PRADESH,1970,116.5,39.0,37.9,7.3,43.5,163.2,223.4,280.4,164.4,6.6,0.2,0.3,1082.5,155.5,88.7,831.4,7.1
HIMACHAL PRADESH,1971,53.1,76.5,13.7,57.5,71.8,252.7,352.8,301.2,67.0,13.8,12.2,2.6,1275.1,129.6,143.0,973.7,28.6
HIMACHAL PRADESH,1972,55.0,77.0,55.0,82.1,21.3,43.8,184.2,159.9,57.6,31.1,21.3,54.0,842.3,132.0,158.4,445.5,106.4
HIMACHAL PRADESH,1973,116.8,80.6,68.4,15.7,40.0,99.1,167.8,213.9,86.3,32.1,5.4,29.1,955.2,197.4,124.1,567.1,66.6
HIMACHAL PRADESH,1974,75.0,44.6,33.7,24.6,41.8,76.4,168.8,204.6,30.5,28.8,2.4,45.1,776.1,119.6,100.1,480.3,76.3
HIMACHAL PRADESH,1975,137.8,124.7,126.3,25.4,35.1,86.9,214.0,191.8,95.3,13.8,0.2,2.7,1054.1,262.5,186.8,588.0,16.7
HIMACHAL PRADESH,1976,66.7,105.5,126.6,49.1,30.1,85.5,368.9,238.0,72.6,20.2,1.7,14.6,1179.3,172.2,205.8,765.0,36.5
HIMACHAL PRADESH,1977,85.5,4.7,12.9,97.5,87.2,86.1,339.7,236.4,197.1,18.8,9.9,69.2,1245.0,90.2,197.6,859.3,97.9
HIMACHAL PRADESH,1978,63.7,102.6,157.9,53.5,31.1,156.1,280.0,300.1,137.7,3.6,75.9,9.0,1371.2,166.3,242.5,873.9,88.5
HIMACHAL PRADESH,1979,170.0,115.3,157.4,31.9,85.1,64.8,163.4,119.0,43.5,7.0,34.0,29.6,1021.0,285.3,274.4,390.7,70.6
HIMACHAL PRADESH,1980,83.2,87.1,71.7,28.5,26.1,106.8,477.1,128.8,52.5,25.3,27.3,40.5,1155.0,170.3,126.3,765.2,93.1
HIMACHAL PRADESH,1981,114.5,96.3,162.0,54.4,67.1,94.7,233.5,163.4,71.6,11.4,70.4,7.9,1147.1,210.8,283.5,563.2,89.7
HIMACHAL PRADESH,1982,187.3,147.7,228.9,146.2,152.5,58.3,160.4,170.2,31.5,42.5,21.8,75.7,1423.0,335.0,527.6,420.4,140.0
HIMACHAL PRADESH,1983,91.7,97.6,162.8,136.7,86.1,59.2,166.7,204.2,121.5,48.2,1.0,13.9,1189.6,189.3,385.6,551.6,63.1
HIMACHAL PRADESH,1984,24.3,134.5,38.7,68.6,14.7,105.0,194.4,192.5,121.5,10.6,25.1,38.4,968.3,158.8,122.0,613.4,74.1
HIMACHAL PRADESH,1985,70.4,23.0,36.2,65.6,54.3,54.1,301.3,252.7,118.0,127.6,2.8,88.0,1193.9,93.4,156.1,726.1,218.4
HIMACHAL PRADESH,1986,7.3,119.3,159.4,105.3,99.1,86.4,240.9,246.9,52.4,43.4,72.7,89.5,1322.6,126.6,363.8,626.6,205.6
HIMACHAL PRADESH,1987,68.1,84.6,77.9,132.1,214.2,81.0,90.4,147.8,50.3,76.7,0.8,11.6,1035.6,152.7,424.2,369.5,89.1
HIMACHAL PRADESH,1988,41.6,128.3,353.9,27.2,39.3,84.0,411.3,304.7,360.2,2.2,4.9,123.5,1881.1,169.9,420.4,1160.2,130.6
HIMACHAL PRADESH,1989,111.0,62.5,89.2,39.4,92.5,59.7,291.1,247.3,64.9,7.3,52.9,59.4,1177.2,173.5,221.1,663.0,119.6
HIMACHAL PRADESH,1990,36.2,161.2,217.7,52.5,61.8,80.2,302.3,221.8,162.8,15.6,10.1,140.6,1462.7,197.4,332.0,767.1,166.3
HIMACHAL PRADESH,1991,24.0,143.1,120.6,104.5,69.7,67.1,141.6,258.3,128.5,2.2,4.3,40.9,1104.8,167.1,294.8,595.5,47.4
HIMACHAL PRADESH,1992,123.9,75.8,199.4,36.9,83.9,53.0,277.5,374.0,127.6,7.0,19.4,4.7,1383.1,199.7,320.2,832.1,31.1
HIMACHAL PRADESH,1993,109.2,69.7,164.1,20.6,56.7,70.9,386.9,89.1,143.1,0.3,17.7,0.0,1128.3,178.9,241.4,690.0,18.0
HIMACHAL PRADESH,1994,88.7,124.7,29.0,131.3,65.5,114.2,367.0,311.0,92.7,8.5,0.1,77.6,1410.2,213.4,225.8,884.9,86.2
HIMACHAL PRADESH,1995,61.5,140.0,96.7,85.8,44.2,66.5,332.4,345.1,284.5,5.4,13.9,17.7,1493.9,201.5,226.7,1028.5,37.0
HIMACHAL PRADESH,1996,118.6,117.8,112.5,50.6,68.5,173.7,210.6,348.3,138.5,38.3,0.6,6.4,1384.4,236.4,231.6,871.1,45.3
HIMACHAL PRADESH,1997,50.9,58.5,60.4,97.4,66.1,92.3,198.7,476.1,113.8,44.4,87.4,108.5,1454.5,109.4,223.9,880.9,240.3
HIMACHAL PRADESH,1998,13.5,133.8,139.4,71.5,41.3,152.3,210.7,239.8,251.5,119.4,5.9,2.4,1381.6,147.3,252.2,854.3,127.7
HIMACHAL PRADESH,1999,109.2,54.3,33.4,7.1,98.3,104.7,304.1,284.6,111.4,6.4,28.9,2.5,1144.9,163.5,138.8,804.8,37.8
HIMACHAL PRADESH,2000,118.2,119.0,68.1,25.6,79.9,198.0,265.1,126.7,50.1,0.0,10.5,6.9,1068.4,237.2,173.6,639.9,17.4
HIMACHAL PRADESH,2001,30.5,35.7,105.8,66.9,67.3,153.8,239.5,202.3,26.9,5.0,20.8,37.3,991.8,66.2,240.0,622.5,63.1
HIMACHAL PRADESH,2002,66.7,136.5,136.9,124.0,27.0,56.1,81.8,225.6,123.1,8.2,0.7,3.9,990.4,203.2,287.9,486.6,12.8
HIMACHAL PRADESH,2003,39.5,116.6,113.0,52.9,35.9,61.4,187.7,228.7,135.5,0.3,22.5,40.4,1034.5,156.1,201.8,613.3,63.2
HIMACHAL PRADESH,2004,86.2,43.0,5.9,54.7,57.6,76.1,141.3,202.5,47.6,104.7,9.3,49.4,878.5,129.2,118.2,467.5,163.4
HIMACHAL PRADESH,2005,147.8,222.9,143.3,35.2,52.4,52.6,317.2,114.2,156.3,1.8,0.3,4.5,1248.5,370.7,230.9,640.3,6.6
HIMACHAL PRADESH,2006,102.5,38.2,137.3,44.3,68.4,104.8,260.3,274.2,92.8,17.5,26.9,51.2,1218.4,140.7,250.0,732.1,95.6
HIMACHAL PRADESH,2007,1.3,121.0,177.0,9.6,39.3,155.7,155.2,234.3,85.7,18.7,1.0,35.6,1034.5,122.3,225.9,630.9,55.3
HIMACHAL PRADESH,2008,129.9,63.2,6.3,44.4,42.9,187.3,194.9,224.7,142.6,33.9,5.3,38.9,1114.2,193.1,93.6,749.5,78.1
HIMACHAL PRADESH,2009,54.8,45.9,43.4,91.2,53.5,45.5,170.2,162.6,172.1,16.4,93.1,7.8,956.5,100.7,188.1,550.4,117.3
HIMACHAL PRADESH,2010,25.5,96.6,45.1,60.3,81.4,108.5,291.8,274.1,176.7,30.5,10.8,58.1,1259.4,122.1,186.8,851.1,99.4
HIMACHAL PRADESH,2011,43.9,97.4,49.7,62.4,45.1,118.3,177.7,380.2,120.3,6.0,0.3,6.9,1108.3,141.3,157.2,796.5,13.2
HIMACHAL PRADESH,2012,92.3,51.3,28.4,55.9,9.4,31.1,241.5,280.6,133.1,3.1,3.2,21.8,951.6,143.6,93.7,686.3,28.1
HIMACHAL PRADESH,2013,79.9,182.6,76.6,28.9,32.6,233.6,208.8,240.0,65.8,21.8,16.6,24.8,1211.9,262.5,138.1,748.2,63.2
HIMACHAL PRADESH,2014,69.6,124.9,125.2,60.6,68.9,51.7,203.6,146.7,84.6,19.3,4.5,49.3,1008.7,194.5,254.7,486.6,73.1
HIMACHAL PRADESH,2015,67.2,156.6,192.5,84.9,45.0,85.8,249.9,195.9,75.5,17.7,14.5,25.0,1210.5,223.8,322.4,607.1,57.2
JAMMU & KASHMIR,1901,66.4,69.3,69.6,132.2,105.8,53.4,171.7,181.3,101.8,24.1,0.0,4.4,979.9,135.7,307.6,508.2,28.5
JAMMU & KASHMIR,1902,6.5,9.7,91.3,100.5,70.7,113.3,108.4,136.9,62.2,15.1,44.0,1.8,760.5,16.2,262.5,420.8,60.9
JAMMU & KASHMIR,1903,96.2,21.5,238.6,58.7,57.3,18.9,332.5,218.6,176.9,10.7,15.0,41.8,1286.6,117.7,354.6,746.9,67.5
JAMMU & KASHMIR,1904,110.6,17.3,145.2,64.5,67.8,25.9,182.3,132.2,62.3,50.0,24.8,99.2,982.2,127.9,277.5,402.7,174.0
JAMMU & KASHMIR,1905,146.7,76.3,161.4,71.7,65.2,43.3,145.2,111.5,239.7,5.8,0.6,90.2,1157.7,223.0,298.3,539.7,96.6
JAMMU & KASHMIR,1906,81.0,160.4,167.2,49.3,39.4,52.2,107.0,257.4,237.0,5.3,0.0,36.9,1193.1,241.4,255.9,653.6,42.2
JAMMU & KASHMIR,1907,99.6,195.8,132.2,151.0,57.0,85.9,85.1,220.3,24.9,13.9,3.1,0.8,1069.6,295.4,340.2,416.2,17.8
JAMMU & KASHMIR,1908,86.4,51.4,28.1,195.8,45.3,26.1,233.3,345.9,118.9,9.0,1.2,86.0,1227.3,137.8,269.2,724.2,96.2
JAMMU & KASHMIR,1909,91.9,149.3,56.1,48.0,43.1,68.2,252.2,264.7,237.7,55.2,0.1,73.4,1339.9,241.2,147.2,822.8,128.7
JAMMU & KASHMIR,1910,123.6,85.1,65.6,99.7,33.0,126.2,193.7,276.1,39.4,0.4,0.1,66.7,1109.4,208.7,198.3,635.4,67.2
JAMMU & KASHMIR,1911,344.8,52.3,285.4,53.1,18.7,76.7,95.1,144.4,72.8,15.1,93.6,28.1,1280.2,397.1,357.2,389.0,136.8
JAMMU & KASHMIR,1912,169.8,39.7,107.5,102.8,61.1,22.9,192.7,152.9,14.0,4.6,21.4,47.3,936.7,209.5,271.4,382.5,73.3
JAMMU & KASHMIR,1913,68.4,141.9,95.0,81.0,54.4,99.1,152.2,173.9,24.4,12.8,33.4,63.7,1000.2,210.3,230.4,449.6,109.9
JAMMU & KASHMIR,1914,47.8,228.9,155.4,153.7,91.9,86.1,369.9,159.3,103.3,157.3,43.0,95.6,1692.1,276.7,401.0,718.6,295.9
JAMMU & KASHMIR,1915,47.4,218.3,109.7,132.3,18.2,54.4,87.7,174.6,71.7,27.6,0.0,21.9,963.9,265.7,260.2,388.4,49.5
JAMMU & KASHMIR,1916,37.5,159.4,69.0,67.7,58.6,92.9,244.3,216.5,46.9,30.9,3.4,7.2,1034.3,196.9,195.3,600.6,41.5
JAMMU & KASHMIR,1917,63.6,34.2,92.7,145.0,67.9,155.4,170.3,231.4,219.5,129.6,0.0,76.5,1386.1,97.8,305.6,776.6,206.1
JAMMU & KASHMIR,1918,25.8,27.7,269.0,173.9,4.7,59.6,95.3,118.1,19.0,14.9,19.6,88.9,916.5,53.5,447.6,292.0,123.4
JAMMU & KASHMIR,1919,187.7,98.3,121.6,73.3,49.5,36.9,247.2,208.5,37.7,1.4,0.3,126.8,1189.2,286.0,244.4,530.3,128.5
JAMMU & KASHMIR,1920,82.9,126.4,199.8,97.2,63.3,40.2,81.2,98.1,48.0,17.3,0.8,34.7,889.9,209.3,360.3,267.5,52.8
JAMMU & KASHMIR,1921,140.6,71.3,60.4,44.9,21.8,56.7,137.7,209.3,65.8,76.8,3.1,169.3,1057.6,211.9,127.1,469.5,249.2
JAMMU & KASHMIR,1922,87.9,60.6,82.4,67.4,26.5,63.4,163.9,99.1,149.7,28.7,1.5,59.7,890.8,148.5,176.3,476.1,89.9
JAMMU & KASHMIR,1923,185.9,163.2,106.9,60.9,135.7,23.8,176.7,244.9,33.0,71.4,9.3,52.6,1264.3,349.1,303.5,478.4,133.3
JAMMU & KASHMIR,1924,89.2,218.7,91.6,87.6,132.2,4.0,138.2,203.9,103.2,1.3,22.3,89.8,1182.2,307.9,311.4,449.3,113.4
JAMMU & KASHMIR,1925,90.4,86.8,45.7,70.9,106.1,80.7,242.3,179.3,25.9,32.7,52.5,0.0,1013.3,177.2,222.7,528.2,85.2
JAMMU & KASHMIR,1926,52.6,61.7,182.4,123.9,92.0,33.9,185.8,245.1,109.2,0.3,2.5,34.1,1123.6,114.3,398.3,574.0,36.9
JAMMU & KASHMIR,1927,84.6,117.3,80.8,53.2,82.6,27.9,226.2,220.3,27.7,7.6,4.5,40.3,973.1,201.9,216.6,502.1,52.4
JAMMU & KASHMIR,1928,142.9,192.2,125.9,109.2,18.4,46.2,115.7,177.1,121.6,1.2,102.4,138.3,1291.0,335.1,253.5,460.6,241.9
JAMMU & KASHMIR,1929,121.2,66.4,40.3,53.0,42.6,60.0,182.6,266.7,20.9,60.4,2.0,186.6,1102.7,187.6,135.9,530.2,249.0
JAMMU & KASHMIR,1930,201.8,116.1,114.6,209.2,53.1,55.1,211.0,105.9,49.0,43.7,0.9,7.6,1168.0,317.9,376.9,421.0,52.2
JAMMU & KASHMIR,1931,124.7,142.4,47.1,35.5,109.0,11.1,205.0,192.6,30.4,43.9,7.9,5.3,955.0,267.1,191.6,439.1,57.1
JAMMU & KASHMIR,1932,99.4,102.7,122.7,32.8,87.1,58.6,255.0,174.1,11.5,9.9,1.6,84.0,1039.4,202.1,242.6,499.2,95.5
JAMMU & KASHMIR,1933,104.0,137.4,187.1,107.2,31.1,63.7,175.2,217.7,101.9,48.1,12.2,2.1,1187.7,241.4,325.4,558.5,62.4
JAMMU & KASHMIR,1934,110.1,27.2,71.1,96.8,36.2,60.7,146.3,158.9,16.8,3.5,2.0,73.5,803.1,137.3,204.1,382.7,79.0
JAMMU & KASHMIR,1935,193.3,95.7,129.9,145.5,20.1,44.7,154.3,183.4,30.4,19.5,48.9,19.7,1085.5,289.0,295.5,412.8,88.1
JAMMU & KASHMIR,1936,59.9,168.9,242.1,62.4,21.8,96.0,163.6,140.2,54.7,16.7,19.9,94.7,1140.8,228.8,326.3,454.5,131.3
JAMMU & KASHMIR,1937,67.9,160.0,91.0,80.7,19.5,32.2,133.0,73.5,57.5,88.7,14.7,121.1,939.6,227.9,191.2,296.2,224.5
JAMMU & KASHMIR,1938,183.1,194.2,132.6,76.4,14.8,118.7,123.0,136.7,11.2,31.0,11.1,29.0,1061.7,377.3,223.8,389.6,71.1
JAMMU & KASHMIR,1939,89.1,221.0,179.9,68.5,19.6,34.6,164.2,95.2,72.7,57.4,0.0,1.1,1003.5,310.1,268.0,366.7,58.5
JAMMU & KASHMIR,1940,96.8,61.1,108.9,71.9,69.0,85.2,127.4,151.9,69.9,8.5,8.6,19.2,878.3,157.9,249.8,434.4,36.3
JAMMU & KASHMIR,1941,81.7,52.5,109.6,40.1,41.3,44.0,120.2,100.8,163.2,11.4,19.9,87.0,871.6,134.2,191.0,428.2,118.3
JAMMU & KASHMIR,1942,127.7,196.9,39.4,85.9,88.0,35.5,200.0,274.5,80.3,21.7,9.8,80.2,1239.8,324.6,213.3,590.3,111.7
JAMMU & KASHMIR,1943,245.5,37.5,145.0,94.9,124.8,27.6,135.1,228.8,94.0,1.1,3.6,29.8,1167.7,283.0,364.7,485.5,34.5
JAMMU & KASHMIR,1944,114.9,142.5,98.8,72.5,26.4,37.2,193.9,183.2,51.1,18.4,37.8,74.2,1051.0,257.4,197.7,465.4,130.4
JAMMU & KASHMIR,1945,131.7,23.0,138.2,101.8,37.8,49.8,129.7,104.1,94.3,26.1,9.5,10.3,856.2,154.7,277.8,377.9,45.9
JAMMU & KASHMIR,1946,36.6,89.7,87.1,26.0,32.4,82.6,159.0,173.8,16.3,43.5,70.8,104.5,922.3,126.3,145.5,431.7,218.8
JAMMU & KASHMIR,1947,64.7,81.9,68.3,5.7,61.3,39.2,130.0,182.0,177.9,14.6,8.9,79.4,914.0,146.6,135.3,529.1,102.9
JAMMU & KASHMIR,1948,47.9,133.7,261.1,43.4,21.4,66.9,278.3,182.0,60.6,6.2,5.5,76.1,1183.1,181.6,325.9,587.8,87.8
JAMMU & KASHMIR,1949,101.3,194.0,127.7,59.1,54.9,69.2,144.6,85.1,38.6,24.0,11.0,37.5,946.9,295.3,241.7,337.5,72.5
JAMMU & KASHMIR,1950,367.8,96.1,115.4,119.3,55.5,20.9,182.2,175.6,371.1,12.8,0.7,5.7,1523.1,463.9,290.2,749.8,19.2
JAMMU & KASHMIR,1951,107.3,99.3,120.6,90.1,94.6,64.8,116.9,160.6,27.4,23.0,25.4,32.8,963.0,206.6,305.3,369.7,81.2
JAMMU & KASHMIR,1952,88.2,94.1,199.5,42.7,62.8,77.4,175.9,216.9,19.4,1.4,16.0,75.2,1069.6,182.3,305.0,489.6,92.6
JAMMU & KASHMIR,1953,135.5,46.6,98.6,97.2,29.6,75.4,248.7,257.5,117.5,51.3,16.0,55.8,1229.6,182.1,225.4,699.1,123.1
JAMMU & KASHMIR,1954,308.4,250.6,60.7,16.2,73.7,26.1,96.1,123.2,286.0,38.1,15.9,12.3,1307.1,559.0,150.6,531.4,66.3
JAMMU & KASHMIR,1955,47.9,14.9,124.4,64.4,113.5,20.8,160.0,329.4,89.2,170.6,0.0,21.4,1156.4,62.8,302.3,599.4,192.0
JAMMU & KASHMIR,1956,136.4,63.9,180.9,115.1,18.5,113.0,356.8,292.5,49.3,134.0,2.5,57.8,1520.8,200.3,314.5,811.6,194.3
JAMMU & KASHMIR,1957,184.1,144.7,110.9,222.7,144.4,73.5,143.8,203.2,29.9,113.6,86.9,62.6,1520.3,328.8,478.0,450.4,263.1
JAMMU & KASHMIR,1958,38.7,85.8,116.0,101.0,91.6,34.5,253.5,265.1,229.3,25.3,16.3,93.3,1350.4,124.5,308.6,782.4,134.9
JAMMU & KASHMIR,1959,113.5,120.8,114.6,33.3,57.4,19.8,454.6,243.7,243.0,47.3,85.2,17.0,1550.3,234.3,205.3,961.1,149.5
JAMMU & KASHMIR,1960,48.2,9.9,144.7,47.0,29.3,23.3,202.3,183.3,34.2,1.1,4.1,39.0,766.4,58.1,221.0,443.1,44.2
JAMMU & KASHMIR,1961,103.3,57.9,54.5,107.5,55.1,107.3,199.6,217.4,118.3,28.8,53.2,35.0,1138.2,161.2,217.1,642.6,117.0
JAMMU & KASHMIR,1962,20.5,97.0,51.0,117.5,34.0,41.1,132.7,137.1,171.3,11.9,52.7,63.5,930.3,117.5,202.5,482.2,128.1
JAMMU & KASHMIR,1963,0.0,36.4,251.8,188.9,82.4,24.8,68.4,67.0,32.9,12.8,83.5,60.2,909.2,36.4,523.1,193.1,156.5
JAMMU & KASHMIR,1964,126.2,60.7,96.0,134.6,41.3,92.7,167.4,99.4,64.0,1.3,4.6,58.0,946.2,186.9,271.9,423.5,63.9
JAMMU & KASHMIR,1965,62.2,138.1,99.9,179.8,153.4,32.4,83.9,62.0,16.4,26.2,33.0,25.2,912.6,200.3,433.1,194.7,84.4
JAMMU & KASHMIR,1966,1.5,199.3,155.2,148.5,114.0,59.9,169.7,203.9,217.4,83.6,3.5,22.4,1378.9,200.8,417.7,650.9,109.5
JAMMU & KASHMIR,1967,17.5,114.0,156.9,88.1,54.5,52.0,137.9,160.6,115.9,47.1,15.7,131.2,1091.3,131.5,299.5,466.4,194.0
JAMMU & KASHMIR,1968,117.2,72.4,85.2,63.0,58.6,52.1,259.3,183.2,20.9,65.6,29.8,58.2,1065.6,189.6,206.8,515.5,153.6
JAMMU & KASHMIR,1969,81.2,139.7,112.1,174.1,107.7,33.3,156.6,176.4,45.0,62.8,5.6,1.1,1095.6,220.9,393.9,411.3,69.5
JAMMU & KASHMIR,1970,51.7,44.5,94.1,36.0,37.5,79.5,67.2,99.8,84.4,57.3,0.0,4.9,657.0,96.2,167.6,330.9,62.2
JAMMU & KASHMIR,1971,28.1,112.0,10.4,111.0,34.5,93.2,117.6,192.7,13.5,3.6,27.1,20.8,764.7,140.1,155.9,417.0,51.5
JAMMU & KASHMIR,1972,70.2,128.5,169.3,119.5,84.1,31.8,122.4,142.8,67.5,96.7,25.8,87.1,1145.6,198.7,372.9,364.5,209.6
JAMMU & KASHMIR,1973,134.1,83.4,131.3,65.9,57.2,29.1,180.9,299.7,45.5,21.6,0.0,51.8,1100.5,217.5,254.4,555.2,73.4
JAMMU & KASHMIR,1974,118.1,100.6,64.3,46.2,76.0,122.3,90.1,49.1,44.0,12.0,0.6,79.2,802.6,218.7,186.5,305.5,91.8
JAMMU & KASHMIR,1975,71.5,94.3,180.1,83.5,98.4,39.6,262.7,256.5,73.5,1.8,12.8,5.8,1180.4,165.8,362.0,632.3,20.4
JAMMU & KASHMIR,1976,96.6,156.4,116.8,72.4,41.1,47.6,108.2,266.9,58.8,35.1,0.0,23.5,1023.7,253.0,230.3,481.5,58.6
JAMMU & KASHMIR,1977,150.2,21.3,21.1,145.3,68.8,56.5,183.7,115.0,63.2,36.1,20.8,73.1,955.0,171.5,235.2,418.4,130.0
JAMMU & KASHMIR,1978,50.2,73.0,253.6,60.6,40.4,76.7,172.0,173.4,70.1,1.1,89.7,0.8,1061.6,123.2,354.6,492.2,91.6
JAMMU & KASHMIR,1979,65.6,98.4,228.6,58.4,147.1,51.6,103.8,115.9,71.0,7.6,89.9,39.5,1077.4,164.0,434.1,342.3,137.0
JAMMU & KASHMIR,1980,84.1,171.6,136.8,36.1,61.4,106.9,161.9,68.7,57.8,28.0,47.3,57.1,1017.9,255.7,234.3,395.3,132.4
JAMMU & KASHMIR,1981,146.1,131.2,227.3,88.9,76.7,72.3,216.0,90.3,26.7,15.3,37.4,7.3,1135.5,277.3,392.9,405.3,60.0
JAMMU & KASHMIR,1982,91.9,139.0,222.4,128.7,104.6,42.0,89.6,134.5,33.3,64.2,55.9,96.0,1202.2,230.9,455.7,299.4,216.1
JAMMU & KASHMIR,1983,118.8,97.2,318.8,207.8,108.8,67.1,154.0,222.1,115.1,39.7,14.6,21.2,1485.2,216.0,635.4,558.3,75.5
JAMMU & KASHMIR,1984,33.6,181.2,90.5,128.2,52.3,63.2,159.6,234.7,96.4,2.0,45.4,70.2,1157.4,214.8,271.0,553.9,117.6
JAMMU & KASHMIR,1985,80.1,23.7,42.1,71.4,106.9,54.4,295.5,154.8,54.7,90.0,13.9,179.7,1167.1,103.8,220.4,559.4,283.6
JAMMU & KASHMIR,1986,20.9,110.9,235.0,163.7,72.4,63.5,230.8,217.9,36.9,45.5,164.1,159.5,1521.0,131.8,471.1,549.1,369.1
JAMMU & KASHMIR,1987,45.0,150.1,140.4,134.7,234.4,125.1,71.9,128.4,47.0,122.8,0.3,15.9,1216.0,195.1,509.5,372.4,139.0
JAMMU & KASHMIR,1988,78.2,155.5,280.2,46.8,39.9,76.3,413.8,165.7,308.6,5.4,7.0,93.6,1670.9,233.7,366.9,964.4,106.0
JAMMU & KASHMIR,1989,74.9,78.2,134.1,114.6,139.0,69.1,293.8,114.9,39.3,40.3,50.7,67.1,1216.0,153.1,387.7,517.1,158.1
JAMMU & KASHMIR,1990,110.2,206.5,309.8,98.4,28.6,69.1,193.3,133.5,115.6,38.6,10.5,259.7,1574.0,316.7,436.8,511.5,308.8
JAMMU & KASHMIR,1991,71.3,216.5,176.1,233.2,93.5,75.6,162.8,204.4,148.9,10.6,5.6,50.5,1448.8,287.8,502.8,591.7,66.7
JAMMU & KASHMIR,1992,161.9,91.2,194.7,86.8,110.7,44.6,168.8,306.1,226.6,22.6,36.4,27.6,1478.1,253.1,392.2,746.1,86.6
JAMMU & KASHMIR,1993,114.9,123.6,233.1,31.8,106.5,93.6,324.7,63.4,84.3,13.2,54.4,0.2,1243.8,238.5,371.4,566.0,67.8
JAMMU & KASHMIR,1994,139.9,133.0,82.3,136.6,99.2,107.9,344.7,329.1,88.6,32.4,2.7,236.0,1732.5,272.9,318.1,870.3,271.1
JAMMU & KASHMIR,1995,101.4,210.2,129.3,124.9,74.4,56.0,408.0,241.3,140.1,38.8,45.6,49.6,1619.6,311.6,328.6,845.4,134.0
JAMMU & KASHMIR,1996,127.5,115.7,213.6,85.4,125.5,182.0,136.0,441.5,52.3,96.4,25.8,18.8,1620.4,243.2,424.5,811.8,141.0
JAMMU & KASHMIR,1997,68.4,55.6,164.1,144.5,89.1,81.2,126.6,270.2,75.4,77.3,84.3,59.2,1295.9,124.0,397.7,553.4,220.8
JAMMU & KASHMIR,1998,75.0,297.2,185.4,192.8,75.1,59.3,161.0,131.1,97.9,49.2,1.8,0.0,1325.9,372.2,453.3,449.3,51.0
JAMMU & KASHMIR,1999,183.5,56.0,91.6,24.3,47.6,51.9,133.8,145.0,84.8,3.5,68.4,0.2,890.3,239.5,163.5,415.5,72.1
JAMMU & KASHMIR,2000,159.5,106.6,90.4,30.4,51.1,95.5,193.7,123.6,73.2,1.4,21.0,38.2,984.6,266.1,171.9,486.0,60.6
JAMMU & KASHMIR,2001,17.4,54.3,81.7,92.8,69.6,121.7,243.9,126.7,53.9,12.7,51.6,26.4,952.7,71.7,244.1,546.2,90.7
JAMMU & KASHMIR,2002,58.7,101.2,105.5,86.3,33.0,94.2,78.7,217.4,97.9,15.2,0.7,14.6,903.5,159.9,224.8,488.2,30.5
JAMMU & KASHMIR,2003,26.9,267.2,170.9,117.5,111.3,41.0,136.0,185.5,126.1,13.3,33.7,81.7,1311.1,294.1,399.7,488.6,128.7
JAMMU & KASHMIR,2004,176.0,70.6,21.2,118.9,87.5,95.2,118.0,77.9,40.5,73.3,23.3,42.4,944.9,246.6,227.6,331.6,139.0
JAMMU & KASHMIR,2005,296.0,403.5,189.7,64.9,92.0,41.6,440.3,77.7,50.0,14.6,21.8,0.5,1692.7,699.5,346.6,609.6,36.9
JAMMU & KASHMIR,2006,200.3,92.3,96.8,34.4,43.8,74.3,209.0,331.5,203.0,46.2,72.5,115.8,1519.8,292.6,175.0,817.8,234.5
JAMMU & KASHMIR,2007,12.3,116.7,259.3,15.0,65.6,143.9,132.4,196.8,33.0,1.6,0.0,47.0,1023.5,129.0,339.9,506.1,48.6
JAMMU & KASHMIR,2008,153.5,130.8,9.9,97.7,63.3,134.9,266.3,166.0,44.7,42.4,25.2,89.8,1224.5,284.3,170.9,611.9,157.4
JAMMU & KASHMIR,2009,120.3,117.9,63.7,113.5,64.3,64.1,,96.5,50.5,8.1,,,,238.2,241.5,,
JAMMU & KASHMIR,2010,30.9,142.2,34.9,63.9,128.3,67.4,137.3,253.2,65.0,25.0,13.6,36.1,997.9,173.1,227.1,522.9,74.7
JAMMU & KASHMIR,2011,43.4,211.6,97.8,89.0,32.4,72.5,81.6,131.2,72.0,19.4,12.9,23.8,887.6,255.0,219.2,357.3,56.1
JAMMU & KASHMIR,2012,150.9,95.8,45.2,86.6,48.9,32.6,118.8,264.9,106.7,15.7,10.8,57.8,1034.7,246.7,180.7,523.0,84.3
JAMMU & KASHMIR,2013,52.2,136.4,41.9,47.4,47.4,80.5,125.1,219.1,41.2,34.4,13.4,20.3,859.3,188.6,136.7,465.9,68.1
JAMMU & KASHMIR,2014,75.8,64.0,153.1,76.1,52.7,25.3,100.5,134.6,362.8,32.2,14.1,2.3,1093.4,139.8,281.9,623.2,48.6
JAMMU & KASHMIR,2015,27.9,187.2,341.4,173.3,64.6,121.4,233.2,129.2,130.2,87.1,38.1,39.3,1572.8,215.1,579.3,614.0,164.5
JHARKHAND,1901,92.7,66.6,11.1,18.4,33.5,70.9,269.4,415.1,248.0,37.3,11.5,0.0,1274.5,159.3,63.0,1003.4,48.8
JHARKHAND,1902,4.2,7.7,13.2,28.5,59.8,89.9,456.1,204.9,306.6,17.6,5.9,3.2,1197.6,11.9,101.5,1057.5,26.7
JHARKHAND,1903,25.1,19.5,10.7,32.8,56.4,142.1,206.1,280.8,190.2,210.1,0.5,0.0,1174.3,44.6,99.9,819.2,210.6
JHARKHAND,1904,2.5,17.0,38.1,9.1,116.1,308.9,494.1,336.1,125.6,30.6,2.3,0.4,1480.7,19.5,163.3,1264.7,33.3
JHARKHAND,1905,38.4,53.3,61.6,32.9,66.2,41.5,420.3,293.7,322.8,21.3,0.0,2.7,1354.7,91.7,160.7,1078.3,24.0
JHARKHAND,1906,45.8,128.5,35.9,1.7,33.9,170.9,355.6,251.6,185.4,96.8,7.1,1.1,1314.3,174.3,71.5,963.5,105.0
JHARKHAND,1907,2.0,59.3,76.0,26.3,27.4,338.1,230.4,469.4,200.2,1.7,0.0,24.8,1455.7,61.3,129.7,1238.1,26.5
JHARKHAND,1908,12.2,46.4,4.8,0.6,48.6,210.1,326.2,368.0,171.6,25.5,0.1,0.1,1214.2,58.6,54.0,1075.9,25.7
JHARKHAND,1909,32.2,10.1,0.9,78.8,27.2,314.0,319.9,360.3,267.8,23.4,0.0,13.3,1447.9,42.3,106.9,1262.0,36.7
JHARKHAND,1910,20.7,9.0,2.4,24.4,43.7,255.5,268.6,334.5,244.7,84.2,9.4,0.3,1297.6,29.7,70.5,1103.3,93.9
JHARKHAND,1911,0.7,0.2,31.5,7.7,25.5,391.6,164.2,410.3,303.5,100.5,39.7,0.0,1475.4,0.9,64.7,1269.6,140.2
JHARKHAND,1912,1.7,25.1,15.2,29.7,42.4,125.2,361.7,347.6,108.7,34.3,51.2,0.0,1142.9,26.8,87.3,943.2,85.5
JHARKHAND,1913,1.9,111.6,40.1,1.0,77.9,375.5,321.3,383.8,164.3,73.8,18.3,16.3,1585.6,113.5,119.0,1244.9,108.4
JHARKHAND,1914,0.1,24.6,19.4,23.6,150.1,123.8,354.4,337.0,159.5,16.7,0.0,6.2,1215.5,24.7,193.1,974.7,22.9
JHARKHAND,1915,7.7,36.7,33.4,10.7,58.6,149.7,270.2,220.5,214.7,60.0,39.9,0.1,1102.3,44.4,102.7,855.1,100.0
JHARKHAND,1916,0.0,14.3,0.2,17.1,22.6,283.5,224.9,303.2,231.5,253.2,13.8,0.0,1364.3,14.3,39.9,1043.1,267.0
JHARKHAND,1917,1.7,40.1,17.1,9.0,107.1,287.0,359.5,372.8,251.2,277.1,1.2,0.5,1724.4,41.8,133.2,1270.5,278.8
JHARKHAND,1918,4.2,2.4,3.6,15.5,78.5,324.0,149.7,406.7,175.9,1.7,0.0,0.5,1162.6,6.6,97.6,1056.3,2.2
JHARKHAND,1919,102.9,16.2,23.5,19.0,67.9,367.3,331.8,398.2,215.7,87.4,3.4,0.1,1633.5,119.1,110.4,1313.0,90.9
JHARKHAND,1920,0.0,19.5,62.6,8.8,41.9,109.4,660.2,321.6,184.7,6.3,0.0,0.0,1415.0,19.5,113.3,1275.9,6.3
JHARKHAND,1921,37.1,11.0,1.4,20.8,12.9,228.2,325.2,391.5,182.8,22.8,0.0,0.0,1233.8,48.1,35.1,1127.7,22.8
JHARKHAND,1922,8.2,6.2,0.0,14.5,19.5,305.3,404.7,365.9,250.0,58.8,9.2,0.9,1443.2,14.4,34.0,1325.9,68.9
JHARKHAND,1923,0.7,68.3,5.3,5.1,26.7,186.0,398.4,552.5,124.0,46.0,18.2,0.6,1431.9,69.0,37.1,1260.9,64.8
JHARKHAND,1924,23.0,16.6,1.9,12.2,26.3,148.7,431.8,269.6,323.6,75.1,103.1,0.0,1431.8,39.6,40.4,1173.7,178.2
JHARKHAND,1925,4.7,6.1,12.1,37.1,84.6,196.5,428.3,314.0,172.5,63.5,7.7,0.5,1327.6,10.8,133.8,1111.3,71.7
JHARKHAND,1926,33.5,3.4,95.0,13.5,41.5,55.7,466.5,391.2,309.6,44.6,2.9,21.0,1478.4,36.9,150.0,1223.0,68.5
JHARKHAND,1927,27.9,99.0,31.6,2.9,41.7,92.3,452.5,311.6,156.4,51.4,15.8,0.0,1283.1,126.9,76.2,1012.8,67.2
JHARKHAND,1928,51.4,11.8,3.0,26.4,48.1,313.4,396.7,213.7,131.7,183.3,0.1,4.4,1384.0,63.2,77.5,1055.5,187.8
JHARKHAND,1929,63.9,15.2,12.7,11.4,29.5,111.4,541.7,412.2,124.6,236.4,0.0,52.5,1611.5,79.1,53.6,1189.9,288.9
JHARKHAND,1930,0.9,4.3,7.7,18.1,16.5,125.5,506.8,361.4,222.8,44.5,121.1,4.4,1434.0,5.2,42.3,1216.5,170.0
JHARKHAND,1931,7.0,116.9,18.0,2.2,37.1,109.0,357.0,355.2,201.2,112.7,33.4,0.8,1350.4,123.9,57.3,1022.4,146.9
JHARKHAND,1932,0.0,32.8,4.0,15.0,45.8,96.5,374.1,297.8,221.1,50.2,55.5,0.9,1193.8,32.8,64.8,989.5,106.6
JHARKHAND,1933,61.2,58.7,8.9,37.0,94.0,218.1,366.8,397.3,209.6,74.5,4.1,5.5,1535.6,119.9,139.9,1191.8,84.1
JHARKHAND,1934,24.0,10.3,1.8,13.1,13.6,166.7,324.2,341.4,230.5,55.9,12.0,3.9,1197.4,34.3,28.5,1062.8,71.8
JHARKHAND,1935,35.8,21.7,10.0,23.4,6.7,120.5,295.8,435.6,200.0,1.6,0.0,0.5,1151.6,57.5,40.1,1051.9,2.1
JHARKHAND,1936,15.9,18.9,13.5,5.4,93.0,279.1,378.9,346.2,356.8,135.2,11.4,10.1,1664.3,34.8,111.9,1361.0,156.7
JHARKHAND,1937,0.0,96.4,4.9,20.7,72.1,186.1,363.2,300.8,276.2,129.6,0.4,0.0,1450.6,96.4,97.7,1126.3,130.0
JHARKHAND,1938,29.0,36.1,0.2,0.8,102.1,201.0,269.0,344.1,200.4,45.1,1.9,0.0,1229.8,65.1,103.1,1014.5,47.0
JHARKHAND,1939,14.7,47.8,41.7,15.4,18.3,237.0,367.3,378.2,257.0,139.8,1.0,1.6,1519.7,62.5,75.4,1239.5,142.4
JHARKHAND,1940,0.2,38.1,89.6,15.6,42.3,123.3,339.6,387.3,130.1,41.2,0.0,24.6,1231.9,38.3,147.5,980.3,65.8
JHARKHAND,1941,41.6,4.2,2.5,7.0,52.3,287.8,357.2,365.3,196.3,164.7,34.6,0.1,1513.5,45.8,61.8,1206.6,199.4
JHARKHAND,1942,8.8,61.4,19.9,31.2,22.7,140.5,482.3,433.3,356.2,25.9,5.8,1.0,1589.0,70.2,73.8,1412.3,32.7
JHARKHAND,1943,76.4,12.5,0.7,34.9,38.9,127.5,452.1,488.0,245.0,80.1,0.0,0.0,1556.1,88.9,74.5,1312.6,80.1
JHARKHAND,1944,34.5,65.3,46.6,29.1,18.7,129.4,368.5,428.3,149.0,112.5,4.3,0.3,1386.3,99.8,94.4,1075.2,117.1
JHARKHAND,1945,45.8,27.4,0.4,25.6,45.2,168.4,276.6,293.1,277.2,144.6,3.2,1.2,1308.7,73.2,71.2,1015.3,149.0
JHARKHAND,1946,0.0,16.1,16.7,68.5,84.1,270.1,329.4,345.0,253.0,135.6,34.6,0.1,1553.2,16.1,169.3,1197.5,170.3
JHARKHAND,1947,12.1,24.1,45.9,2.8,35.7,143.8,291.1,302.8,253.5,106.2,2.3,14.3,1234.5,36.2,84.4,991.2,122.8
JHARKHAND,1948,26.7,18.7,17.7,8.4,47.0,185.9,386.0,318.0,207.3,96.9,89.9,0.2,1402.6,45.4,73.1,1097.2,187.0
JHARKHAND,1949,21.8,16.2,15.5,57.4,107.8,187.3,364.0,384.7,215.0,66.0,0.0,1.0,1436.7,38.0,180.7,1151.0,67.0
JHARKHAND,1950,1.0,14.8,31.4,1.9,36.4,318.4,389.6,389.6,173.1,21.1,11.9,3.7,1393.0,15.8,69.7,1270.7,36.7
JHARKHAND,1951,5.1,0.4,48.9,24.2,25.1,177.5,259.1,267.0,186.1,69.2,9.0,0.0,1071.7,5.5,98.2,889.7,78.2
JHARKHAND,1952,3.9,10.7,24.2,36.0,58.0,210.7,357.7,355.7,237.9,89.7,1.4,1.4,1387.4,14.6,118.2,1162.0,92.5
JHARKHAND,1953,35.3,11.0,0.8,7.4,28.5,213.0,440.0,416.2,314.5,23.4,19.3,0.0,1509.4,46.3,36.7,1383.7,42.7
JHARKHAND,1954,12.4,8.4,4.3,3.5,29.7,160.9,272.2,267.4,257.8,35.3,0.6,7.0,1059.5,20.8,37.5,958.3,42.9
JHARKHAND,1955,43.6,9.8,5.9,5.1,23.9,137.7,347.1,240.5,155.4,96.9,14.8,0.1,1080.8,53.4,34.9,880.7,111.8
JHARKHAND,1956,13.9,25.7,50.3,5.8,78.5,259.3,301.6,344.6,312.9,140.9,14.3,7.9,1555.7,39.6,134.6,1218.4,163.1
JHARKHAND,1957,56.3,24.7,30.6,2.4,6.5,163.6,498.7,293.2,283.0,18.2,0.0,0.2,1377.5,81.0,39.5,1238.5,18.4
JHARKHAND,1958,11.5,39.8,20.0,24.8,12.2,93.6,336.1,263.3,267.2,111.3,0.7,0.0,1180.5,51.3,57.0,960.2,112.0
JHARKHAND,1959,51.6,5.6,5.2,17.5,56.4,188.5,332.6,305.8,363.9,272.8,0.0,0.0,1599.9,57.2,79.1,1190.8,272.8
JHARKHAND,1960,6.6,0.5,29.3,1.9,32.1,115.6,310.1,432.7,274.6,44.8,0.6,0.0,1248.8,7.1,63.3,1133.0,45.4
JHARKHAND,1961,8.9,84.3,1.0,4.6,30.0,298.6,296.3,358.2,317.2,155.3,1.6,4.6,1560.5,93.2,35.6,1270.3,161.5
JHARKHAND,1962,8.2,15.0,4.3,31.1,26.5,167.4,251.5,265.5,213.5,55.8,0.0,8.9,1047.7,23.2,61.9,897.9,64.7
JHARKHAND,1963,2.8,7.8,9.9,23.3,67.7,171.5,301.6,249.0,241.3,228.6,11.2,0.2,1315.0,10.6,100.9,963.4,240.0
JHARKHAND,1964,2.2,12.2,4.7,18.9,53.8,200.4,306.4,262.0,214.4,71.5,3.9,0.0,1150.3,14.4,77.4,983.2,75.4
JHARKHAND,1965,0.8,8.7,26.6,31.3,14.8,113.1,354.6,215.9,206.2,39.2,0.3,0.9,1012.4,9.5,72.7,889.8,40.4
JHARKHAND,1966,24.7,3.8,0.2,10.5,22.1,233.2,174.1,263.4,87.9,35.8,15.9,8.1,879.8,28.5,32.8,758.6,59.8
JHARKHAND,1967,8.6,1.0,39.9,24.2,43.7,71.9,283.5,450.8,268.5,19.8,1.1,12.3,1225.3,9.6,107.8,1074.7,33.2
JHARKHAND,1968,34.4,9.4,5.5,4.7,22.0,272.6,351.5,420.5,97.2,71.2,0.5,3.7,1293.4,43.8,32.2,1141.8,75.4
JHARKHAND,1969,6.2,4.0,5.0,34.7,86.1,130.2,299.0,337.4,209.4,25.1,20.9,0.1,1158.1,10.2,125.8,976.0,46.1
JHARKHAND,1970,24.3,16.6,28.0,8.4,29.7,182.4,300.0,252.8,380.7,67.0,1.5,0.0,1291.5,40.9,66.1,1115.9,68.5
JHARKHAND,1971,43.4,24.3,2.1,95.6,83.5,272.3,503.1,526.1,237.5,104.0,6.7,0.1,1898.6,67.7,181.2,1539.0,110.8
JHARKHAND,1972,8.6,46.5,0.2,9.1,3.2,75.9,248.5,352.7,175.1,54.4,21.6,0.4,996.1,55.1,12.5,852.2,76.4
JHARKHAND,1973,10.6,15.2,23.9,7.1,56.4,184.3,224.3,294.6,365.4,245.1,13.7,0.6,1441.0,25.8,87.4,1068.6,259.4
JHARKHAND,1974,2.6,0.5,24.3,3.3,51.9,64.9,334.9,331.7,235.0,76.6,0.3,1.0,1127.0,3.1,79.5,966.5,77.9
JHARKHAND,1975,17.2,13.4,26.0,10.1,30.1,121.0,477.6,339.2,224.3,102.5,0.1,0.0,1361.3,30.6,66.2,1162.1,102.6
JHARKHAND,1976,0.0,23.1,7.2,25.2,58.2,107.0,297.5,263.0,394.5,9.3,3.2,3.5,1191.8,23.1,90.6,1062.0,16.0
JHARKHAND,1977,19.2,8.1,3.8,47.9,102.5,281.1,458.3,316.4,184.8,50.3,27.3,21.8,1521.5,27.3,154.2,1240.6,99.4
JHARKHAND,1978,10.5,50.9,45.3,28.4,33.8,283.7,252.8,341.1,376.5,114.3,7.0,12.0,1556.1,61.4,107.5,1254.1,133.3
JHARKHAND,1979,22.4,38.7,6.1,19.5,6.1,129.1,286.0,174.9,134.2,36.1,18.7,11.0,882.8,61.1,31.7,724.2,65.8
JHARKHAND,1980,13.6,14.9,37.1,21.0,40.0,273.7,350.7,281.2,232.1,73.8,0.0,2.3,1340.6,28.5,98.1,1137.7,76.1
JHARKHAND,1981,40.7,33.5,20.1,40.9,94.9,143.3,355.3,226.4,189.5,6.1,3.1,13.4,1167.2,74.2,155.9,914.5,22.6
JHARKHAND,1982,8.4,23.6,77.3,30.9,33.4,183.9,180.8,358.7,118.1,52.7,15.7,1.8,1085.3,32.0,141.6,841.5,70.2
JHARKHAND,1983,4.3,33.1,9.9,44.4,83.3,131.8,280.0,240.6,308.8,110.7,0.2,14.7,1261.7,37.4,137.6,961.2,125.6
JHARKHAND,1984,33.4,26.2,1.6,14.1,31.0,479.6,350.4,387.3,155.8,50.2,0.1,0.1,1529.9,59.6,46.7,1373.1,50.4
JHARKHAND,1985,19.1,9.1,1.6,8.8,48.2,131.2,338.0,312.6,216.6,153.7,0.5,0.9,1240.3,28.2,58.6,998.4,155.1
JHARKHAND,1986,6.9,21.2,3.8,25.0,74.8,253.0,352.2,212.9,188.5,128.2,31.1,37.9,1335.6,28.1,103.6,1006.6,197.2
JHARKHAND,1987,5.9,10.1,10.9,30.3,44.9,93.1,410.8,371.1,299.1,19.7,31.4,5.4,1332.7,16.0,86.1,1174.1,56.5
JHARKHAND,1988,3.1,37.1,42.2,23.7,23.6,303.6,273.5,276.1,127.8,38.7,2.6,1.6,1153.7,40.2,89.5,981.0,42.9
JHARKHAND,1989,1.9,0.3,2.8,0.1,66.4,246.0,285.6,258.9,219.0,39.6,8.6,19.7,1149.0,2.2,69.3,1009.5,67.9
JHARKHAND,1990,0.8,48.0,22.2,15.4,90.6,197.4,430.7,230.8,226.0,128.1,14.2,0.3,1404.2,48.8,128.2,1084.9,142.6
JHARKHAND,1991,19.3,8.0,31.1,11.2,33.7,171.3,252.9,384.0,274.0,29.4,1.9,34.2,1250.9,27.3,76.0,1082.2,65.5
JHARKHAND,1992,2.3,6.1,0.6,8.8,51.8,129.8,295.7,265.2,148.5,22.5,1.6,0.3,933.0,8.4,61.2,839.2,24.4
JHARKHAND,1993,1.7,2.0,16.1,32.0,50.5,203.2,214.4,245.9,372.4,49.6,16.2,0.0,1204.0,3.7,98.6,1035.9,65.8
JHARKHAND,1994,17.7,23.8,0.6,20.0,29.2,391.3,451.6,360.7,162.8,118.9,2.7,0.1,1579.4,41.5,49.8,1366.4,121.7
JHARKHAND,1995,13.7,9.7,22.4,4.3,30.3,134.2,312.3,301.5,395.9,37.5,84.7,20.1,1366.5,23.4,57.0,1143.9,142.3
JHARKHAND,1996,17.1,24.4,4.9,8.0,18.5,302.7,274.1,384.3,133.6,23.9,0.1,0.0,1191.7,41.5,31.4,1094.7,24.0
JHARKHAND,1997,9.5,3.7,1.5,29.4,25.2,230.4,400.5,431.6,199.6,54.3,39.0,36.6,1461.3,13.2,56.1,1262.1,129.9
JHARKHAND,1998,76.3,20.6,54.1,33.8,45.5,109.9,302.4,263.2,288.6,132.3,26.3,0.7,1353.8,96.9,133.4,964.1,159.3
JHARKHAND,1999,0.6,0.1,0.1,1.5,95.4,240.2,416.0,373.1,315.8,140.6,3.3,0.2,1586.9,0.7,97.0,1345.1,144.1
JHARKHAND,2000,3.6,21.2,6.3,19.6,67.7,185.3,358.4,152.8,356.9,19.1,0.4,0.2,1191.5,24.8,93.6,1053.4,19.7
JHARKHAND,2001,1.9,4.0,30.0,14.0,57.4,324.7,354.6,219.4,132.8,115.5,0.2,0.0,1254.4,5.9,101.4,1031.5,115.7
JHARKHAND,2002,9.0,5.4,10.7,11.5,38.7,184.9,186.8,277.4,253.4,55.0,1.3,0.8,1034.9,14.4,60.9,902.5,57.1
JHARKHAND,2003,3.3,30.5,33.6,17.9,21.5,152.4,247.5,245.1,224.0,255.5,6.2,7.4,1245.0,33.8,73.0,869.0,269.1
JHARKHAND,2004,5.5,2.7,3.1,41.0,31.1,184.4,200.7,327.0,211.5,128.1,0.1,1.6,1136.6,8.2,75.2,923.6,129.8
JHARKHAND,2005,22.1,17.5,17.7,9.6,23.5,157.2,266.4,214.5,141.5,83.1,1.3,6.1,960.4,39.6,50.8,779.6,90.5
JHARKHAND,2006,0.3,0.2,22.4,15.7,107.4,198.3,447.1,337.2,298.7,24.6,7.4,0.0,1459.5,0.5,145.5,1281.3,32.0
JHARKHAND,2007,1.7,48.4,25.5,22.3,58.1,125.4,430.4,353.6,324.7,39.6,7.6,0.0,1437.3,50.1,105.9,1234.1,47.2
JHARKHAND,2008,19.4,3.6,6.2,10.7,42.9,366.3,377.9,310.5,152.9,34.0,1.0,0.0,1325.3,23.0,59.8,1207.6,35.0
JHARKHAND,2009,1.8,0.8,2.0,0.8,78.1,62.7,266.6,248.0,248.8,82.2,4.0,0.5,996.1,2.6,80.9,826.1,86.7
JHARKHAND,2010,0.2,2.3,0.9,6.3,29.2,92.6,170.2,155.1,160.5,55.1,4.7,20.0,697.1,2.5,36.4,578.4,79.8
JHARKHAND,2011,3.3,2.5,6.4,25.4,55.0,349.0,181.8,403.2,324.6,23.3,0.0,0.1,1374.7,5.8,86.8,1258.6,23.4
JHARKHAND,2012,34.6,10.3,1.5,9.6,6.6,121.1,287.2,282.4,217.6,37.8,48.6,7.6,1065.0,44.9,17.7,908.3,94.0
JHARKHAND,2013,1.1,17.9,1.6,22.3,85.0,181.5,211.1,278.1,173.8,281.1,0.0,0.0,1253.6,19.0,108.9,844.5,281.1
JHARKHAND,2014,9.9,47.5,22.9,1.9,98.2,139.7,321.3,290.9,178.2,44.9,0.0,1.2,1156.6,57.4,123.0,930.1,46.1
JHARKHAND,2015,12.2,2.6,21.6,55.5,25.5,183.3,429.7,240.7,85.1,22.7,0.2,2.7,1081.8,14.8,102.6,938.8,25.6
KARNATAKA,1901,3.4,17.067,6.933,50.767,85.567,395.8,451.033,276.9,125.867,123.533,63.667,10.333,1610.967,20.467,143.267,1249.6,197.533
KARNATAKA,1902,1.7,0.267,3.967,25.1,62.233,300.467,564.933,204.8,331.167,172.767,43.7,100.733,1811.8,1.967,91.3,1401.367,317.2
KARNATAKA,1903,1.5,0.0,0.4,7.533,127.1,256.333,633.1,298.633,230.267,168.533,100.067,15.133,1838.6,1.5,135.033,1418.333,283.733
KARNATAKA,1904,1.2,0.267,6.167,26.067,94.733,465.567,452.9,195.767,166.667,111.367,1.067,0.1,1521.833,1.467,126.967,1280.9,112.533
KARNATAKA,1905,0.567,4.7,5.6,15.333,84.3,320.933,328.6,288.9,86.067,150.0,20.967,0.1,1305.967,5.267,105.233,1024.5,171.067
KARNATAKA,1906,19.467,0.5,0.8,2.633,35.3,284.0,501.667,324.467,166.267,129.367,20.967,56.1,1541.433,19.967,38.733,1276.4,206.433
KARNATAKA,1907,4.2,0.0,8.833,90.967,23.7,357.967,517.633,476.9,178.633,50.2,41.067,10.0,1760.133,4.2,123.5,1531.133,101.267
KARNATAKA,1908,3.2,1.933,4.2,35.5,50.4,287.8,774.467,323.6,149.567,47.767,1.6,0.2,1680.267,5.133,90.1,1535.433,49.567
KARNATAKA,1909,8.733,0.767,6.833,20.067,140.667,397.433,557.167,227.233,169.667,80.1,31.867,4.833,1645.367,9.5,167.567,1351.5,116.8
KARNATAKA,1910,0.0,0.367,5.667,11.9,52.733,415.1,323.833,359.767,250.5,167.167,58.767,0.0,1645.833,0.367,70.3,1349.2,225.933
KARNATAKA,1911,0.267,0.033,3.433,11.7,79.133,337.3,402.433,231.3,80.333,126.3,28.733,11.9,1312.867,0.3,94.267,1051.367,166.933
KARNATAKA,1912,0.633,5.7,0.9,38.267,57.433,321.433,593.2,376.167,147.1,171.933,55.333,0.167,1768.267,6.333,96.6,1437.9,227.433
KARNATAKA,1913,0.0,0.467,0.5,16.4,81.433,338.333,485.467,181.367,133.767,186.033,1.7,2.8,1428.333,0.467,98.333,1138.933,190.533
KARNATAKA,1914,0.0,0.2,0.767,14.233,44.567,295.733,704.767,441.4,187.6,88.7,69.9,26.933,1874.733,0.2,59.567,1629.5,185.533
KARNATAKA,1915,12.1,2.433,19.733,41.7,60.667,371.7,369.167,174.133,220.867,121.433,77.633,6.4,1477.967,14.533,122.1,1135.867,205.467
KARNATAKA,1916,0.0,0.433,0.233,23.933,98.367,444.267,352.0,301.367,308.033,194.8,202.867,2.467,1928.833,0.433,122.533,1405.667,400.133
KARNATAKA,1917,0.1,29.367,15.233,13.433,41.533,452.167,316.1,311.0,322.9,205.6,72.967,0.333,1780.733,29.467,70.2,1402.167,278.9
KARNATAKA,1918,6.8,0.4,6.7,24.967,308.967,225.633,148.367,216.433,127.933,43.767,137.967,9.533,1257.4,7.2,340.633,718.367,191.267
KARNATAKA,1919,5.133,0.1,2.6,14.233,79.633,315.6,400.167,260.7,220.6,134.133,113.767,5.5,1552.2,5.233,96.467,1197.067,253.4
KARNATAKA,1920,4.367,0.133,0.6,46.867,40.033,337.9,477.1,204.433,133.7,95.333,22.3,0.033,1362.8,4.5,87.5,1153.133,117.667
KARNATAKA,1921,9.533,0.0,2.533,60.2,23.733,292.6,415.967,350.933,151.333,140.5,78.167,0.0,1525.433,9.533,86.467,1210.833,218.667
KARNATAKA,1922,15.7,1.933,0.167,36.033,91.233,311.1,542.533,239.867,134.567,102.167,103.5,0.733,1579.567,17.633,127.433,1228.067,206.4
KARNATAKA,1923,1.567,5.767,30.767,21.0,51.6,242.433,754.9,428.433,182.233,31.267,4.433,3.667,1758.133,7.333,103.367,1608.0,39.367
KARNATAKA,1924,2.0,0.033,8.867,42.233,55.067,361.2,698.9,289.1,190.967,63.567,30.433,6.667,1749.033,2.033,106.167,1540.167,100.667
KARNATAKA,1925,0.0,0.033,10.933,39.367,124.033,464.567,484.067,314.6,101.833,132.567,37.9,25.633,1735.367,0.033,174.333,1365.067,196.1
KARNATAKA,1926,20.033,1.133,3.1,16.433,38.833,280.467,444.567,387.633,196.233,85.133,4.133,0.433,1478.133,21.167,58.367,1308.9,89.7
KARNATAKA,1927,0.033,1.3,3.4,14.0,65.667,307.2,574.433,236.2,230.467,51.533,102.733,0.0,1586.967,1.333,83.067,1348.3,154.267
KARNATAKA,1928,0.4,34.0,19.633,32.633,34.567,370.1,476.033,357.233,118.633,216.233,13.733,13.0,1686.2,34.4,86.833,1322.0,242.967
KARNATAKA,1929,2.867,12.933,2.367,94.1,84.6,538.967,382.433,229.567,206.133,158.033,51.3,2.2,1765.5,15.8,181.067,1357.1,211.533
KARNATAKA,1930,2.133,2.367,4.633,18.6,128.167,377.3,295.0,189.133,247.033,212.933,25.967,9.667,1513.0,4.5,151.4,1108.467,248.567
KARNATAKA,1931,0.0,0.033,3.3,36.567,66.633,301.433,522.367,506.0,198.433,92.633,96.6,34.067,1858.067,0.033,106.5,1528.233,223.3
KARNATAKA,1932,0.0,4.1,0.367,28.667,152.567,261.267,500.2,293.967,233.633,240.833,115.5,3.0,1834.1,4.1,181.6,1289.067,359.333
KARNATAKA,1933,0.033,1.933,9.833,51.5,206.8,428.333,558.333,293.933,282.333,230.033,37.933,37.533,2138.667,1.967,268.133,1562.933,305.5
KARNATAKA,1934,4.833,0.333,0.8,28.8,28.967,438.6,399.5,304.867,93.133,125.2,37.6,0.433,1463.1,5.167,58.567,1236.1,163.233
KARNATAKA,1935,7.367,0.533,2.0,30.0,30.3,305.567,495.3,275.633,166.067,189.433,10.067,6.3,1518.467,7.9,62.3,1242.567,205.8
KARNATAKA,1936,0.0,8.5,21.3,14.567,97.067,454.1,400.167,244.467,169.367,119.9,82.6,3.867,1615.933,8.5,132.933,1268.1,206.367
KARNATAKA,1937,0.033,7.933,11.033,88.1,42.767,298.267,629.733,160.1,168.467,167.1,12.433,6.6,1592.6,7.967,141.9,1256.567,186.133
KARNATAKA,1938,0.0,2.933,25.433,33.2,76.533,429.567,415.367,285.967,251.2,69.7,21.267,1.3,1612.467,2.933,135.167,1382.1,92.267
KARNATAKA,1939,1.167,0.0,8.0,39.167,23.633,301.9,400.6,329.1,119.267,193.767,57.533,0.067,1474.233,1.167,70.8,1150.867,251.367
KARNATAKA,1940,0.7,0.033,0.333,39.333,111.267,338.033,492.467,524.7,97.667,170.867,92.933,11.9,1880.233,0.733,150.933,1452.867,275.7
KARNATAKA,1941,5.333,2.467,5.0,24.367,53.067,363.1,294.2,265.6,173.1,94.567,13.8,34.867,1329.467,7.8,82.433,1096.0,143.233
KARNATAKA,1942,0.033,2.3,0.4,50.8,66.4,469.133,565.833,276.633,108.067,90.9,18.933,24.267,1673.733,2.333,117.6,1419.667,134.1
KARNATAKA,1943,17.833,1.133,2.7,29.0,254.3,381.967,455.433,151.267,266.467,245.767,58.6,0.0,1864.5,18.967,286.0,1255.133,304.367
KARNATAKA,1944,0.067,9.4,28.5,12.433,83.267,323.467,551.233,187.067,109.767,201.633,64.467,6.167,1577.433,9.467,124.2,1171.533,272.267
KARNATAKA,1945,1.1,0.4,0.1,28.6,46.367,324.767,582.967,232.933,153.367,68.667,32.633,0.033,1471.867,1.5,75.067,1294.033,101.333
KARNATAKA,1946,0.033,3.833,7.5,49.467,74.833,493.5,445.9,490.133,181.933,112.433,144.3,27.967,2031.767,3.867,131.8,1611.467,284.7
KARNATAKA,1947,6.133,7.267,11.667,27.167,33.633,272.333,554.1,450.9,230.167,71.567,11.9,17.5,1694.2,13.4,72.467,1507.5,100.967
KARNATAKA,1948,7.133,0.033,6.5,55.467,86.067,352.333,467.267,458.7,172.767,95.767,123.6,0.8,1826.333,7.167,148.033,1451.067,220.167
KARNATAKA,1949,1.133,0.533,3.8,19.767,156.533,285.5,483.567,283.7,270.4,143.733,18.767,0.0,1667.367,1.667,180.1,1323.167,162.5
KARNATAKA,1950,0.033,7.033,1.667,6.2,67.5,329.233,632.7,241.867,350.467,126.7,46.067,0.167,1809.7,7.067,75.367,1554.267,172.933
KARNATAKA,1951,0.067,0.0,6.133,44.533,89.9,389.833,489.367,198.433,198.6,128.767,39.967,0.4,1586.0,0.067,140.567,1276.233,169.133
KARNATAKA,1952,0.1,6.4,0.233,35.833,86.633,357.267,374.933,284.1,68.867,221.9,0.233,29.167,1465.633,6.5,122.7,1085.167,251.3
KARNATAKA,1953,0.267,0.733,0.267,52.7,16.267,319.233,730.333,305.567,153.067,289.7,1.833,0.167,1870.133,1.0,69.233,1508.2,291.7
KARNATAKA,1954,0.767,0.167,15.8,39.767,87.3,417.933,624.1,339.0,185.633,120.4,0.433,14.033,1845.3,0.933,142.867,1566.667,134.867
KARNATAKA,1955,0.433,0.033,8.367,36.433,206.967,409.1,289.633,359.033,285.533,222.733,20.367,1.9,1840.533,0.467,251.767,1343.3,245.0
KARNATAKA,1956,0.133,1.667,1.533,59.033,179.733,435.8,573.733,258.333,177.533,239.367,118.0,1.433,2046.433,1.8,240.3,1445.4,358.8
KARNATAKA,1957,0.0,0.467,5.467,17.533,135.667,348.7,496.767,346.633,77.6,180.3,83.3,0.067,1692.433,0.467,158.667,1269.7,263.667
KARNATAKA,1958,1.933,0.533,7.367,51.067,139.867,416.6,589.567,362.4,163.733,102.167,46.567,1.3,1883.133,2.467,198.3,1532.3,150.033
KARNATAKA,1959,0.1,0.833,0.3,27.267,112.667,471.133,769.233,322.3,296.2,61.0,32.833,9.533,2103.4,0.933,140.233,1858.867,103.367
KARNATAKA,1960,0.1,0.0,12.9,33.433,188.633,332.4,467.967,221.433,309.033,104.9,57.767,0.1,1728.567,0.1,234.967,1330.833,162.767
KARNATAKA,1961,0.733,1.333,3.3,47.433,299.567,436.367,874.333,409.4,276.567,206.633,13.633,1.367,2570.667,2.067,350.3,1996.667,221.633
KARNATAKA,1962,0.533,5.1,2.833,57.233,176.8,184.533,586.133,498.033,242.767,205.467,24.5,70.533,2054.667,5.633,236.867,1511.467,300.5
KARNATAKA,1963,0.767,4.8,25.167,41.5,81.0,301.3,386.333,480.6,112.2,202.033,6.067,7.433,1649.067,5.567,147.667,1280.433,215.533
KARNATAKA,1964,0.0,0.3,2.533,15.433,29.667,283.833,451.9,470.9,278.567,144.167,51.3,7.933,1736.567,0.3,47.633,1485.2,203.4
KARNATAKA,1965,1.6,0.067,1.7,16.1,32.967,346.0,477.867,279.433,142.767,15.533,16.233,69.433,1399.733,1.667,50.767,1246.067,101.2
KARNATAKA,1966,7.1,0.4,2.933,15.7,123.267,243.033,508.0,150.0,216.233,126.5,148.9,28.333,1570.367,7.5,141.9,1117.267,303.733
KARNATAKA,1967,2.967,0.0,5.533,26.267,65.667,289.7,635.333,301.067,145.6,100.333,7.133,9.633,1589.267,2.967,97.467,1371.7,117.1
KARNATAKA,1968,1.3,7.933,5.833,44.133,41.067,346.533,665.633,209.533,239.033,139.733,27.8,1.267,1729.767,9.233,91.033,1460.733,168.8
KARNATAKA,1969,0.0,0.0,2.533,32.5,64.133,298.333,564.833,287.9,256.067,150.633,55.833,13.467,1726.167,0.0,99.167,1407.133,219.933
KARNATAKA,1970,0.6,1.867,2.433,37.3,155.5,341.3,533.6,512.267,210.3,157.033,16.533,0.067,1968.867,2.467,195.233,1597.467,173.633
KARNATAKA,1971,0.967,1.8,1.133,28.433,146.033,473.3,415.2,278.1,162.1,102.9,8.333,4.267,1622.5,2.767,175.6,1328.7,115.5
KARNATAKA,1972,0.0,1.333,0.533,21.133,129.933,316.633,461.4,220.4,144.567,128.167,33.133,16.233,1473.433,1.333,151.6,1143.0,177.533
KARNATAKA,1973,0.0,0.0,0.133,15.733,71.7,372.2,438.7,430.233,132.367,164.567,23.9,4.867,1654.467,0.0,87.567,1373.5,193.333
KARNATAKA,1974,0.033,0.0,4.933,28.067,121.733,213.0,615.533,333.533,279.767,165.833,4.9,0.0,1767.433,0.033,154.733,1441.833,170.733
KARNATAKA,1975,4.2,1.433,9.367,12.067,85.2,552.267,531.567,440.333,325.3,226.767,53.667,0.5,2242.667,5.633,106.633,1849.467,280.933
KARNATAKA,1976,0.0,0.033,5.4,40.767,24.267,213.067,507.467,313.533,169.233,40.1,100.9,4.133,1418.8,0.033,70.433,1203.3,145.133
KARNATAKA,1977,0.0,1.467,9.267,36.9,109.3,398.167,554.133,237.167,167.833,185.767,111.967,0.233,1812.233,1.467,155.467,1357.3,297.967
KARNATAKA,1978,0.433,6.9,1.133,29.0,144.333,500.9,556.733,378.967,189.433,104.833,70.8,16.3,1999.8,7.333,174.467,1626.033,191.933
KARNATAKA,1979,1.033,14.167,2.233,16.767,40.633,356.6,425.8,332.033,249.867,87.9,107.167,1.6,1635.8,15.2,59.633,1364.3,196.667
KARNATAKA,1980,0.033,0.0,3.2,69.733,58.733,523.467,490.467,451.967,162.4,71.467,58.333,3.133,1892.9,0.033,131.667,1628.3,132.933
KARNATAKA,1981,2.9,0.033,10.6,18.2,64.2,436.933,455.4,546.367,293.2,103.8,35.2,3.267,1970.167,2.933,93.0,1731.9,142.267
KARNATAKA,1982,0.067,0.1,1.033,11.767,82.167,348.967,546.367,634.367,141.4,106.4,52.4,0.167,1925.267,0.167,94.967,1671.1,158.967
KARNATAKA,1983,0.0,0.0,0.3,1.767,41.967,365.1,500.7,554.433,326.833,101.733,26.567,24.267,1943.767,0.0,44.033,1747.067,152.567
KARNATAKA,1984,2.267,5.933,38.6,33.333,25.567,456.833,519.433,266.0,163.667,161.233,6.0,1.533,1680.333,8.2,97.5,1405.933,168.767
KARNATAKA,1985,4.1,0.033,7.4,25.267,54.6,419.267,305.633,361.433,115.367,140.233,19.4,6.033,1458.733,4.133,87.267,1201.7,165.667
KARNATAKA,1986,8.4,5.567,3.367,18.533,36.9,437.133,316.433,382.033,155.233,70.367,89.0,5.4,1528.367,13.967,58.8,1290.833,164.767
KARNATAKA,1987,0.233,0.3,1.733,4.3,57.533,329.333,300.833,344.633,143.267,185.767,73.567,24.467,1466.1,0.533,63.567,1118.067,283.8
KARNATAKA,1988,0.5,1.567,4.467,47.233,49.267,278.167,580.8,434.467,288.433,56.467,3.433,16.667,1761.4,2.067,100.967,1581.867,76.567
KARNATAKA,1989,0.0,0.033,14.167,19.033,45.133,409.833,466.767,342.8,195.8,82.767,18.833,6.533,1601.767,0.033,78.333,1415.2,108.133
KARNATAKA,1990,3.5,0.033,1.733,9.4,195.2,418.933,451.833,483.6,129.533,146.367,54.633,1.233,1895.967,3.533,206.333,1483.9,202.233
KARNATAKA,1991,0.433,0.033,1.4,53.067,88.1,474.833,639.733,385.333,87.633,117.967,38.167,0.267,1886.967,0.467,142.567,1587.533,156.4
KARNATAKA,1992,0.067,0.1,0.0,19.5,68.0,416.867,463.2,478.133,194.967,105.033,171.233,0.067,1917.167,0.167,87.5,1553.167,276.333
KARNATAKA,1993,0.0,0.233,6.467,18.667,57.433,269.833,578.967,353.333,138.133,261.267,25.533,40.533,1750.4,0.233,82.567,1340.267,327.333
KARNATAKA,1994,6.467,0.9,3.467,54.267,43.933,502.6,743.533,378.5,134.2,258.3,19.2,0.333,2145.7,7.367,101.667,1758.833,277.833
KARNATAKA,1995,12.067,0.1,3.2,21.667,80.6,230.3,588.333,320.267,196.133,146.567,35.233,0.0,1634.433,12.167,105.467,1335.033,181.8
KARNATAKA,1996,0.467,0.067,0.8,30.2,34.7,376.633,469.367,323.5,225.7,182.2,15.3,22.633,1681.567,0.533,65.7,1395.2,220.133
KARNATAKA,1997,3.3,0.033,18.633,23.367,28.633,403.5,672.867,560.967,100.8,122.733,99.4,42.2,2076.4,3.333,70.633,1738.133,264.333
KARNATAKA,1998,0.0,0.0,1.767,14.767,50.567,409.933,503.6,331.6,323.9,197.533,49.833,7.7,1891.233,0.0,67.1,1569.033,255.067
KARNATAKA,1999,0.033,2.8,0.833,17.733,185.233,358.933,648.667,248.9,130.667,254.333,13.967,1.333,1863.433,2.833,203.8,1387.167,269.633
KARNATAKA,2000,5.567,6.2,0.433,26.833,108.233,413.933,414.4,402.3,199.033,165.333,9.8,5.0,1756.967,11.767,135.5,1429.667,180.133
KARNATAKA,2001,1.067,0.5,0.733,61.367,66.867,372.7,385.733,305.067,176.267,143.3,30.367,1.367,1545.3,1.567,128.967,1239.767,175.033
KARNATAKA,2002,2.133,10.167,1.033,22.067,93.933,334.867,231.0,334.867,96.867,218.267,14.3,0.3,1359.8,12.3,117.033,997.6,232.867
KARNATAKA,2003,0.167,3.1,14.567,32.867,7.767,386.3,409.167,297.9,117.4,156.067,8.8,1.933,1436.067,3.267,55.2,1210.767,166.8
KARNATAKA,2004,3.9,5.167,8.1,38.933,201.067,369.5,340.5,392.8,135.5,89.267,26.8,3.533,1615.1,9.067,248.1,1238.3,119.6
KARNATAKA,2005,4.5,1.633,2.9,67.0,51.4,353.0,576.733,349.5,253.8,174.267,28.633,2.567,1865.9,6.133,121.3,1533.033,205.467
KARNATAKA,2006,0.4,0.033,18.967,14.233,187.267,371.333,480.467,372.533,217.633,105.767,70.433,0.367,1839.467,0.433,220.467,1441.967,176.567
KARNATAKA,2007,3.933,2.367,3.067,35.667,58.9,461.4,462.933,456.433,344.8,115.267,23.067,8.2,1976.033,6.3,97.633,1725.567,146.533
KARNATAKA,2008,0.4,14.9,126.5,27.033,53.267,357.367,323.933,434.6,225.733,87.6,27.133,8.0,1686.467,15.3,206.8,1341.633,122.733
KARNATAKA,2009,0.267,0.033,24.133,22.433,88.367,221.3,746.167,258.233,331.4,184.733,76.8,24.067,1977.967,0.3,134.933,1557.1,285.6
KARNATAKA,2010,10.633,1.533,3.2,49.6,71.533,307.3,542.933,357.7,246.1,168.8,162.3,4.9,1926.567,12.167,124.333,1454.033,336.0
KARNATAKA,2011,2.467,7.8,9.433,62.5,59.867,432.267,477.9,404.267,241.8,132.333,47.967,5.067,1883.733,10.267,131.8,1556.233,185.367
KARNATAKA,2012,16.55,7.7,4.533,70.467,29.333,264.233,337.933,456.533,187.267,87.7,65.7,4.233,730.8,24.25,104.333,1245.967,157.633
KARNATAKA,2013,1.367,11.933,11.233,29.5,81.133,476.2,661.133,301.933,257.3,156.6,28.667,4.167,2021.1,13.3,121.867,1696.567,189.433
KARNATAKA,2014,0.133,2.933,16.267,37.867,135.133,221.4,521.267,526.933,210.367,153.2,28.4,21.2,1875.133,3.067,189.267,1479.967,202.8
KARNATAKA,2015,1.833,0.4,28.067,67.833,106.967,347.867,360.467,263.4,191.867,125.267,89.333,6.8,1590.133,2.233,202.867,1163.6,221.4
KERALA,1901,28.7,44.7,51.6,160.0,174.7,824.6,743.0,357.5,197.7,266.9,350.8,48.4,3248.6,73.4,386.3,2122.8,666.1
KERALA,1902,6.7,2.6,57.3,83.9,134.5,390.9,1205.0,315.8,491.6,358.4,158.3,121.5,3326.6,9.3,275.7,2403.3,638.2
KERALA,1903,3.2,18.6,3.1,83.6,249.7,558.6,1022.5,420.2,341.8,354.1,157.0,59.0,3271.2,21.8,336.4,2343.1,570.1
KERALA,1904,23.7,3.0,32.2,71.5,235.7,1098.2,725.5,351.8,222.7,328.1,33.9,3.3,3129.7,26.7,339.4,2398.2,365.3
KERALA,1905,1.2,22.3,9.4,105.9,263.3,850.2,520.5,293.6,217.2,383.5,74.4,0.2,2741.6,23.5,378.6,1881.5,458.1
KERALA,1906,26.7,7.4,9.9,59.4,160.8,414.9,954.2,442.8,131.2,251.7,163.1,86.0,2708.0,34.1,230.1,1943.1,500.8
KERALA,1907,18.8,4.8,55.7,170.8,101.4,770.9,760.4,981.5,225.0,309.7,219.1,52.8,3671.1,23.6,327.9,2737.8,581.6
KERALA,1908,8.0,20.8,38.2,102.9,142.6,592.6,902.2,352.9,175.9,253.3,47.9,11.0,2648.3,28.8,283.7,2023.6,312.2
KERALA,1909,54.1,11.8,61.3,93.8,473.2,704.7,782.3,258.0,195.4,212.1,171.1,32.3,3050.2,65.9,628.3,1940.4,415.5
KERALA,1910,2.7,25.7,23.3,124.5,148.8,680.0,484.1,473.8,248.6,356.6,280.4,0.1,2848.6,28.4,296.6,1886.5,637.1
KERALA,1911,3.0,4.3,18.2,51.0,180.6,990.0,705.3,178.6,60.2,302.3,145.7,87.6,2726.7,7.3,249.8,1934.1,535.6
KERALA,1912,1.9,15.0,11.2,122.7,217.3,948.2,833.6,534.4,136.8,469.5,138.7,22.0,3451.3,16.9,351.2,2453.0,630.2
KERALA,1913,3.1,5.2,20.7,75.7,198.8,541.7,763.2,247.2,176.9,422.5,109.9,45.8,2610.8,8.3,295.2,1729.0,578.2
KERALA,1914,0.7,6.8,18.1,32.7,164.2,565.3,857.7,402.2,241.0,374.4,100.9,135.2,2899.1,7.5,215.0,2066.2,610.5
KERALA,1915,16.9,23.5,42.7,106.0,154.5,696.1,775.6,298.8,396.6,196.6,302.5,14.9,3024.5,40.4,303.2,2167.1,514.0
KERALA,1916,0.0,7.8,22.0,82.4,199.0,920.2,513.9,396.9,339.3,320.7,134.3,8.9,2945.3,7.8,303.4,2170.3,463.9
KERALA,1917,2.9,47.6,79.4,38.1,122.9,703.7,342.7,335.1,470.3,264.1,256.4,41.6,2704.8,50.5,240.4,1851.8,562.1
KERALA,1918,42.9,5.0,32.8,51.3,683.0,464.3,167.5,376.0,96.4,233.2,295.4,54.1,2501.9,47.9,767.1,1104.2,582.7
KERALA,1919,43.0,6.1,33.9,65.9,247.0,636.8,648.0,484.2,255.9,249.2,280.1,53.0,3003.3,49.1,346.8,2024.9,582.3
KERALA,1920,35.2,5.5,24.1,172.0,87.7,964.3,940.8,235.0,178.0,350.1,302.3,8.2,3303.1,40.7,283.8,2318.1,660.6
KERALA,1921,43.0,4.7,15.0,171.3,104.1,489.1,639.8,641.9,156.7,302.4,136.2,15.8,2719.9,47.7,290.4,1927.5,454.4
KERALA,1922,30.5,21.4,16.3,89.6,293.6,663.1,1025.1,320.6,222.4,266.3,293.7,25.1,3267.6,51.9,399.5,2231.2,585.1
KERALA,1923,24.7,0.7,78.9,43.5,80.0,722.5,1008.7,943.0,254.3,203.1,83.9,41.6,3484.7,25.4,202.4,2928.5,328.6
KERALA,1924,19.3,2.9,66.6,111.0,185.4,1011.7,1526.5,624.0,289.1,176.5,162.9,50.4,4226.4,22.2,363.0,3451.3,389.8
KERALA,1925,4.1,16.5,76.9,93.4,258.2,688.8,593.5,554.1,158.8,295.4,223.7,98.8,3062.1,20.6,428.5,1995.2,617.9
KERALA,1926,28.6,5.8,23.1,55.8,222.6,563.9,885.2,536.0,322.7,216.7,88.8,16.2,2965.4,34.4,301.5,2307.8,321.7
KERALA,1927,18.8,35.3,49.6,86.5,265.4,720.2,888.2,315.0,335.6,135.8,137.6,6.8,2994.7,54.1,401.5,2259.0,280.2
KERALA,1928,12.7,65.9,51.3,121.1,81.9,590.7,420.6,553.2,75.9,321.5,155.2,52.7,2502.8,78.6,254.3,1640.4,529.4
KERALA,1929,12.8,29.8,58.9,210.7,148.0,946.6,844.0,293.9,268.9,350.4,158.2,39.4,3361.6,42.6,417.6,2353.4,548.0
KERALA,1930,10.8,10.8,39.0,102.7,404.9,633.1,401.7,273.4,411.5,433.9,207.0,89.2,3018.0,21.6,546.6,1719.7,730.1
KERALA,1931,3.3,0.3,19.2,126.9,131.7,541.7,653.9,1199.2,163.2,149.3,164.3,106.5,3259.6,3.6,277.8,2558.0,420.1
KERALA,1932,0.1,19.3,28.6,113.0,646.5,341.0,716.4,423.2,317.3,543.2,223.2,31.3,3403.0,19.4,788.1,1797.9,797.7
KERALA,1933,1.0,9.3,36.9,139.5,738.8,859.3,773.4,479.5,469.7,397.0,126.1,42.3,4072.9,10.3,915.2,2581.9,565.4
KERALA,1934,74.5,1.7,47.7,92.4,106.7,852.9,415.0,337.2,48.4,335.9,93.4,4.9,2410.7,76.2,246.8,1653.5,434.2
KERALA,1935,23.9,8.3,18.1,120.7,56.6,431.3,687.3,280.9,283.3,403.8,153.0,30.9,2498.2,32.2,195.4,1682.8,587.7
KERALA,1936,1.2,16.5,116.0,34.0,466.5,620.8,672.1,367.9,286.7,231.7,211.1,18.6,3043.3,17.7,616.5,1947.5,461.4
KERALA,1937,6.5,21.2,58.7,175.5,137.1,485.6,970.5,281.2,139.8,401.9,121.0,19.1,2818.2,27.7,371.3,1877.1,542.0
KERALA,1938,0.3,79.0,53.3,164.5,179.6,681.6,648.6,287.9,223.2,223.7,69.5,22.9,2634.1,79.3,397.4,1841.3,316.1
KERALA,1939,13.6,3.6,24.9,172.8,105.1,625.8,749.6,459.9,134.1,339.8,298.1,10.2,2937.5,17.2,302.8,1969.4,648.1
KERALA,1940,0.6,1.5,3.8,126.5,217.4,606.4,877.3,610.8,68.2,257.7,287.5,60.1,3117.8,2.1,347.7,2162.7,605.3
KERALA,1941,15.9,4.6,12.7,101.9,417.5,797.6,517.9,458.5,257.9,221.6,220.5,84.6,3111.1,20.5,532.1,2031.9,526.7
KERALA,1942,2.4,4.7,23.2,180.3,191.9,813.6,828.8,329.3,99.8,374.4,84.7,117.9,3050.9,7.1,395.4,2071.5,577.0
KERALA,1943,83.5,14.6,38.4,107.5,478.4,794.5,831.6,183.3,257.6,427.2,223.4,24.3,3464.2,98.1,624.3,2067.0,674.9
KERALA,1944,6.4,26.6,61.6,61.6,212.7,498.9,614.1,230.7,155.0,289.0,244.1,89.2,2490.0,33.0,335.9,1498.7,622.3
KERALA,1945,4.4,9.9,12.7,104.1,53.4,549.8,704.0,351.8,110.9,253.8,259.5,18.0,2432.4,14.3,170.2,1716.5,531.3
KERALA,1946,1.8,5.4,108.4,139.8,83.0,919.0,671.7,695.6,199.4,266.1,273.0,202.3,3565.5,7.2,331.2,2485.7,741.4
KERALA,1947,22.2,27.3,98.0,142.2,85.7,556.1,669.3,739.6,394.5,183.7,32.4,47.0,2998.1,49.5,325.9,2359.5,263.1
KERALA,1948,43.0,8.3,48.2,125.0,212.3,910.2,619.0,487.9,166.6,183.9,215.6,19.2,3039.2,51.3,385.5,2183.7,418.7
KERALA,1949,0.6,1.8,4.5,98.1,440.0,536.3,758.7,445.2,354.5,229.1,71.9,1.8,2942.6,2.4,542.6,2094.7,302.8
KERALA,1950,0.1,53.7,31.1,68.5,242.0,638.3,905.7,387.3,411.6,250.4,149.2,8.8,3146.6,53.8,341.6,2342.9,408.4
KERALA,1951,6.6,6.5,41.6,175.9,148.5,774.1,544.6,190.6,313.8,250.6,229.6,23.2,2705.5,13.1,366.0,1823.1,503.4
KERALA,1952,5.2,48.2,20.8,112.2,214.6,576.7,430.0,413.6,57.4,339.6,49.6,66.9,2334.8,53.4,347.6,1477.7,456.1
KERALA,1953,13.1,22.6,18.5,132.4,55.4,340.5,1027.6,356.4,100.5,410.5,62.2,5.1,2544.9,35.7,206.3,1825.0,477.8
KERALA,1954,23.5,2.8,90.6,136.9,179.5,798.3,640.5,467.0,201.6,303.1,31.6,62.5,2938.0,26.3,407.0,2107.4,397.2
KERALA,1955,4.2,6.3,28.2,125.9,544.2,782.4,392.8,236.0,438.5,378.2,178.1,19.8,3134.7,10.5,698.3,1849.7,576.1
KERALA,1956,7.9,11.7,15.1,151.6,351.3,755.4,466.8,319.5,178.4,353.3,178.2,9.1,2798.4,19.6,518.0,1720.1,540.6
KERALA,1957,1.2,16.0,25.7,70.2,381.2,872.0,835.3,358.8,41.3,280.1,192.5,28.9,3103.3,17.2,477.1,2107.4,501.5
KERALA,1958,4.4,19.3,57.3,135.1,353.5,713.3,622.7,526.6,86.1,191.0,206.1,7.7,2923.1,23.7,545.9,1948.7,404.8
KERALA,1959,3.0,21.4,6.3,150.7,347.2,872.8,1155.7,397.3,405.5,200.4,151.9,34.0,3746.0,24.4,504.2,2831.3,386.3
KERALA,1960,9.4,8.4,44.4,206.6,540.0,480.3,750.9,336.8,371.2,255.9,358.0,23.7,3385.5,17.8,791.0,1939.2,637.6
KERALA,1961,13.7,31.3,11.4,94.1,500.5,1005.2,1146.5,678.3,399.3,274.2,85.9,17.5,4257.8,45.0,606.0,3229.3,377.6
KERALA,1962,28.4,54.7,39.6,95.1,472.4,244.9,951.1,510.7,394.9,475.6,31.5,76.9,3375.8,83.1,607.1,2101.6,584.0
KERALA,1963,30.2,24.8,69.8,96.3,157.1,393.3,720.2,511.0,223.9,282.6,93.4,48.4,2651.1,55.0,323.2,1848.4,424.4
KERALA,1964,1.1,7.8,67.2,83.3,94.8,379.4,754.2,548.0,398.2,325.7,191.7,17.8,2869.1,8.9,245.3,2079.8,535.2
KERALA,1965,9.1,0.9,28.3,109.8,214.5,597.7,465.1,296.1,150.1,183.7,131.7,155.5,2342.4,10.0,352.6,1509.0,470.9
KERALA,1966,3.0,6.9,67.7,167.4,95.2,496.2,601.9,202.1,293.2,392.3,245.4,50.5,2621.7,9.9,330.3,1593.4,688.2
KERALA,1967,14.3,0.1,24.6,70.1,244.9,541.7,741.4,508.4,145.8,172.7,74.0,31.1,2569.1,14.4,339.6,1937.3,277.8
KERALA,1968,7.3,30.5,89.2,133.3,90.0,696.4,1308.9,380.7,325.4,178.9,119.4,32.7,3392.7,37.8,312.5,2711.4,331.0
KERALA,1969,2.7,6.4,19.4,117.2,227.4,550.5,818.8,284.8,216.4,235.6,119.4,66.3,2665.0,9.1,364.0,1870.5,421.3
KERALA,1970,12.9,17.6,25.8,132.7,289.1,535.3,558.1,554.8,212.5,278.3,80.5,5.7,2703.5,30.5,447.6,1860.7,364.5
KERALA,1971,31.6,18.5,20.0,113.0,317.5,889.6,648.6,385.2,331.2,220.9,38.3,62.3,3076.8,50.1,450.5,2254.6,321.5
KERALA,1972,2.6,7.5,2.5,87.5,436.0,401.8,714.4,294.9,185.7,351.5,140.5,114.3,2739.4,10.1,526.0,1596.8,606.3
KERALA,1973,0.0,0.3,12.3,131.5,119.9,617.0,583.5,487.5,61.3,260.8,84.5,53.8,2412.5,0.3,263.7,1749.3,399.1
KERALA,1974,1.6,5.4,16.0,128.0,221.5,266.9,1004.2,533.6,383.6,142.1,61.0,3.6,2767.4,7.0,365.5,2188.3,206.7
KERALA,1975,5.2,21.4,63.4,123.8,162.2,864.4,531.3,675.9,457.7,368.9,204.3,19.9,3498.4,26.6,349.4,2529.3,593.1
KERALA,1976,0.1,1.5,21.0,134.5,75.8,196.8,641.5,342.6,116.2,221.3,286.7,30.8,2068.8,1.6,231.3,1297.1,538.8
KERALA,1977,1.1,15.7,28.3,102.3,306.4,599.6,753.3,234.2,201.3,437.0,361.7,6.7,3047.6,16.8,437.0,1788.4,805.4
KERALA,1978,3.3,14.7,31.4,73.9,396.8,758.1,686.7,516.8,119.4,171.0,365.6,39.0,3176.7,18.0,502.1,2081.0,575.6
KERALA,1979,2.4,30.0,11.7,42.0,127.7,582.9,662.2,383.7,211.7,163.8,261.7,23.3,2503.0,32.4,181.4,1840.5,448.8
KERALA,1980,0.0,0.9,20.8,114.8,105.3,745.9,754.0,438.1,139.5,282.3,162.3,39.5,2803.4,0.9,240.9,2077.5,484.1
KERALA,1981,7.0,6.8,28.5,75.9,166.3,912.4,489.8,495.6,376.6,265.0,138.6,43.3,3005.9,13.8,270.7,2274.4,446.9
KERALA,1982,0.7,0.1,21.9,60.4,148.2,612.2,511.5,495.0,70.6,164.4,127.5,10.8,2223.3,0.8,230.5,1689.3,302.7
KERALA,1983,0.2,1.5,0.9,13.1,76.0,322.8,583.2,579.9,421.1,136.2,116.5,69.1,2320.3,1.7,90.0,1907.0,321.8
KERALA,1984,36.8,60.0,95.3,162.1,84.6,842.6,653.6,284.4,171.1,286.0,67.7,18.0,2762.1,96.8,342.0,1951.7,371.7
KERALA,1985,61.2,6.1,29.3,66.6,254.2,828.7,388.9,315.3,117.6,204.0,74.9,44.0,2390.5,67.3,350.1,1650.5,322.9
KERALA,1986,5.6,18.7,11.2,63.1,126.7,597.9,324.8,340.3,235.4,165.5,194.7,9.5,2093.2,24.3,201.0,1498.4,369.7
KERALA,1987,0.6,0.8,4.3,57.2,108.3,572.6,221.0,396.6,157.0,272.1,216.0,131.1,2137.6,1.4,169.8,1347.2,619.2
KERALA,1988,0.8,17.5,38.1,177.6,157.2,511.3,502.8,379.8,451.7,68.5,67.0,31.1,2403.5,18.3,372.9,1845.6,166.6
KERALA,1989,10.3,0.0,30.1,141.5,169.4,657.5,450.7,285.5,271.1,308.0,92.9,5.6,2422.7,10.3,341.0,1664.8,406.5
KERALA,1990,14.9,4.8,18.0,41.8,488.5,528.6,635.4,370.8,103.3,323.2,158.8,5.2,2693.1,19.7,548.3,1638.1,487.2
KERALA,1991,10.9,4.4,33.2,97.0,113.4,1096.1,905.5,465.5,48.5,307.8,99.9,2.3,3184.5,15.3,243.6,2515.6,410.0
KERALA,1992,2.4,0.9,0.1,43.0,218.4,819.3,767.8,508.0,297.5,290.7,287.6,3.7,3239.5,3.3,261.5,2392.6,582.0
KERALA,1993,0.0,17.8,20.1,66.5,159.0,657.1,776.1,301.9,88.0,431.2,153.8,46.2,2717.7,17.8,245.6,1823.1,631.2
KERALA,1994,24.3,27.1,18.1,154.5,141.3,845.0,955.5,479.9,212.6,428.4,117.6,6.5,3410.8,51.4,313.9,2493.0,552.5
KERALA,1995,10.3,6.5,37.3,134.9,355.6,493.4,702.5,457.3,280.0,198.3,182.6,0.1,2858.8,16.8,527.8,1933.2,381.0
KERALA,1996,2.8,9.1,14.4,124.3,74.3,572.4,696.0,327.4,342.7,294.1,89.9,62.5,2610.0,11.9,213.0,1938.5,446.5
KERALA,1997,2.1,1.5,36.1,60.6,133.6,544.2,970.5,536.0,292.2,288.9,298.4,88.4,3252.4,3.6,230.3,2342.9,675.7
KERALA,1998,6.0,2.1,8.1,61.1,151.6,732.5,641.4,371.8,517.6,444.8,135.0,79.4,3151.5,8.1,220.8,2263.3,659.2
KERALA,1999,1.8,23.8,21.4,111.6,453.2,607.3,700.4,266.3,88.0,567.9,68.1,4.9,2914.6,25.6,586.2,1662.0,640.9
KERALA,2000,11.7,57.8,21.5,96.3,124.5,633.8,343.2,566.5,195.8,214.2,78.1,69.1,2412.6,69.5,242.3,1739.3,361.4
KERALA,2001,16.5,28.3,7.0,238.0,238.6,715.3,598.5,361.3,216.8,319.6,181.0,10.1,2931.1,44.8,483.6,1891.9,510.7
KERALA,2002,4.7,8.7,35.7,117.3,330.8,503.1,318.7,438.2,99.0,511.7,137.5,2.1,2507.4,13.4,483.8,1359.0,651.3
KERALA,2003,0.7,50.9,82.1,134.4,91.0,566.7,532.0,350.3,93.6,407.0,76.4,9.7,2394.9,51.6,307.5,1542.6,493.1
KERALA,2004,2.4,8.1,37.9,113.2,610.9,673.4,385.4,417.9,192.8,320.6,120.7,2.7,2886.1,10.5,762.0,1669.5,444.0
KERALA,2005,19.8,7.0,25.3,205.9,134.8,619.2,832.7,291.0,414.7,240.1,184.3,56.4,3031.1,26.8,366.0,2157.6,480.8
KERALA,2006,8.1,0.5,90.7,65.3,521.2,482.4,804.0,432.6,474.8,376.4,162.8,1.8,3420.6,8.6,677.2,2193.8,541.0
KERALA,2007,0.5,5.6,7.3,138.5,192.7,705.9,966.3,489.6,526.7,357.2,87.4,11.9,3489.6,6.1,338.5,2688.5,456.5
KERALA,2008,0.8,30.3,217.2,108.4,81.2,469.9,505.1,349.0,347.0,343.4,55.4,17.0,2524.5,31.1,406.8,1671.0,415.8
KERALA,2009,3.3,1.5,62.6,69.0,191.6,438.2,924.9,269.3,326.5,205.2,274.4,44.2,2810.6,4.8,323.2,1958.9,523.8
KERALA,2010,18.6,1.0,31.4,138.9,190.6,667.5,629.0,356.0,275.6,441.4,335.1,46.8,3131.8,19.6,360.9,1928.1,823.3
KERALA,2011,20.5,45.7,24.1,165.2,124.2,788.5,536.8,492.7,391.2,227.2,169.7,49.5,3035.1,66.2,313.5,2209.2,446.4
KERALA,2012,7.4,11.0,21.0,171.1,95.3,430.3,362.6,501.6,241.1,187.5,112.9,9.4,2151.1,18.4,287.4,1535.6,309.8
KERALA,2013,3.9,40.1,49.9,49.3,119.3,1042.7,830.2,369.7,318.6,259.9,154.9,17.0,3255.4,44.0,218.5,2561.2,431.8
KERALA,2014,4.6,10.3,17.9,95.7,251.0,454.4,677.8,733.9,298.8,355.5,99.5,47.2,3046.4,14.9,364.6,2164.9,502.2
KERALA,2015,3.1,5.8,50.1,214.1,201.8,563.6,406.0,252.2,292.9,308.1,223.6,79.4,2600.6,8.9,466.0,1514.7,611.1
LAKSHADWEEP,1901,22.6,86.4,114.8,263.8,37.3,459.0,0.0,0.0,46.7,183.7,229.9,15.0,1459.2,109.0,415.9,505.7,428.6
LAKSHADWEEP,1902,99.3,9.6,32.6,40.4,179.1,374.2,413.3,170.0,214.3,384.2,192.8,49.0,2158.8,108.9,252.1,1171.8,626.0
LAKSHADWEEP,1903,63.5,95.0,0.0,29.5,144.1,212.4,261.8,202.0,292.1,79.1,,,,158.5,173.6,968.3,
LAKSHADWEEP,1904,0.0,0.0,13.5,13.2,143.3,261.3,256.0,38.9,219.9,153.6,8.3,68.9,1176.9,0.0,170.0,776.1,230.8
LAKSHADWEEP,1905,62.4,0.0,0.0,0.0,166.7,400.7,68.7,377.5,107.5,232.1,159.3,0.0,1574.9,62.4,166.7,954.4,391.4
LAKSHADWEEP,1906,17.8,0.0,24.4,33.8,213.0,465.0,348.6,260.5,25.9,252.3,106.5,63.8,1811.6,17.8,271.2,1100.0,422.6
LAKSHADWEEP,1907,60.6,49.3,0.0,123.5,77.0,241.1,199.5,165.6,25.8,176.3,292.7,47.4,1458.8,109.9,200.5,632.0,516.4
LAKSHADWEEP,1908,18.0,9.2,5.6,162.0,150.9,471.7,184.9,73.9,437.0,251.2,98.0,96.7,1959.1,27.2,318.5,1167.5,445.9
LAKSHADWEEP,1909,70.4,0.0,34.2,92.4,48.4,204.0,122.4,368.8,105.1,340.5,45.0,32.3,1463.5,70.4,175.0,800.3,417.8
LAKSHADWEEP,1910,2.3,0.0,32.8,34.3,201.1,340.4,155.2,292.4,301.8,317.1,171.8,0.0,1849.2,2.3,268.2,1089.8,488.9
LAKSHADWEEP,1911,22.4,0.0,0.0,0.0,104.2,425.3,245.5,60.3,67.9,316.1,276.0,170.0,1687.7,22.4,104.2,799.0,762.1
LAKSHADWEEP,1912,11.4,54.6,8.1,118.6,165.1,417.8,171.7,152.2,68.9,267.8,126.2,92.5,1654.9,66.0,291.8,810.6,486.5
LAKSHADWEEP,1913,77.0,1.8,50.3,53.4,244.0,251.8,215.5,235.5,38.6,154.3,111.4,84.9,1518.5,78.8,347.7,741.4,350.6
LAKSHADWEEP,1914,10.4,0.0,53.3,10.2,120.7,377.1,347.5,220.4,26.5,437.0,172.0,258.9,2034.0,10.4,184.2,971.5,867.9
LAKSHADWEEP,1915,0.0,0.0,22.9,50.5,143.3,183.4,461.6,76.0,222.1,151.6,155.8,78.3,1545.5,0.0,216.7,943.1,385.7
LAKSHADWEEP,1916,0.3,13.2,32.0,28.7,130.5,327.6,445.9,31.8,275.4,85.2,17.5,10.4,1398.5,13.5,191.2,1080.7,113.1
LAKSHADWEEP,1917,,68.6,,,,,,,,,,,,,,,
LAKSHADWEEP,1919,74.4,1.3,39.4,25.6,249.8,352.1,367.4,175.6,196.9,181.0,150.2,112.8,1926.5,75.7,314.8,1092.0,444.0
LAKSHADWEEP,1920,82.6,,35.6,49.4,203.1,530.0,134.2,116.9,247.6,258.8,359.6,33.1,,,288.1,1028.7,651.5
LAKSHADWEEP,1921,37.6,0.0,16.8,82.4,156.3,326.2,163.7,235.5,,170.3,110.3,93.0,,37.6,255.5,,373.6
LAKSHADWEEP,1922,17.8,56.7,0.0,214.1,112.8,232.9,258.0,190.4,425.2,152.7,210.0,57.9,1928.5,74.5,326.9,1106.5,420.6
LAKSHADWEEP,1923,43.7,1.6,25.0,0.0,13.5,372.8,314.6,198.9,189.3,149.7,65.2,197.9,1572.2,45.3,38.5,1075.6,412.8
LAKSHADWEEP,1924,23.8,1.0,4.7,57.6,224.9,567.3,339.2,396.4,236.8,96.5,15.2,8.6,1972.0,24.8,287.2,1539.7,120.3
LAKSHADWEEP,1925,2.3,7.5,15.5,32.6,244.2,327.5,192.3,295.3,63.5,109.3,144.9,242.0,1676.9,9.8,292.3,878.6,496.2
LAKSHADWEEP,1926,262.8,16.0,33.6,60.2,335.8,392.0,303.9,118.2,97.2,83.4,119.3,13.8,1836.2,278.8,429.6,911.3,216.5
LAKSHADWEEP,1927,108.2,14.7,40.7,40.4,229.0,181.2,,42.0,256.0,,,,,122.9,310.1,,
LAKSHADWEEP,1928,42.5,66.6,,1.4,212.3,206.9,268.8,174.9,53.8,124.1,116.3,139.3,,109.1,,704.4,379.7
LAKSHADWEEP,1929,6.1,66.6,49.5,91.0,248.0,259.3,452.7,34.2,186.3,100.2,,28.8,,72.7,388.5,932.5,
LAKSHADWEEP,1930,14.0,24.6,14.2,0.0,110.6,277.5,115.5,186.4,193.0,170.6,79.6,72.4,1258.4,38.6,124.8,772.4,322.6
LAKSHADWEEP,1931,,0.0,0.0,28.5,194.6,262.0,290.4,347.9,167.1,102.0,118.3,96.1,,,223.1,1067.4,316.4
LAKSHADWEEP,1932,0.0,0.2,4.8,0.4,372.6,239.4,435.0,286.7,63.5,256.3,178.1,56.7,1893.7,0.2,377.8,1024.6,491.1
LAKSHADWEEP,1933,6.1,34.5,16.5,44.5,660.8,200.3,366.0,334.8,390.0,157.9,85.1,17.6,2314.1,40.6,721.8,1291.1,260.6
LAKSHADWEEP,1934,122.3,5.7,5.1,30.8,37.4,305.1,197.1,71.4,76.3,161.5,74.9,0.3,1087.9,128.0,73.3,649.9,236.7
LAKSHADWEEP,1935,9.2,7.7,0.0,41.1,15.8,351.8,309.1,277.5,136.4,142.8,145.4,92.4,1529.2,16.9,56.9,1074.8,380.6
LAKSHADWEEP,1936,0.5,1.0,41.1,18.8,354.8,464.2,177.1,161.1,219.1,70.1,177.1,59.2,1744.1,1.5,414.7,1021.5,306.4
LAKSHADWEEP,1937,8.3,2.5,1.5,15.8,79.7,371.8,391.0,80.0,101.3,167.9,191.0,32.8,1443.6,10.8,97.0,944.1,391.7
LAKSHADWEEP,1938,6.8,6.3,8.0,74.0,113.8,145.4,230.3,385.8,132.8,113.3,210.8,120.3,1547.6,13.1,195.8,894.3,444.4
LAKSHADWEEP,1939,9.0,0.5,0.0,2.5,20.3,412.7,220.1,248.0,47.0,114.6,126.8,5.8,1207.3,9.5,22.8,927.8,247.2
LAKSHADWEEP,1940,14.8,0.4,0.0,19.2,61.4,292.5,267.2,242.0,36.4,237.7,194.3,40.8,1406.7,15.2,80.6,838.1,472.8
LAKSHADWEEP,1941,44.4,16.5,2.7,1.0,227.6,213.3,142.0,182.4,138.5,78.1,72.9,44.0,1163.4,60.9,231.3,676.2,195.0
LAKSHADWEEP,1942,40.0,3.8,15.1,69.1,154.1,539.7,346.6,207.3,90.1,120.5,39.2,160.7,1786.2,43.8,238.3,1183.7,320.4
LAKSHADWEEP,1943,112.6,57.4,0.0,,146.0,422.3,346.0,203.1,154.8,309.3,142.8,55.5,,170.0,,1126.2,507.6
LAKSHADWEEP,1944,25.4,67.9,5.8,16.6,174.5,261.4,247.3,99.1,272.6,175.9,234.9,86.7,1668.1,93.3,196.9,880.4,497.5
LAKSHADWEEP,1945,16.8,1.3,0.0,0.9,54.2,362.0,341.0,148.8,42.8,132.8,155.1,65.6,1321.3,18.1,55.1,894.6,353.5
LAKSHADWEEP,1946,15.7,1.5,9.5,32.0,,,,,,,,,,17.2,,,
LAKSHADWEEP,1947,20.1,9.1,24.3,140.2,87.9,364.8,303.6,504.6,168.8,74.2,28.4,29.9,1755.9,29.2,252.4,1341.8,132.5
LAKSHADWEEP,1948,70.0,5.7,0.2,17.2,121.0,278.5,159.0,124.8,39.5,356.7,118.5,34.2,1325.3,75.7,138.4,601.8,509.4
LAKSHADWEEP,1949,2.2,1.0,0.0,2.4,372.5,380.5,476.7,242.5,188.5,80.1,,8.8,,3.2,374.9,1288.2,
LAKSHADWEEP,1950,8.5,38.7,25.1,69.9,158.6,203.1,405.0,266.5,135.3,52.7,31.0,99.7,1494.1,47.2,253.6,1009.9,183.4
LAKSHADWEEP,1951,24.3,28.9,35.3,129.9,108.4,445.1,524.2,43.7,156.0,68.6,103.6,47.3,1715.3,53.2,273.6,1169.0,219.5
LAKSHADWEEP,1952,21.3,11.2,0.8,11.6,152.4,343.5,157.9,79.6,38.3,273.0,12.2,22.7,1124.5,32.5,164.8,619.3,307.9
LAKSHADWEEP,1953,10.4,40.8,9.3,35.0,15.3,205.8,537.0,69.4,125.5,452.4,95.6,9.7,1606.2,51.2,59.6,937.7,557.7
LAKSHADWEEP,1954,74.1,0.0,14.6,39.8,122.3,375.2,259.5,232.9,123.5,256.2,34.1,23.3,1555.5,74.1,176.7,991.1,313.6
LAKSHADWEEP,1955,11.4,39.1,0.0,105.4,235.2,345.5,215.4,63.2,302.5,155.9,61.2,13.5,1548.3,50.5,340.6,926.6,230.6
LAKSHADWEEP,1956,13.6,27.7,1.3,40.8,269.5,356.1,109.8,91.6,148.0,175.6,48.5,4.9,1287.4,41.3,311.6,705.5,229.0
LAKSHADWEEP,1957,0.9,11.4,34.6,23.7,195.6,309.9,129.1,149.6,47.5,215.2,198.5,31.2,1347.2,12.3,253.9,636.1,444.9
LAKSHADWEEP,1958,0.2,1.6,0.0,8.0,116.0,269.4,84.5,238.2,54.0,133.4,51.1,36.2,992.6,1.8,124.0,646.1,220.7
LAKSHADWEEP,1959,15.0,0.0,8.0,51.6,320.5,337.7,205.8,151.2,183.2,183.8,97.8,29.0,1583.6,15.0,380.1,877.9,310.6
LAKSHADWEEP,1960,29.6,40.0,3.3,85.4,497.1,176.8,257.3,168.4,221.3,169.7,235.9,17.0,1901.8,69.6,585.8,823.8,422.6
LAKSHADWEEP,1961,60.3,47.4,0.0,31.3,421.1,593.2,297.3,228.2,215.8,148.1,98.8,93.8,2235.3,107.7,452.4,1334.5,340.7
LAKSHADWEEP,1962,11.1,0.0,0.0,81.5,331.2,149.3,204.5,286.7,201.8,210.9,33.5,76.1,1586.6,11.1,412.7,842.3,320.5
LAKSHADWEEP,1963,126.7,112.9,6.5,72.6,204.6,233.0,367.0,249.9,121.8,113.5,211.5,82.1,1902.1,239.6,283.7,971.7,407.1
LAKSHADWEEP,1964,2.5,3.5,5.2,40.4,64.2,376.1,407.0,174.6,342.5,120.9,90.8,24.0,1651.7,6.0,109.8,1300.2,235.7
LAKSHADWEEP,1965,0.2,7.3,8.3,35.0,162.5,200.6,164.2,267.7,92.4,69.2,77.9,320.6,1405.9,7.5,205.8,724.9,467.7
LAKSHADWEEP,1966,21.3,0.2,6.2,4.4,34.9,376.7,421.9,158.9,225.4,266.1,158.0,67.5,1741.5,21.5,45.5,1182.9,491.6
LAKSHADWEEP,1967,7.8,2.7,0.0,0.0,148.3,301.2,380.1,196.9,100.4,92.3,24.5,33.1,1287.3,10.5,148.3,978.6,149.9
LAKSHADWEEP,1968,8.7,1.8,30.6,45.4,16.6,393.8,439.8,84.1,202.8,46.5,31.4,42.9,1344.4,10.5,92.6,1120.5,120.8
LAKSHADWEEP,1969,30.0,4.1,0.0,63.3,237.9,125.6,149.0,225.3,95.9,162.3,157.5,165.2,1416.1,34.1,301.2,595.8,485.0
LAKSHADWEEP,1970,18.7,6.3,13.8,32.3,164.9,322.1,484.4,284.6,228.9,126.9,81.2,18.9,1783.0,25.0,211.0,1320.0,227.0
LAKSHADWEEP,1971,3.8,12.3,5.4,25.0,271.6,333.9,308.1,349.6,281.8,113.8,63.0,133.1,1901.4,16.1,302.0,1273.4,309.9
LAKSHADWEEP,1972,0.0,1.1,0.0,11.4,81.3,349.2,197.3,172.5,152.0,219.2,94.2,9.4,1287.6,1.1,92.7,871.0,322.8
LAKSHADWEEP,1973,0.3,5.8,0.0,40.7,96.3,260.5,299.9,437.9,57.3,150.9,108.1,99.7,1557.4,6.1,137.0,1055.6,358.7
LAKSHADWEEP,1974,0.0,16.8,0.8,35.4,171.9,277.6,491.6,165.7,258.3,65.9,20.1,7.2,1511.3,16.8,208.1,1193.2,93.2
LAKSHADWEEP,1975,8.6,0.7,18.4,92.9,282.2,250.0,278.0,348.4,299.5,111.6,155.2,45.0,1890.5,9.3,393.5,1175.9,311.8
LAKSHADWEEP,1976,10.3,0.0,1.1,72.9,85.3,260.7,329.2,344.1,36.6,189.2,161.6,11.1,1502.1,10.3,159.3,970.6,361.9
LAKSHADWEEP,1977,1.4,38.2,16.5,27.6,256.8,460.7,337.4,125.3,90.7,248.4,243.8,1.4,1848.2,39.6,300.9,1014.1,493.6
LAKSHADWEEP,1978,0.2,6.5,0.6,44.1,309.5,568.3,224.7,303.5,105.1,92.1,294.2,18.6,1967.4,6.7,354.2,1201.6,404.9
LAKSHADWEEP,1979,14.9,1.3,10.0,15.4,23.1,367.1,451.3,127.3,221.1,173.6,378.1,42.2,1825.4,16.2,48.5,1166.8,593.9
LAKSHADWEEP,1980,7.5,10.5,13.1,19.7,123.5,233.6,185.0,217.6,67.0,122.1,98.5,113.6,1211.7,18.0,156.3,703.2,334.2
LAKSHADWEEP,1981,1.8,20.4,0.6,22.3,208.6,421.5,168.9,213.3,281.4,167.4,76.6,34.6,1617.4,22.2,231.5,1085.1,278.6
LAKSHADWEEP,1982,1.6,0.4,0.6,0.4,106.8,321.6,254.5,326.1,121.3,70.7,178.6,9.4,1392.0,2.0,107.8,1023.5,258.7
LAKSHADWEEP,1983,1.4,0.0,0.0,0.2,113.5,215.0,277.0,375.0,219.8,77.6,71.2,52.5,1403.2,1.4,113.7,1086.8,201.3
LAKSHADWEEP,1984,71.1,114.9,96.7,65.1,46.7,318.9,271.5,124.9,83.1,218.3,155.4,25.0,1591.6,186.0,208.5,798.4,398.7
LAKSHADWEEP,1985,6.4,0.0,27.4,11.1,182.9,326.1,152.1,203.0,206.4,42.0,62.3,83.7,1303.4,6.4,221.4,887.6,188.0
LAKSHADWEEP,1986,12.4,3.0,25.3,6.5,102.1,399.2,193.3,218.3,179.9,128.6,147.8,49.5,1465.9,15.4,133.9,990.7,325.9
LAKSHADWEEP,1987,1.9,1.5,0.0,16.5,72.9,389.3,29.4,284.7,183.4,133.0,47.7,128.3,1288.6,3.4,89.4,886.8,309.0
LAKSHADWEEP,1988,0.8,7.0,0.9,54.0,142.8,352.5,293.6,240.9,240.9,28.9,82.7,5.8,1450.8,7.8,197.7,1127.9,117.4
LAKSHADWEEP,1989,20.6,0.0,4.4,93.0,106.7,473.5,387.5,167.3,216.3,172.4,69.2,3.5,1714.4,20.6,204.1,1244.6,245.1
LAKSHADWEEP,1990,38.9,0.3,21.4,0.0,191.1,181.6,334.0,123.5,98.9,160.4,155.4,5.0,1310.5,39.2,212.5,738.0,320.8
LAKSHADWEEP,1991,12.3,0.0,18.7,12.3,68.0,604.3,241.1,253.8,45.7,222.7,75.5,28.6,1583.0,12.3,99.0,1144.9,326.8
LAKSHADWEEP,1992,4.0,0.1,0.0,3.3,128.1,346.6,363.0,373.3,95.1,120.4,69.3,31.7,1534.9,4.1,131.4,1178.0,221.4
LAKSHADWEEP,1993,1.2,0.5,0.2,0.2,56.5,276.1,346.7,154.4,161.0,131.6,280.5,40.8,1449.7,1.7,56.9,938.2,452.9
LAKSHADWEEP,1994,12.4,66.6,34.8,88.8,78.9,361.1,240.2,219.7,76.2,213.5,153.7,1.2,1547.1,79.0,202.5,897.2,368.4
LAKSHADWEEP,1995,131.3,18.5,0.3,315.4,179.6,286.0,486.7,384.8,71.8,81.0,72.2,3.3,2030.9,149.8,495.3,1229.3,156.5
LAKSHADWEEP,1996,44.7,1.1,1.6,17.4,50.0,427.1,335.3,197.3,230.4,109.0,60.5,131.6,1606.0,45.8,69.0,1190.1,301.1
LAKSHADWEEP,1997,2.2,0.1,4.9,33.8,62.3,307.0,459.6,216.8,144.0,213.5,200.8,119.7,1764.7,2.3,101.0,1127.4,534.0
LAKSHADWEEP,1998,52.0,0.0,1.8,40.3,68.2,382.0,388.8,196.7,274.7,184.8,144.1,253.5,1986.9,52.0,110.3,1242.2,582.4
LAKSHADWEEP,1999,47.8,2.5,18.3,20.6,416.7,279.6,459.4,133.8,73.4,305.0,51.2,49.0,1857.3,50.3,455.6,946.2,405.2
LAKSHADWEEP,2000,83.3,18.9,3.4,47.9,204.6,225.4,95.5,319.9,164.5,141.4,56.3,11.0,1372.1,102.2,255.9,805.3,208.7
LAKSHADWEEP,2001,4.4,20.4,0.0,104.6,187.3,283.9,198.9,144.3,213.5,105.2,101.5,16.6,1380.6,24.8,291.9,840.6,223.3
LAKSHADWEEP,2002,10.8,16.8,7.2,23.4,189.8,261.8,81.3,143.9,50.0,178.2,52.9,17.4,1033.5,27.6,220.4,537.0,248.5
LAKSHADWEEP,2003,11.8,18.2,28.5,18.1,109.6,364.5,400.6,92.1,84.3,191.6,206.1,7.5,1532.9,30.0,156.2,941.5,405.2
LAKSHADWEEP,2004,7.2,1.5,1.9,7.7,330.2,251.2,280.8,169.5,200.0,193.4,107.6,2.2,1553.2,8.7,339.8,901.5,303.2
LAKSHADWEEP,2005,17.6,11.1,0.0,37.0,92.8,248.5,378.9,102.4,278.0,164.2,218.3,26.6,1575.4,28.7,129.8,1007.8,409.1
LAKSHADWEEP,2006,20.1,0.0,33.0,0.3,327.9,286.9,172.3,150.7,318.5,119.1,158.9,10.9,1598.6,20.1,361.2,928.4,288.9
LAKSHADWEEP,2007,2.5,4.2,0.2,22.2,166.2,573.4,427.4,294.7,457.5,256.1,47.6,109.6,2361.6,6.7,188.6,1753.0,413.3
LAKSHADWEEP,2008,5.5,19.8,120.7,15.8,180.4,254.6,363.9,206.6,108.9,252.9,67.6,130.1,1726.8,25.3,316.9,934.0,450.6
LAKSHADWEEP,2009,4.7,1.5,0.1,18.1,162.1,401.2,266.4,185.0,145.1,87.4,166.2,132.3,1570.1,6.2,180.3,997.7,385.9
LAKSHADWEEP,2010,18.8,0.0,1.2,35.6,79.0,318.9,336.7,335.1,161.5,155.4,201.5,81.5,1725.2,18.8,115.8,1152.2,438.4
LAKSHADWEEP,2011,5.1,2.8,3.1,85.9,107.2,153.6,350.2,254.0,255.2,117.4,184.3,14.9,1533.7,7.9,196.2,1013.0,316.6
LAKSHADWEEP,2012,19.2,0.1,1.6,76.8,21.2,327.0,231.5,381.2,179.8,145.9,12.4,8.8,1405.5,19.3,99.6,1119.5,167.1
LAKSHADWEEP,2013,26.2,34.4,37.5,5.3,88.3,426.2,296.4,154.4,180.0,72.8,78.1,26.7,1426.3,60.6,131.1,1057.0,177.6
LAKSHADWEEP,2014,53.2,16.1,4.4,14.9,57.4,244.1,116.1,466.1,132.2,169.2,59.0,62.3,1395.0,69.3,76.7,958.5,290.5
LAKSHADWEEP,2015,2.2,0.5,3.7,87.1,133.1,296.6,257.5,146.4,160.4,165.4,231.0,159.0,1642.9,2.7,223.9,860.9,555.4
MADHYA PRADESH,1901,37.15,21.95,10.75,6.75,4.15,51.1,298.2,469.55,118.9,5.75,0.0,1.2,1025.45,59.1,21.65,937.75,6.95
MADHYA PRADESH,1902,18.5,8.65,0.0,2.8,4.3,31.95,406.9,203.2,215.35,27.45,18.8,10.15,947.95,27.15,7.1,857.4,56.4
MADHYA PRADESH,1903,5.45,1.45,0.15,0.45,29.9,59.05,283.15,313.9,253.8,116.5,0.0,0.0,1063.85,6.9,30.5,909.9,116.5
MADHYA PRADESH,1904,2.6,15.4,31.5,0.0,10.3,103.25,358.1,267.6,130.75,24.05,2.5,13.25,959.3,18.0,41.8,859.7,39.8
MADHYA PRADESH,1905,9.7,6.2,7.7,6.55,6.6,35.25,309.35,190.45,217.2,1.6,0.0,0.8,791.25,15.9,20.85,752.25,2.4
MADHYA PRADESH,1906,6.05,19.65,18.8,0.0,2.0,203.05,394.35,194.35,341.6,4.3,0.95,4.85,1189.95,25.7,20.8,1133.35,10.1
MADHYA PRADESH,1907,6.1,64.1,2.55,21.4,3.95,69.8,212.05,420.4,18.7,0.0,10.4,0.6,830.0,70.2,27.9,720.95,11.0
MADHYA PRADESH,1908,15.15,8.8,9.75,1.45,2.65,111.1,448.85,435.25,88.0,6.75,0.4,3.4,1131.6,23.95,13.85,1083.2,10.55
MADHYA PRADESH,1909,11.65,9.2,2.85,48.6,8.0,179.25,316.6,249.2,115.2,0.55,0.0,35.05,976.1,20.85,59.45,860.25,35.6
MADHYA PRADESH,1910,5.75,0.05,0.25,1.45,5.15,196.15,204.55,325.7,251.05,49.65,51.05,0.0,1090.85,5.8,6.85,977.45,100.7
MADHYA PRADESH,1911,19.45,0.65,9.7,0.4,2.35,158.45,143.5,258.4,259.35,37.35,47.1,0.0,936.8,20.1,12.45,819.7,84.45
MADHYA PRADESH,1912,5.25,27.2,0.15,2.6,2.65,41.8,391.35,318.95,130.3,1.5,54.9,2.2,978.95,32.45,5.4,882.4,58.6
MADHYA PRADESH,1913,0.65,33.0,12.85,0.0,26.2,185.15,276.25,250.85,60.8,1.55,0.5,15.55,863.45,33.65,39.05,773.05,17.6
MADHYA PRADESH,1914,0.05,5.95,31.75,11.95,17.35,117.65,448.55,247.5,146.55,7.35,6.3,2.25,1043.2,6.0,61.05,960.25,15.9
MADHYA PRADESH,1915,12.85,30.6,43.45,6.85,8.5,151.2,278.7,315.7,124.9,95.85,5.25,3.7,1077.5,43.45,58.8,870.5,104.8
MADHYA PRADESH,1916,0.0,17.6,0.05,1.2,12.0,253.0,246.5,463.55,203.3,127.1,25.35,0.0,1349.7,17.6,13.25,1166.35,152.45
MADHYA PRADESH,1917,7.05,31.2,14.95,4.15,62.95,204.05,356.5,402.15,310.65,78.7,0.0,1.95,1474.3,38.25,82.05,1273.35,80.65
MADHYA PRADESH,1918,0.75,4.0,2.15,0.65,19.65,166.8,158.05,267.4,76.75,0.35,16.45,7.0,719.95,4.75,22.45,669.0,23.8
MADHYA PRADESH,1919,82.25,15.7,5.6,6.7,17.05,161.4,405.0,629.05,87.75,60.65,16.4,2.55,1489.95,97.95,29.35,1283.2,79.6
MADHYA PRADESH,1920,33.15,1.35,9.55,3.25,18.05,106.95,364.85,192.1,77.9,0.05,0.0,0.0,807.15,34.5,30.85,741.8,0.05
MADHYA PRADESH,1921,26.5,1.85,0.0,0.25,0.0,176.7,221.2,297.4,245.25,1.1,0.0,0.0,970.4,28.35,0.25,940.55,1.1
MADHYA PRADESH,1922,35.3,4.8,0.25,1.25,3.8,131.7,385.45,234.35,237.25,4.15,33.85,5.85,1078.1,40.1,5.3,988.75,43.85
MADHYA PRADESH,1923,3.0,6.25,14.2,2.35,2.9,19.65,514.15,486.25,183.5,16.1,0.7,8.4,1257.45,9.25,19.45,1203.55,25.2
MADHYA PRADESH,1924,20.65,6.2,3.85,0.85,1.7,38.9,446.9,356.65,226.5,49.05,7.0,15.0,1173.3,26.85,6.4,1068.95,71.05
MADHYA PRADESH,1925,0.05,0.0,0.0,0.1,32.35,178.8,417.55,217.1,120.9,6.45,49.65,0.95,1024.0,0.05,32.45,934.35,57.05
MADHYA PRADESH,1926,18.55,1.95,29.0,21.75,19.75,24.1,297.75,490.2,341.1,74.35,0.7,1.2,1320.3,20.5,70.5,1153.15,76.25
MADHYA PRADESH,1927,4.2,10.2,25.45,1.15,2.05,89.2,382.3,300.25,83.85,51.95,89.45,14.3,1054.4,14.4,28.65,855.6,155.7
MADHYA PRADESH,1928,8.05,42.35,5.95,0.5,2.5,114.15,435.0,201.3,56.3,81.75,0.8,52.7,1001.25,50.4,8.95,806.75,135.25
MADHYA PRADESH,1929,18.15,13.1,0.15,8.0,1.2,101.4,406.45,307.35,95.9,9.65,0.0,26.7,988.05,31.25,9.35,911.1,36.35
MADHYA PRADESH,1930,2.55,1.9,1.5,16.75,6.0,115.2,495.35,225.95,138.15,35.4,2.9,4.4,1046.05,4.45,24.25,974.65,42.7
MADHYA PRADESH,1931,7.95,15.45,4.7,1.7,2.35,58.9,288.05,441.1,258.45,141.85,13.3,3.15,1236.9,23.4,8.75,1046.5,158.3
MADHYA PRADESH,1932,0.0,12.7,13.3,2.5,4.05,81.05,500.75,163.15,266.3,23.65,2.25,0.0,1069.6,12.7,19.85,1011.25,25.9
MADHYA PRADESH,1933,4.3,24.5,10.45,20.6,55.45,170.15,318.75,336.45,291.25,42.05,10.15,5.9,1290.0,28.8,86.5,1116.6,58.1
MADHYA PRADESH,1934,11.45,0.05,8.25,1.5,0.15,176.6,279.15,431.4,367.8,11.4,22.85,8.45,1319.1,11.5,9.9,1254.95,42.7
MADHYA PRADESH,1935,13.4,10.05,0.1,13.45,0.6,91.3,492.8,225.05,207.1,10.1,0.4,11.2,1075.5,23.45,14.15,1016.25,21.7
MADHYA PRADESH,1936,6.4,18.8,19.75,6.45,13.45,212.75,287.35,313.4,207.7,24.8,87.95,3.85,1202.7,25.2,39.65,1021.2,116.6
MADHYA PRADESH,1937,0.55,35.9,8.65,25.8,3.0,182.25,453.75,254.3,190.65,65.0,2.3,3.65,1225.7,36.45,37.45,1080.95,70.95
MADHYA PRADESH,1938,30.5,5.75,3.95,1.7,23.4,303.5,374.45,264.05,98.4,81.65,0.0,0.0,1187.5,36.25,29.05,1040.4,81.65
MADHYA PRADESH,1939,21.3,10.1,14.1,3.3,0.15,125.35,390.4,353.15,150.2,5.9,0.7,0.3,1074.85,31.4,17.55,1019.1,6.9
MADHYA PRADESH,1940,6.9,10.2,11.05,4.2,10.7,137.3,420.55,389.35,72.9,37.9,13.2,14.6,1128.75,17.1,25.95,1020.1,65.7
MADHYA PRADESH,1941,24.6,27.8,10.35,1.9,5.1,88.75,192.9,325.15,102.1,5.05,0.0,0.05,783.75,52.4,17.35,708.9,5.1
MADHYA PRADESH,1942,34.5,54.05,5.45,3.25,1.05,144.55,581.8,333.9,180.0,0.65,0.0,15.8,1355.05,88.55,9.75,1240.25,16.45
MADHYA PRADESH,1943,70.35,0.9,0.0,7.1,26.85,120.75,390.8,282.8,212.75,59.65,0.7,0.0,1172.65,71.25,33.95,1007.1,60.35
MADHYA PRADESH,1944,22.7,41.6,60.7,6.65,1.3,95.5,517.15,449.5,134.6,49.85,3.7,4.15,1387.35,64.3,68.65,1196.75,57.7
MADHYA PRADESH,1945,32.35,0.35,0.0,16.8,4.6,207.6,393.7,261.5,233.65,15.1,0.0,1.1,1166.85,32.7,21.4,1096.45,16.2
MADHYA PRADESH,1946,0.0,17.05,0.5,8.25,5.65,301.4,358.85,434.15,98.0,19.25,113.4,16.1,1372.5,17.05,14.4,1192.4,148.75
MADHYA PRADESH,1947,34.4,15.2,10.95,2.75,2.15,69.75,403.7,394.6,275.85,21.65,1.9,9.25,1242.1,49.6,15.85,1143.9,32.8
MADHYA PRADESH,1948,51.35,8.85,2.15,2.05,0.95,167.1,369.15,370.45,264.3,20.2,82.45,0.1,1339.0,60.2,5.15,1171.0,102.75
MADHYA PRADESH,1949,1.0,9.4,1.6,0.9,22.0,102.35,338.95,219.95,315.45,87.75,1.2,0.2,1100.85,10.4,24.5,976.7,89.15
MADHYA PRADESH,1950,8.75,14.85,25.45,1.0,4.15,55.05,436.2,295.5,172.35,8.0,0.1,19.75,1041.2,23.6,30.6,959.1,27.85
MADHYA PRADESH,1951,12.3,10.7,25.25,8.5,6.7,113.25,258.75,293.95,153.55,27.4,2.2,0.0,912.65,23.0,40.45,819.5,29.6
MADHYA PRADESH,1952,0.9,18.0,5.25,2.3,1.7,180.0,377.25,319.85,76.45,4.85,0.0,5.8,992.2,18.9,9.25,953.55,10.65
MADHYA PRADESH,1953,17.75,2.4,0.0,4.55,1.55,57.65,340.65,326.1,133.95,15.4,0.0,0.35,900.4,20.15,6.1,858.35,15.75
MADHYA PRADESH,1954,14.45,12.05,5.9,1.6,0.55,75.55,324.2,236.35,406.05,11.35,0.15,0.3,1088.7,26.5,8.05,1042.15,11.8
MADHYA PRADESH,1955,48.85,2.6,1.1,2.25,2.45,212.6,178.95,434.1,272.6,129.55,0.0,0.0,1285.1,51.45,5.8,1098.25,129.55
MADHYA PRADESH,1956,12.5,3.15,5.05,1.05,37.5,150.0,468.35,325.35,156.35,84.55,33.25,13.75,1290.8,15.65,43.6,1100.05,131.55
MADHYA PRADESH,1957,16.65,0.5,47.1,11.75,5.1,75.3,286.45,349.7,113.15,9.55,0.6,1.05,916.85,17.15,63.95,824.6,11.2
MADHYA PRADESH,1958,5.65,9.15,7.8,4.6,1.1,74.1,409.7,278.8,253.85,83.65,6.8,0.4,1135.65,14.8,13.5,1016.45,90.85
MADHYA PRADESH,1959,36.05,1.95,0.8,6.05,26.1,80.1,416.65,361.55,242.75,66.2,3.65,0.0,1241.9,38.0,32.95,1101.05,69.85
MADHYA PRADESH,1960,36.0,0.05,18.5,3.8,3.95,122.8,289.75,444.1,68.15,79.0,0.0,1.15,1067.15,36.05,26.25,924.8,80.15
MADHYA PRADESH,1961,25.5,6.5,2.15,3.25,7.65,103.45,405.35,390.85,458.9,97.1,7.9,7.5,1516.25,32.0,13.05,1358.55,112.5
MADHYA PRADESH,1962,9.75,14.0,14.65,8.95,6.8,35.95,317.95,266.35,271.4,0.75,4.95,35.65,987.15,23.75,30.4,891.65,41.35
MADHYA PRADESH,1963,6.65,9.5,4.1,9.6,7.3,109.45,254.7,363.75,199.5,27.35,19.15,1.7,1012.75,16.15,21.0,927.4,48.2
MADHYA PRADESH,1964,0.1,4.05,2.2,0.65,5.1,121.6,319.45,372.6,194.65,12.05,0.45,0.7,1033.7,4.15,7.95,1008.3,13.2
MADHYA PRADESH,1965,4.7,0.8,8.45,7.25,0.6,49.8,238.35,163.75,154.1,8.55,0.55,9.35,646.25,5.5,16.3,606.0,18.45
MADHYA PRADESH,1966,8.6,2.35,2.05,0.4,5.2,139.95,260.55,231.3,77.5,1.4,28.9,6.45,764.55,10.95,7.65,709.3,36.75
MADHYA PRADESH,1967,0.1,0.0,42.6,1.8,1.5,122.2,310.0,367.5,242.1,4.05,0.6,84.25,1176.7,0.1,45.9,1041.8,88.9
MADHYA PRADESH,1968,22.45,7.05,9.25,2.35,0.7,68.15,379.95,286.6,122.8,17.25,0.0,0.95,917.4,29.5,12.3,857.5,18.2
MADHYA PRADESH,1969,7.0,1.5,0.55,0.45,5.25,44.8,473.4,394.35,212.4,0.0,39.5,0.15,1179.55,8.5,6.25,1124.95,39.65
MADHYA PRADESH,1970,40.25,20.75,22.3,0.95,12.35,226.3,227.5,413.9,258.2,5.2,0.0,0.0,1227.7,61.0,35.6,1125.9,5.2
MADHYA PRADESH,1971,20.0,5.15,6.3,8.2,23.85,270.25,477.4,253.3,184.4,78.25,0.1,0.0,1327.2,25.15,38.35,1185.35,78.35
MADHYA PRADESH,1972,0.25,7.05,0.1,1.2,1.05,73.05,184.6,488.5,107.6,14.65,22.5,3.65,904.3,7.3,2.35,853.75,40.8
MADHYA PRADESH,1973,0.55,17.25,0.05,0.65,1.85,64.4,496.75,454.5,230.9,53.95,0.1,8.7,1329.6,17.8,2.55,1246.55,62.75
MADHYA PRADESH,1974,0.2,3.7,0.8,0.4,9.4,69.8,296.35,396.45,60.15,82.65,2.95,1.05,923.85,3.9,10.6,822.75,86.65
MADHYA PRADESH,1975,6.5,7.35,6.85,0.15,2.4,163.3,318.6,463.1,208.55,72.5,0.05,0.15,1249.55,13.85,9.4,1153.55,72.7
MADHYA PRADESH,1976,10.4,1.55,4.5,9.2,9.55,121.8,315.95,358.55,178.4,0.75,29.55,1.45,1041.65,11.95,23.25,974.7,31.75
MADHYA PRADESH,1977,6.4,4.95,4.75,5.2,9.0,216.55,302.75,368.3,178.35,37.1,50.9,3.25,1187.45,11.35,18.95,1065.95,91.25
MADHYA PRADESH,1978,12.9,44.65,18.0,4.5,0.1,173.55,328.45,419.0,138.75,7.7,18.1,32.15,1197.95,57.55,22.6,1059.75,57.95
MADHYA PRADESH,1979,34.4,40.3,5.5,0.3,10.25,104.5,219.75,243.35,49.7,6.05,79.5,2.15,795.85,74.7,16.05,617.3,87.7
MADHYA PRADESH,1980,4.95,2.35,2.25,0.4,1.1,252.25,279.4,431.2,112.6,2.9,1.05,31.1,1121.55,7.3,3.75,1075.45,35.05
MADHYA PRADESH,1981,8.95,0.75,17.2,1.1,12.75,135.05,303.8,283.7,158.15,12.3,12.3,17.1,963.1,9.7,31.05,880.7,41.7
MADHYA PRADESH,1982,65.4,9.05,6.45,2.2,14.85,79.3,259.45,486.05,124.95,24.9,41.1,1.95,1115.7,74.45,23.5,949.75,67.95
MADHYA PRADESH,1983,7.65,6.5,0.15,10.8,12.1,93.2,294.55,342.1,343.95,60.05,0.0,2.6,1173.7,14.15,23.05,1073.8,62.65
MADHYA PRADESH,1984,34.45,21.85,0.0,1.75,1.0,77.45,183.65,563.15,87.15,13.65,0.0,1.0,985.05,56.3,2.75,911.4,14.65
MADHYA PRADESH,1985,22.4,3.1,0.25,5.0,3.7,75.15,304.9,317.3,135.7,127.5,0.0,0.0,995.05,25.5,8.95,833.05,127.5
MADHYA PRADESH,1986,10.6,69.75,11.15,0.8,8.45,158.3,393.9,240.25,57.95,10.25,0.6,21.15,983.15,80.35,20.4,850.4,32.0
MADHYA PRADESH,1987,31.7,29.05,4.3,0.05,7.65,59.75,196.4,334.95,196.0,68.25,12.5,9.45,950.0,60.75,12.0,787.1,90.2
MADHYA PRADESH,1988,5.3,9.1,3.4,5.35,4.4,167.55,338.65,308.5,127.0,39.7,0.2,1.15,1010.3,14.4,13.15,941.7,41.05
MADHYA PRADESH,1989,1.35,0.1,13.95,0.1,3.15,160.05,174.1,364.2,106.75,1.0,0.75,14.2,839.7,1.45,17.2,805.1,15.95
MADHYA PRADESH,1990,0.75,20.2,1.75,1.55,30.7,238.2,299.85,334.95,294.8,30.25,1.4,7.55,1262.0,20.95,34.0,1167.8,39.2
MADHYA PRADESH,1991,1.8,5.7,8.7,3.35,1.95,97.5,332.0,375.15,46.2,2.55,3.35,2.85,881.2,7.5,14.0,850.85,8.75
MADHYA PRADESH,1992,0.05,0.1,0.3,0.25,6.45,44.7,253.6,390.05,170.75,35.3,1.15,0.0,902.65,0.15,7.0,859.1,36.45
MADHYA PRADESH,1993,0.0,8.6,11.5,0.8,4.2,109.55,295.3,262.5,358.2,21.9,0.7,2.05,1075.4,8.6,16.5,1025.55,24.65
MADHYA PRADESH,1994,12.1,8.05,0.1,7.7,1.15,242.9,451.55,448.95,168.85,13.7,1.65,0.0,1356.6,20.15,8.95,1312.25,15.35
MADHYA PRADESH,1995,19.4,4.85,31.3,2.3,1.7,74.1,341.05,303.7,146.15,12.4,1.05,10.45,948.5,24.25,35.3,865.0,23.9
MADHYA PRADESH,1996,24.7,10.3,2.85,1.15,1.15,57.9,375.45,367.9,141.85,52.3,0.55,0.0,1036.0,35.0,5.15,943.1,52.85
MADHYA PRADESH,1997,3.5,0.0,0.65,5.7,2.5,92.4,397.5,346.85,147.6,48.85,63.9,98.25,1207.7,3.5,8.85,984.35,211.0
MADHYA PRADESH,1998,16.1,3.15,16.5,3.55,1.75,88.65,288.1,265.85,236.85,29.75,19.9,0.0,970.15,19.25,21.8,879.45,49.65
MADHYA PRADESH,1999,1.2,26.1,0.0,0.0,4.65,124.75,310.15,271.95,426.75,82.6,0.15,0.0,1248.3,27.3,4.65,1133.6,82.75
MADHYA PRADESH,2000,0.1,0.0,0.1,0.1,18.75,130.45,349.1,172.2,71.5,1.5,0.0,0.1,874.2,0.1,18.95,723.25,1.6
MADHYA PRADESH,2001,2.2,0.4,1.75,14.5,14.4,229.55,368.8,221.4,38.95,86.1,0.5,0.0,978.55,2.6,30.65,858.7,86.6
MADHYA PRADESH,2002,1.1,24.65,1.35,0.95,4.55,116.2,65.8,404.75,166.55,24.5,5.75,1.0,817.15,25.75,6.85,753.3,31.25
MADHYA PRADESH,2003,0.9,40.35,1.15,1.0,0.35,124.3,337.15,299.1,374.1,10.7,0.35,2.7,1192.25,41.25,2.5,1134.65,13.75
MADHYA PRADESH,2004,18.3,0.2,0.0,1.05,4.35,145.9,210.55,395.5,87.8,34.45,3.15,0.4,901.7,18.5,5.4,839.75,38.0
MADHYA PRADESH,2005,24.45,6.85,19.85,4.75,21.8,122.55,471.45,193.55,176.75,14.45,0.0,2.9,1059.3,31.3,46.4,964.3,17.35
MADHYA PRADESH,2006,0.0,0.0,47.3,8.75,20.4,65.4,336.4,415.1,136.1,13.35,10.45,3.0,1056.3,0.0,76.45,953.0,26.8
MADHYA PRADESH,2007,4.35,18.9,5.6,1.75,10.4,87.35,256.7,191.6,134.2,1.55,16.65,1.05,730.15,23.25,17.75,669.85,19.25
MADHYA PRADESH,2008,0.9,2.05,5.7,2.5,4.55,250.9,245.0,238.0,127.9,14.2,5.25,0.2,897.15,2.95,12.75,861.8,19.65
MADHYA PRADESH,2009,10.15,0.5,0.95,2.0,5.1,46.05,318.95,182.0,174.15,79.4,72.15,19.05,910.45,10.65,8.05,721.15,170.6
MADHYA PRADESH,2010,2.55,7.9,0.45,0.4,1.05,60.3,310.9,281.7,174.75,18.6,7.75,2.05,868.35,10.45,1.9,827.65,28.4
MADHYA PRADESH,2011,0.3,1.8,0.2,4.45,4.15,287.0,315.15,335.1,220.75,0.65,0.0,0.0,1169.55,2.1,8.8,1158.0,0.65
MADHYA PRADESH,2012,22.8,0.35,0.3,1.0,2.15,58.0,419.05,346.45,183.45,7.4,1.9,1.35,1044.15,23.15,3.45,1006.95,10.65
MADHYA PRADESH,2013,1.85,37.25,11.3,6.15,0.35,287.8,470.65,456.7,88.45,96.45,0.4,1.7,1459.1,39.1,17.8,1303.6,98.55
MADHYA PRADESH,2014,28.85,42.05,11.2,3.25,1.95,61.2,310.4,221.4,166.1,31.7,2.45,14.35,894.9,70.9,16.4,759.1,48.5
MADHYA PRADESH,2015,38.75,8.7,63.45,19.55,4.15,146.65,345.2,274.35,63.6,24.6,0.75,0.95,990.75,47.45,87.15,829.8,26.3
MAHARASHTRA,1901,19.25,10.975,17.775,36.725,21.025,294.15,442.7,390.175,99.625,56.025,2.45,0.15,1390.975,30.225,75.525,1226.65,58.625
MAHARASHTRA,1902,2.75,0.025,0.125,4.775,5.575,155.3,386.525,229.875,301.875,56.4,45.925,48.625,1237.725,2.775,10.475,1073.575,150.95
MAHARASHTRA,1903,3.85,1.2,0.05,1.85,93.6,195.6,580.025,359.2,188.875,113.925,5.575,2.3,1546.05,5.05,95.5,1323.7,121.8
MAHARASHTRA,1904,1.175,2.025,8.325,2.45,11.325,329.625,293.725,147.475,233.975,79.825,0.0,0.325,1110.225,3.2,22.1,1004.8,80.15
MAHARASHTRA,1905,2.175,4.0,3.1,6.375,12.75,131.075,343.175,184.6,185.0,39.45,5.375,0.0,917.075,6.175,22.225,843.85,44.825
MAHARASHTRA,1906,12.05,1.25,3.0,0.075,4.625,320.225,473.875,298.6,126.675,19.35,10.975,10.575,1281.275,13.3,7.7,1219.375,40.9
MAHARASHTRA,1907,1.7,16.05,1.575,45.3,0.55,243.225,485.45,391.775,88.125,6.05,5.3,2.45,1287.6,17.75,47.425,1208.575,13.8
MAHARASHTRA,1908,1.325,4.35,7.8,4.3,2.475,214.45,533.6,348.725,214.2,12.275,1.4,0.975,1345.85,5.675,14.575,1310.975,14.65
MAHARASHTRA,1909,2.025,2.925,3.5,9.35,21.6,328.35,537.025,208.225,228.6,19.325,2.725,28.925,1392.5,4.95,34.45,1302.2,50.975
MAHARASHTRA,1910,0.0,0.0,0.55,0.025,7.2,382.05,260.975,364.75,334.625,77.2,44.5,0.0,1471.9,0.0,7.775,1342.4,121.7
MAHARASHTRA,1911,6.7,0.025,1.9,0.05,8.675,246.0,290.275,342.7,112.525,21.375,36.5,1.85,1068.55,6.725,10.625,991.5,59.725
MAHARASHTRA,1912,0.15,15.85,0.05,6.425,16.625,219.1,523.075,307.375,80.375,46.9,49.0,0.2,1265.15,16.0,23.1,1129.925,96.1
MAHARASHTRA,1913,0.0,7.125,1.0,6.65,27.125,382.65,477.325,183.2,119.525,47.4,0.625,12.2,1264.75,7.125,34.775,1162.7,60.225
MAHARASHTRA,1914,0.0,6.25,4.575,11.125,12.25,357.925,559.375,349.8,321.6,18.5,18.6,12.9,1672.925,6.25,27.95,1588.7,50.0
MAHARASHTRA,1915,17.475,5.75,35.4,17.475,11.1,359.575,354.4,190.2,283.75,106.225,12.8,14.6,1408.775,23.225,63.975,1187.925,133.625
MAHARASHTRA,1916,0.0,4.9,1.05,2.8,40.1,346.075,435.8,370.725,348.95,145.15,58.225,0.025,1753.8,4.9,43.95,1501.55,203.4
MAHARASHTRA,1917,0.675,45.1,9.35,6.625,24.775,348.4,322.6,387.275,362.525,199.9,26.3,0.0,1733.575,45.775,40.75,1420.8,226.2
MAHARASHTRA,1918,2.1,0.875,2.3,0.475,160.1,189.4,181.75,235.9,81.025,6.8,27.15,10.35,898.2,2.975,162.875,688.075,44.3
MAHARASHTRA,1919,18.3,9.6,4.35,3.525,19.725,323.1,429.825,283.1,210.025,73.9,22.425,3.65,1401.55,27.9,27.6,1246.05,99.975
MAHARASHTRA,1920,27.3,0.425,1.4,7.75,5.0,176.95,324.55,163.175,137.875,20.675,0.8,0.0,866.025,27.725,14.15,802.55,21.475
MAHARASHTRA,1921,6.075,0.025,0.1,4.7,0.275,299.7,465.475,274.75,218.7,39.55,11.05,0.0,1320.375,6.1,5.075,1258.625,50.6
MAHARASHTRA,1922,26.625,1.7,0.0,7.4,16.3,340.6,497.5,143.65,214.975,33.775,108.525,1.075,1392.15,28.325,23.7,1196.725,143.375
MAHARASHTRA,1923,1.725,2.35,30.975,5.825,5.3,83.0,659.3,220.075,273.35,6.475,0.05,0.95,1289.425,4.075,42.1,1235.725,7.475
MAHARASHTRA,1924,6.65,0.125,3.75,8.525,2.1,173.95,386.175,315.9,231.925,63.85,12.7,6.7,1212.35,6.775,14.375,1107.95,83.25
MAHARASHTRA,1925,0.025,0.0,4.45,3.025,54.5,309.8,296.425,274.375,91.475,42.1,48.975,3.1,1128.225,0.025,61.975,972.075,94.175
MAHARASHTRA,1926,49.0,1.575,5.95,4.2,16.175,127.2,472.775,520.425,209.525,21.5,5.475,1.15,1434.9,50.575,26.325,1329.925,28.125
MAHARASHTRA,1927,0.175,3.6,5.875,3.525,4.25,355.925,476.8,197.275,174.475,79.7,91.975,2.425,1396.05,3.775,13.65,1204.475,174.1
MAHARASHTRA,1928,0.075,20.75,4.825,3.325,0.9,284.65,453.75,354.925,235.425,91.925,2.725,8.5,1461.85,20.825,9.05,1328.75,103.15
MAHARASHTRA,1929,1.45,22.65,1.7,21.35,3.75,316.6,326.0,198.825,193.65,78.7,3.65,12.075,1180.425,24.1,26.8,1035.075,94.425
MAHARASHTRA,1930,0.0,1.625,0.925,10.975,12.7,379.125,306.675,200.975,325.95,83.25,25.425,1.95,1349.55,1.625,24.6,1212.725,110.625
MAHARASHTRA,1931,1.0,1.15,4.025,6.425,3.875,173.1,714.8,427.975,240.25,260.0,58.0,15.5,1906.125,2.15,14.325,1556.125,333.5
MAHARASHTRA,1932,0.125,7.6,7.3,9.075,25.9,192.075,600.75,261.225,241.1,121.925,23.975,4.625,1495.65,7.725,42.275,1295.15,150.525
MAHARASHTRA,1933,3.825,11.625,6.05,14.45,84.25,362.5,418.025,390.95,353.6,94.7,17.275,22.975,1780.25,15.45,104.75,1525.075,134.95
MAHARASHTRA,1934,3.15,0.0,0.625,7.6,2.575,365.825,423.425,435.175,220.2,32.275,65.4,0.15,1556.375,3.15,10.8,1444.625,97.825
MAHARASHTRA,1935,6.1,1.3,0.175,10.925,0.7,298.2,453.5,255.85,255.075,70.3,6.225,2.05,1360.45,7.4,11.8,1262.625,78.575
MAHARASHTRA,1936,4.725,23.275,8.45,4.9,27.025,419.35,301.075,267.2,217.9,37.575,110.075,2.825,1424.5,28.0,40.375,1205.525,150.475
MAHARASHTRA,1937,0.0,13.075,13.95,64.425,2.425,296.25,641.45,136.675,244.2,116.85,1.5,10.15,1540.925,13.075,80.8,1318.575,128.5
MAHARASHTRA,1938,1.15,5.65,13.725,9.1,39.775,491.325,470.125,316.2,243.7,188.725,8.7,0.675,1788.85,6.8,62.6,1521.35,198.1
MAHARASHTRA,1939,0.475,0.525,10.6,8.35,0.375,212.875,452.125,402.75,114.175,39.65,18.125,0.55,1260.65,1.0,19.325,1181.925,58.325
MAHARASHTRA,1940,1.525,4.4,1.15,10.6,12.15,325.275,522.425,428.475,163.375,102.5,28.15,5.0,1605.0,5.925,23.9,1439.55,135.65
MAHARASHTRA,1941,16.075,8.175,4.125,2.5,3.525,222.825,377.575,179.625,160.325,31.725,0.075,1.925,1008.45,24.25,10.15,940.35,33.725
MAHARASHTRA,1942,0.65,27.925,0.05,7.375,4.6,400.325,621.625,351.55,172.475,18.275,0.675,35.775,1641.375,28.575,12.025,1545.975,54.725
MAHARASHTRA,1943,17.45,0.05,0.875,2.725,84.825,316.95,502.6,143.55,298.75,151.075,9.875,0.0,1528.775,17.5,88.425,1261.85,160.95
MAHARASHTRA,1944,1.45,18.075,27.1,0.425,11.7,214.1,644.7,343.25,152.0,113.55,14.85,0.0,1541.225,19.525,39.225,1354.05,128.4
MAHARASHTRA,1945,7.15,0.1,0.0,10.075,2.475,283.85,550.7,343.1,229.225,35.0,2.95,0.275,1464.95,7.25,12.55,1406.875,38.225
MAHARASHTRA,1946,0.0,6.7,0.65,18.3,22.575,332.225,490.875,385.425,197.95,21.45,129.75,15.175,1621.05,6.7,41.525,1406.475,166.375
MAHARASHTRA,1947,21.65,12.525,10.4,29.4,8.6,159.775,483.75,453.45,283.7,28.325,3.675,9.475,1504.725,34.175,48.4,1380.675,41.475
MAHARASHTRA,1948,21.05,3.075,3.9,4.275,5.625,273.7,478.2,339.15,240.325,44.95,151.95,0.025,1566.325,24.125,13.8,1331.375,196.925
MAHARASHTRA,1949,1.075,0.5,0.8,3.1,62.825,238.95,487.75,281.175,449.5,89.4,4.825,0.025,1619.975,1.575,66.725,1457.375,94.25
MAHARASHTRA,1950,0.025,9.85,5.175,1.8,14.3,143.95,563.1,165.775,353.4,64.625,2.65,3.575,1328.175,9.875,21.275,1226.225,70.85
MAHARASHTRA,1951,1.275,0.15,12.775,11.075,18.625,294.2,496.175,265.95,103.275,146.275,15.125,0.0,1365.025,1.425,42.475,1159.6,161.4
MAHARASHTRA,1952,0.05,7.825,1.05,6.45,16.65,263.5,415.4,251.275,106.675,69.55,0.0,1.35,1139.775,7.875,24.15,1036.85,70.9
MAHARASHTRA,1953,1.35,0.275,0.1,19.125,0.65,358.8,513.925,386.0,179.575,102.75,0.05,0.0,1562.6,1.625,19.875,1438.3,102.8
MAHARASHTRA,1954,0.675,0.85,11.6,5.7,6.5,263.35,615.0,368.025,389.4,23.875,0.25,8.65,1693.85,1.525,23.8,1635.775,32.775
MAHARASHTRA,1955,6.35,0.075,3.425,8.5,19.3,356.15,409.275,572.65,283.775,183.625,6.5,0.0,1849.625,6.425,31.225,1621.85,190.125
MAHARASHTRA,1956,1.0,1.075,0.5,5.425,99.7,323.5,591.7,312.7,249.925,113.45,63.275,2.6,1764.85,2.075,105.625,1477.825,179.325
MAHARASHTRA,1957,2.55,1.15,15.775,17.175,28.25,261.75,482.575,475.675,116.85,63.225,21.075,0.175,1486.225,3.7,61.2,1336.85,84.475
MAHARASHTRA,1958,1.9,0.525,7.6,17.075,22.7,335.325,569.85,571.15,198.975,55.35,32.175,0.1,1812.775,2.425,47.375,1675.3,87.625
MAHARASHTRA,1959,4.375,0.3,0.125,11.025,23.725,319.1,589.4,366.8,360.175,116.325,24.3,0.375,1816.025,4.675,34.875,1635.475,141.0
MAHARASHTRA,1960,11.5,0.0,15.525,3.475,49.925,356.325,472.75,226.625,208.925,70.975,12.3,0.95,1429.225,11.5,68.925,1264.625,84.225
MAHARASHTRA,1961,0.575,2.775,2.65,6.025,85.875,306.25,645.375,348.15,253.525,189.575,5.125,1.925,1847.825,3.35,94.55,1553.3,196.625
MAHARASHTRA,1962,1.65,1.875,6.975,21.125,62.95,154.175,542.9,375.975,324.425,37.6,24.95,66.025,1620.6,3.525,91.05,1397.475,128.575
MAHARASHTRA,1963,0.275,5.275,10.625,8.725,15.975,291.375,471.35,615.425,146.425,89.475,8.8,0.15,1663.925,5.55,35.325,1524.575,98.425
MAHARASHTRA,1964,0.0,0.55,3.05,2.475,3.525,279.1,413.3,445.675,249.675,69.725,14.875,0.475,1482.425,0.55,9.05,1387.75,85.075
MAHARASHTRA,1965,8.325,1.65,1.3,10.225,3.7,285.85,563.775,292.525,102.825,6.525,1.8,30.775,1309.3,9.975,15.225,1244.975,39.1
MAHARASHTRA,1966,9.225,0.4,5.575,5.175,55.675,150.425,524.975,152.625,243.875,19.0,73.675,13.15,1253.7,9.625,66.425,1071.9,105.825
MAHARASHTRA,1967,0.125,0.025,16.6,5.625,5.7,307.475,526.85,226.2,175.35,46.775,0.975,76.7,1388.375,0.15,27.925,1235.875,124.45
MAHARASHTRA,1968,5.5,12.9,19.575,10.975,1.35,212.825,471.0,201.525,194.45,59.625,13.675,1.225,1204.675,18.4,31.9,1079.8,74.525
MAHARASHTRA,1969,0.425,0.0,0.55,2.75,4.675,256.5,545.725,280.925,344.65,19.525,25.75,0.775,1482.25,0.425,7.975,1427.8,46.05
MAHARASHTRA,1970,6.325,0.25,5.425,7.775,40.325,419.475,377.2,550.05,218.85,46.55,0.0,0.05,1672.375,6.575,53.525,1565.575,46.6
MAHARASHTRA,1971,0.975,3.225,5.65,4.15,48.475,361.075,231.075,321.3,199.8,78.425,0.225,0.0,1254.375,4.2,58.275,1113.25,78.65
MAHARASHTRA,1972,0.0,0.35,0.0,2.125,7.725,251.825,291.575,189.825,88.225,10.225,26.325,2.025,870.2,0.35,9.85,821.45,38.575
MAHARASHTRA,1973,0.425,2.275,0.525,2.325,3.825,192.0,466.425,458.95,215.55,117.775,2.3,0.275,1462.65,2.7,6.675,1332.925,120.35
MAHARASHTRA,1974,0.175,1.325,1.025,6.2,45.85,194.325,415.65,340.925,193.775,171.825,1.375,0.0,1372.475,1.5,53.075,1144.675,173.2
MAHARASHTRA,1975,1.5,7.975,3.6,0.775,11.675,351.0,456.325,404.725,349.4,139.425,6.35,0.0,1732.775,9.475,16.05,1561.45,145.775
MAHARASHTRA,1976,0.55,0.075,3.875,5.675,3.825,275.4,548.45,346.8,171.525,9.825,54.45,1.2,1421.6,0.625,13.375,1342.175,65.475
MAHARASHTRA,1977,0.0,0.925,4.4,6.175,15.5,271.925,521.6,305.25,182.5,61.4,98.0,3.9,1471.55,0.925,26.075,1281.275,163.3
MAHARASHTRA,1978,4.925,13.5,8.2,13.15,35.175,390.2,425.275,330.625,123.475,52.775,41.9,11.65,1450.85,18.425,56.525,1269.575,106.325
MAHARASHTRA,1979,9.325,18.5,3.175,0.725,9.6,288.475,343.25,360.575,224.05,24.2,72.8,2.975,1357.7,27.825,13.5,1216.35,99.975
MAHARASHTRA,1980,3.85,0.8,1.8,6.775,3.575,408.375,327.0,456.325,125.15,9.625,14.975,21.5,1379.825,4.65,12.15,1316.85,46.1
MAHARASHTRA,1981,14.65,0.4,10.025,3.025,9.3,295.85,436.675,344.275,328.475,50.55,12.125,9.6,1514.925,15.05,22.35,1405.275,72.275
MAHARASHTRA,1982,14.45,2.85,2.825,4.825,19.875,218.3,400.325,322.25,163.0,47.525,39.625,0.0,1235.85,17.3,27.525,1103.875,87.15
MAHARASHTRA,1983,0.425,2.2,0.55,0.525,3.975,258.45,462.775,570.675,403.475,77.7,3.3,6.275,1790.325,2.625,5.05,1695.375,87.275
MAHARASHTRA,1984,7.65,9.875,1.15,2.375,0.325,254.725,444.6,223.05,130.625,102.65,3.25,1.475,1181.7,17.525,3.85,1053.0,107.375
MAHARASHTRA,1985,8.05,0.325,2.375,6.825,13.225,369.075,382.85,263.5,90.2,129.625,2.15,1.025,1269.225,8.375,22.425,1105.625,132.8
MAHARASHTRA,1986,5.725,13.2,2.0,2.35,5.85,335.775,290.725,334.525,82.8,10.95,25.075,14.0,1122.925,18.925,10.2,1043.825,50.025
MAHARASHTRA,1987,8.475,3.4,2.7,1.825,19.075,253.6,333.9,391.6,74.15,120.85,38.675,14.575,1262.85,11.875,23.6,1053.25,174.1
MAHARASHTRA,1988,0.175,2.0,1.025,10.7,4.325,243.4,633.2,340.525,396.175,49.825,3.475,2.175,1687.075,2.175,16.05,1613.3,55.475
MAHARASHTRA,1989,0.0,0.0,20.7,1.8,6.05,340.25,447.925,358.2,192.525,34.1,1.775,10.2,1413.525,0.0,28.55,1338.9,46.075
MAHARASHTRA,1990,2.25,1.75,2.175,1.025,121.375,369.2,389.575,583.0,160.95,177.925,11.15,2.975,1823.4,4.0,124.575,1502.725,192.05
MAHARASHTRA,1991,1.65,0.525,1.325,8.275,11.575,368.0,587.475,261.95,55.375,15.0,7.125,0.475,1318.7,2.175,21.175,1272.8,22.6
MAHARASHTRA,1992,0.05,0.125,0.1,2.125,5.925,256.425,333.55,527.55,183.0,55.675,12.2,0.0,1376.725,0.175,8.15,1300.525,67.875
MAHARASHTRA,1993,0.125,1.175,6.775,2.575,9.25,242.15,566.3,299.825,263.225,158.6,6.6,25.95,1582.5,1.3,18.6,1371.5,191.15
MAHARASHTRA,1994,4.4,2.5,0.175,14.7,13.0,344.3,531.675,337.225,203.55,87.925,13.475,0.1,1553.05,6.9,27.875,1416.75,101.5
MAHARASHTRA,1995,30.05,1.475,18.6,7.55,16.225,175.275,486.525,237.775,238.25,142.925,2.65,0.075,1357.35,31.525,42.375,1137.825,145.65
MAHARASHTRA,1996,0.625,0.925,1.0,6.15,2.35,204.55,491.4,321.55,212.35,157.075,3.075,0.425,1401.475,1.55,9.5,1229.85,160.575
MAHARASHTRA,1997,7.475,0.275,3.5,12.45,5.775,280.475,422.975,382.5,154.0,65.925,71.1,58.0,1464.475,7.75,21.725,1239.95,195.025
MAHARASHTRA,1998,3.275,3.75,5.05,3.125,11.85,283.925,425.575,367.2,325.55,161.675,40.05,0.025,1631.05,7.025,20.025,1402.25,201.75
MAHARASHTRA,1999,0.05,8.4,0.075,0.025,39.375,393.575,433.725,199.15,232.375,145.675,0.175,0.0,1452.625,8.45,39.475,1258.825,145.85
MAHARASHTRA,2000,0.525,5.325,0.2,0.775,63.475,334.15,507.125,368.7,74.425,47.525,1.25,2.625,1406.1,5.85,64.45,1284.4,51.4
MAHARASHTRA,2001,5.925,0.15,4.0,8.925,19.15,296.325,327.85,346.95,116.525,129.2,3.575,0.125,1258.75,6.075,32.075,1087.65,132.9
MAHARASHTRA,2002,2.4,2.8,0.725,6.2,10.125,434.2,173.675,408.025,140.975,48.3,3.9,0.1,1231.35,5.2,17.05,1156.875,52.3
MAHARASHTRA,2003,0.85,2.125,2.05,3.625,14.45,333.475,469.875,309.225,162.15,37.15,2.775,0.55,1338.4,2.975,20.125,1274.725,40.475
MAHARASHTRA,2004,2.9,1.5,1.525,5.125,34.625,283.1,373.975,415.925,184.5,40.2,13.075,0.075,1356.5,4.4,41.275,1257.5,53.35
MAHARASHTRA,2005,23.25,2.05,5.575,4.65,5.575,293.7,627.2,350.4,353.875,81.725,0.0,0.075,1748.025,25.3,15.8,1625.175,81.8
MAHARASHTRA,2006,0.0,0.0,24.575,4.5,75.425,284.525,489.9,507.7,250.525,88.475,15.925,0.0,1741.6,0.0,104.5,1532.65,104.4
MAHARASHTRA,2007,0.35,0.425,0.4,2.325,12.525,412.075,401.75,420.75,320.175,19.3,7.475,0.025,1597.625,0.775,15.25,1554.75,26.8
MAHARASHTRA,2008,0.075,0.525,20.85,1.85,4.225,277.75,323.125,373.875,323.05,42.525,1.95,0.875,1370.725,0.6,26.925,1297.8,45.35
MAHARASHTRA,2009,0.025,0.425,0.65,0.925,6.55,135.175,512.75,196.025,200.075,126.125,92.35,3.475,1274.5,0.45,8.125,1044.025,221.95
MAHARASHTRA,2010,5.975,1.95,3.075,1.2,5.025,282.725,617.55,439.65,273.05,94.0,63.475,1.2,1788.825,7.925,9.3,1612.975,158.675
MAHARASHTRA,2011,0.0,1.325,0.275,4.9,1.925,301.85,530.675,439.325,224.425,53.15,0.775,0.0,1558.625,1.325,7.1,1496.275,53.925
MAHARASHTRA,2012,0.775,0.025,0.0,1.2,1.25,224.65,415.775,341.975,253.55,93.5,3.025,0.0,1335.65,0.8,2.45,1235.95,96.525
MAHARASHTRA,2013,2.5,8.275,1.825,4.125,7.85,442.075,654.8,276.9,209.2,108.725,3.375,3.975,1723.6,10.775,13.8,1582.975,116.075
MAHARASHTRA,2014,1.75,10.8,38.7,5.675,15.525,93.975,503.425,317.225,212.325,42.175,16.725,7.6,1265.875,12.55,59.9,1126.95,66.5
MAHARASHTRA,2015,10.125,1.775,44.075,20.225,15.2,328.475,200.7,211.4,177.325,41.55,12.075,0.075,1063.125,11.9,79.5,917.9,53.7
MANIPUR,1901,11.7,18.1,29.4,206.2,124.0,443.3,331.4,466.0,304.1,166.7,67.4,0.0,2168.4,29.8,359.6,1544.8,234.1
MANIPUR,1902,4.8,0.5,36.3,297.8,215.5,480.1,392.4,312.8,318.7,102.4,8.9,4.7,2175.0,5.3,549.6,1504.0,116.0
MANIPUR,1903,6.5,40.5,139.8,45.5,159.9,458.6,300.2,470.6,366.1,166.4,76.7,0.1,2230.7,47.0,345.2,1595.5,243.2
MANIPUR,1904,2.3,46.9,47.5,290.3,230.5,455.3,423.5,423.6,375.8,128.9,90.0,5.0,2519.8,49.2,568.3,1678.2,223.9
MANIPUR,1905,9.1,35.3,306.5,161.7,193.6,339.7,450.1,429.9,320.1,246.4,8.0,27.1,2527.6,44.4,661.8,1539.8,281.5
MANIPUR,1906,7.0,71.5,72.5,99.0,302.7,417.4,475.2,439.2,439.1,142.8,44.9,3.2,2514.4,78.5,474.2,1770.9,190.9
MANIPUR,1907,39.1,30.4,92.8,189.1,156.0,414.1,400.9,291.4,336.1,114.6,3.9,53.4,2121.7,69.5,437.9,1442.5,171.9
MANIPUR,1908,26.4,15.0,4.3,141.1,252.1,360.0,531.5,371.9,317.8,192.6,106.5,0.0,2319.3,41.4,397.5,1581.2,299.1
MANIPUR,1909,6.0,4.7,3.1,201.8,235.1,415.3,348.9,540.0,245.8,167.7,71.4,69.0,2308.7,10.7,440.0,1550.0,308.1
MANIPUR,1910,26.0,10.9,30.7,138.4,228.0,444.8,405.0,439.8,336.2,196.0,12.3,0.0,2267.9,36.9,397.1,1625.8,208.3
MANIPUR,1911,47.3,11.9,102.2,141.3,331.3,444.9,471.5,397.9,287.8,226.0,17.4,0.3,2479.8,59.2,574.8,1602.1,243.7
MANIPUR,1912,1.0,36.7,127.8,305.9,222.5,344.7,392.6,394.8,262.8,179.1,34.9,6.1,2308.8,37.7,656.2,1394.9,220.1
MANIPUR,1913,4.3,63.4,109.9,138.1,264.1,559.1,509.2,426.7,222.1,202.9,83.6,29.7,2613.2,67.7,512.1,1717.1,316.2
MANIPUR,1914,5.0,93.3,129.7,255.9,276.5,342.6,437.4,501.5,262.0,106.0,13.8,105.4,2529.2,98.3,662.1,1543.5,225.2
MANIPUR,1915,13.9,35.5,89.4,198.9,448.9,465.2,478.0,510.5,310.4,231.1,37.7,0.4,2819.9,49.4,737.2,1764.1,269.2
MANIPUR,1916,13.2,17.5,37.3,212.5,131.8,363.8,491.4,419.3,388.5,417.5,55.0,7.1,2555.0,30.7,381.6,1663.0,479.6
MANIPUR,1917,1.3,81.8,25.6,289.1,121.7,356.6,387.3,375.8,371.7,147.9,63.3,0.1,2222.2,83.1,436.4,1491.4,211.3
MANIPUR,1918,3.8,6.1,138.6,224.8,361.9,573.8,638.5,569.3,363.9,75.7,52.3,4.5,3013.3,9.9,725.3,2145.5,132.5
MANIPUR,1919,17.5,18.1,17.3,151.1,132.7,358.4,403.5,372.9,375.0,111.1,84.8,5.7,2047.9,35.6,301.1,1509.8,201.6
MANIPUR,1920,5.1,56.8,272.7,143.7,167.9,363.3,443.6,449.6,326.2,137.0,7.1,2.7,2375.8,61.9,584.3,1582.7,146.8
MANIPUR,1921,46.9,24.1,179.2,178.2,271.3,443.8,387.8,382.4,430.7,286.7,4.7,2.4,2638.2,71.0,628.7,1644.7,293.8
MANIPUR,1922,8.5,4.5,17.3,119.3,182.1,569.1,479.6,536.6,330.9,170.8,38.2,5.8,2462.6,13.0,318.7,1916.2,214.8
MANIPUR,1923,0.0,64.9,13.5,216.2,296.1,506.2,411.9,488.5,374.9,210.9,93.7,8.7,2685.5,64.9,525.8,1781.5,313.3
MANIPUR,1924,3.7,45.2,14.1,170.9,295.1,478.6,462.7,482.2,356.2,179.2,213.7,0.1,2701.7,48.9,480.1,1779.7,393.0
MANIPUR,1925,43.0,36.4,35.0,195.6,385.5,362.4,461.4,440.3,280.1,170.7,37.0,0.0,2447.5,79.4,616.1,1544.2,207.7
MANIPUR,1926,24.0,70.1,155.5,177.1,229.7,361.1,477.6,441.7,287.3,155.6,36.4,47.1,2463.2,94.1,562.3,1567.7,239.1
MANIPUR,1927,41.4,103.5,56.3,360.4,245.2,363.8,498.4,456.6,533.9,178.4,48.6,0.8,2887.5,144.9,661.9,1852.7,227.8
MANIPUR,1928,4.3,28.5,52.3,65.3,309.0,463.2,397.7,468.3,392.8,272.5,18.4,0.1,2472.4,32.8,426.6,1722.0,291.0
MANIPUR,1929,38.3,7.7,48.0,242.7,433.0,859.1,385.0,371.4,314.8,121.7,11.3,26.4,2859.4,46.0,723.7,1930.3,159.4
MANIPUR,1930,22.6,53.6,107.5,161.0,223.1,506.6,438.2,385.6,256.7,100.8,230.7,1.0,2487.4,76.2,491.6,1587.1,332.5
MANIPUR,1931,2.7,53.0,59.6,109.9,360.6,388.8,520.0,300.4,364.1,209.9,69.2,23.0,2461.1,55.7,530.1,1573.3,302.1
MANIPUR,1932,6.1,69.7,99.1,162.2,323.6,600.7,491.2,402.4,376.2,80.4,145.9,4.3,2761.7,75.8,584.9,1870.5,230.6
MANIPUR,1933,2.5,19.7,34.3,167.0,298.4,463.4,476.3,603.5,259.6,113.4,9.6,4.1,2451.8,22.2,499.7,1802.8,127.1
MANIPUR,1934,16.0,135.1,57.1,191.1,313.2,567.2,618.6,368.3,336.4,227.7,197.3,12.8,3040.8,151.1,561.4,1890.5,437.8
MANIPUR,1935,0.6,48.3,43.7,173.3,171.2,547.1,506.4,553.5,339.1,124.8,33.1,2.2,2543.3,48.9,388.2,1946.1,160.1
MANIPUR,1936,19.3,73.1,104.6,227.5,489.5,418.3,529.7,507.6,309.4,202.6,22.6,13.0,2917.1,92.4,821.6,1765.0,238.2
MANIPUR,1937,0.1,60.0,37.3,85.4,337.1,528.9,490.1,614.8,291.0,207.1,17.9,72.0,2741.6,60.1,459.8,1924.8,297.0
MANIPUR,1938,29.2,29.2,133.8,153.6,429.0,494.6,413.6,491.4,441.7,243.9,111.7,0.0,2971.6,58.4,716.4,1841.3,355.6
MANIPUR,1939,2.6,59.3,34.5,203.7,274.4,449.6,638.8,333.9,380.8,198.8,30.0,2.0,2608.3,61.9,512.6,1803.1,230.8
MANIPUR,1940,0.3,74.6,230.9,35.5,325.6,496.2,458.2,345.7,373.3,131.6,31.4,23.6,2526.7,74.9,592.0,1673.4,186.6
MANIPUR,1941,14.1,63.1,34.1,256.6,563.1,689.4,489.5,372.6,288.2,143.3,44.2,7.9,2966.2,77.2,853.8,1839.7,195.4
MANIPUR,1942,6.0,15.7,78.7,250.4,305.3,528.7,403.3,461.8,420.8,65.4,143.2,1.5,2680.9,21.7,634.4,1814.6,210.1
MANIPUR,1943,68.4,28.8,131.3,143.7,210.3,496.1,422.5,485.2,354.9,84.0,2.2,0.6,2427.9,97.2,485.3,1758.7,86.8
MANIPUR,1944,91.4,20.2,69.7,128.6,321.8,670.5,527.9,440.7,490.8,110.5,4.4,0.7,2877.3,111.6,520.1,2129.9,115.6
MANIPUR,1945,68.7,60.9,67.7,170.4,354.2,595.3,573.9,509.7,378.8,205.6,13.3,53.3,3051.9,129.6,592.3,2057.7,272.2
MANIPUR,1946,0.0,19.1,189.3,237.5,352.4,517.5,647.7,397.9,305.1,311.4,7.7,50.5,3036.2,19.1,779.2,1868.2,369.6
MANIPUR,1947,3.0,4.3,44.3,176.0,374.4,723.9,640.5,491.1,415.6,306.0,1.7,29.7,3210.2,7.3,594.7,2271.1,337.4
MANIPUR,1948,5.5,65.1,54.3,206.5,468.4,410.3,500.1,472.5,424.2,140.0,71.4,3.7,2822.1,70.6,729.2,1807.1,215.1
MANIPUR,1949,8.1,12.6,67.4,370.2,419.6,562.8,507.7,416.9,427.5,177.3,4.2,2.0,2976.3,20.7,857.2,1914.9,183.5
MANIPUR,1950,12.3,59.7,79.1,87.8,207.4,407.4,449.4,535.3,255.4,237.5,82.9,8.7,2423.0,72.0,374.3,1647.5,329.1
MANIPUR,1951,3.9,0.2,62.4,360.1,233.7,495.0,436.2,440.5,191.1,310.6,54.9,20.8,2609.3,4.1,656.2,1562.8,386.3
MANIPUR,1952,9.6,6.5,97.1,208.2,345.9,442.6,556.8,422.8,320.5,323.6,76.2,1.1,2810.9,16.1,651.2,1742.7,400.9
MANIPUR,1953,7.4,16.5,98.4,90.0,453.5,570.9,387.0,424.3,443.8,136.2,25.0,8.7,2661.6,23.9,641.9,1826.0,169.9
MANIPUR,1954,12.8,52.4,37.7,165.3,300.2,619.8,491.4,558.3,361.7,294.2,2.4,8.8,2905.1,65.2,503.2,2031.2,305.4
MANIPUR,1955,6.2,5.7,161.3,213.6,280.6,461.4,559.2,514.7,253.8,183.5,220.2,5.1,2865.0,11.9,655.5,1789.1,408.8
MANIPUR,1956,18.3,1.3,102.2,115.5,474.0,758.9,529.8,469.6,257.5,187.1,101.1,7.4,3022.7,19.6,691.7,2015.8,295.6
MANIPUR,1957,59.1,60.6,10.2,104.8,300.1,409.1,425.7,429.1,354.4,148.3,0.8,1.7,2303.9,119.7,415.1,1618.3,150.8
MANIPUR,1958,6.2,87.2,18.3,93.7,400.6,256.4,308.3,254.8,299.5,238.5,2.3,2.7,1968.6,93.4,512.6,1119.0,243.5
MANIPUR,1959,39.9,77.7,148.0,74.0,260.0,378.5,396.3,357.3,239.1,352.8,0.1,3.9,2327.6,117.6,482.0,1371.2,356.8
MANIPUR,1960,0.0,6.1,24.9,34.2,193.8,406.4,374.9,286.6,255.6,165.9,51.3,0.3,1799.9,6.1,252.9,1323.5,217.5
MANIPUR,1961,9.5,37.5,193.3,76.9,212.1,332.5,316.5,342.8,258.8,96.1,24.4,0.8,1901.2,47.0,482.3,1250.6,121.3
MANIPUR,1962,11.2,26.6,5.4,139.8,156.6,554.6,298.8,356.6,142.5,130.4,0.0,0.0,1822.5,37.8,301.8,1352.5,130.4
MANIPUR,1963,0.0,4.6,50.7,179.3,278.5,687.9,510.3,383.0,494.6,373.4,6.5,1.2,2970.0,4.6,508.5,2075.8,381.1
MANIPUR,1964,4.0,37.1,67.9,280.6,303.2,357.8,484.4,242.0,213.3,284.7,46.3,7.5,2328.7,41.1,651.7,1297.5,338.5
MANIPUR,1965,1.9,61.5,35.9,59.4,169.5,520.5,373.4,323.0,262.2,164.1,22.6,37.0,2031.0,63.4,264.8,1479.1,223.7
MANIPUR,1966,15.0,2.7,39.8,85.3,190.3,666.8,399.3,405.0,361.5,207.0,40.9,65.1,2478.6,17.7,315.4,1832.6,313.0
MANIPUR,1967,51.5,33.6,129.5,195.8,247.8,311.7,388.0,334.0,341.3,184.8,10.9,1.1,2229.9,85.1,573.1,1375.0,196.8
MANIPUR,1968,17.3,20.9,80.9,142.2,253.8,396.1,531.9,391.0,178.3,68.9,28.7,0.0,2110.0,38.2,476.9,1497.3,97.6
MANIPUR,1969,20.1,2.4,124.6,189.8,73.5,606.6,868.3,1347.2,228.1,126.3,23.2,0.0,3610.0,22.5,387.9,3050.2,149.5
MANIPUR,1970,45.8,306.3,103.6,160.1,315.9,541.7,976.7,836.7,486.2,425.6,116.7,1.0,4316.2,352.1,579.6,2841.3,543.3
MANIPUR,1971,28.4,67.6,12.4,312.6,248.0,543.2,624.0,553.1,421.2,171.3,94.6,4.5,3080.7,96.0,573.0,2141.5,270.4
MANIPUR,1972,4.5,46.3,32.8,145.0,169.1,235.6,262.7,270.8,129.6,45.0,12.5,0.0,1353.8,50.8,346.9,898.7,57.5
MANIPUR,1973,16.8,46.0,29.3,135.3,329.0,367.2,260.0,323.9,232.7,159.7,162.6,43.6,2105.8,62.8,493.6,1183.8,365.9
MANIPUR,1974,8.9,2.4,98.7,160.7,218.8,438.1,517.3,361.5,273.4,167.8,81.8,0.2,2329.6,11.3,478.2,1590.3,249.8
MANIPUR,1975,1.2,24.5,17.5,164.2,243.7,348.8,526.6,252.9,278.9,205.1,146.1,0.3,2209.7,25.7,425.4,1407.2,351.5
MANIPUR,1976,3.3,51.3,113.7,187.8,287.1,861.1,507.8,365.0,175.1,64.8,34.2,0.1,2651.4,54.6,588.6,1909.0,99.1
MANIPUR,1977,14.2,34.9,27.7,383.8,303.7,452.0,389.1,355.8,193.0,149.6,38.2,16.6,2358.5,49.1,715.2,1389.9,204.4
MANIPUR,1978,0.7,4.0,51.6,147.5,449.4,496.7,357.8,277.0,273.9,70.4,21.6,0.0,2150.8,4.7,648.5,1405.4,92.0
MANIPUR,1979,1.3,8.3,72.9,55.4,158.8,361.8,370.0,309.7,272.9,57.9,47.1,33.1,1749.2,9.6,287.1,1314.4,138.1
MANIPUR,1980,7.2,42.4,101.6,145.7,461.5,373.3,327.4,312.1,364.4,168.5,0.1,0.7,2305.0,49.6,708.8,1377.2,169.3
MANIPUR,1981,26.6,26.3,105.5,268.0,377.5,223.2,448.1,329.7,213.2,33.1,11.5,9.6,2072.2,52.9,751.0,1214.2,54.2
MANIPUR,1982,0.1,54.8,73.8,224.6,103.3,371.9,373.6,466.3,284.5,32.8,38.1,3.7,2027.5,54.9,401.7,1496.3,74.6
MANIPUR,1983,19.2,49.3,244.9,303.8,402.4,380.9,329.7,392.8,239.7,189.0,6.2,30.2,2588.0,68.5,951.1,1343.1,225.4
MANIPUR,1984,17.4,1.8,5.1,121.1,743.0,514.6,255.3,387.2,250.2,120.4,9.1,28.8,2454.0,19.2,869.2,1407.3,158.3
MANIPUR,1985,6.4,36.2,87.1,162.8,377.6,507.5,275.5,301.9,279.4,52.3,8.7,9.9,2105.3,42.6,627.5,1364.3,70.9
MANIPUR,1986,8.8,7.3,17.7,263.4,153.0,325.5,376.9,364.6,355.8,311.7,131.2,26.3,2342.3,16.1,434.1,1422.8,469.2
MANIPUR,1987,7.7,13.1,68.9,195.0,144.9,420.8,447.2,422.7,388.6,172.2,74.0,6.1,2361.3,20.8,408.8,1679.3,252.3
MANIPUR,1988,0.4,33.6,83.5,141.9,470.2,466.4,540.0,407.4,298.6,298.6,75.3,4.3,2820.2,34.0,695.6,1712.4,378.2
MANIPUR,1989,0.7,27.1,17.2,139.1,206.9,367.1,470.6,393.6,376.3,352.9,5.3,2.3,2359.0,27.8,363.2,1607.6,360.5
MANIPUR,1990,0.2,32.5,197.6,274.9,314.6,380.0,387.9,344.7,339.4,168.2,99.3,42.9,2582.3,32.7,787.1,1452.0,310.4
MANIPUR,1991,27.5,41.9,64.1,253.5,619.4,456.6,297.3,326.0,387.3,291.4,28.0,58.9,2851.9,69.4,937.0,1467.2,378.3
MANIPUR,1992,4.4,67.1,23.3,95.7,250.2,343.8,439.1,397.2,323.6,243.2,25.4,8.5,2221.4,71.5,369.2,1503.7,277.1
MANIPUR,1993,11.1,139.3,92.8,155.4,499.4,539.6,530.9,428.9,302.9,165.4,16.0,0.0,2881.7,150.4,747.6,1802.3,181.4
MANIPUR,1994,9.5,30.1,219.3,134.7,130.7,256.2,305.7,335.7,161.6,102.0,27.0,0.0,1712.5,39.6,484.7,1059.2,129.0
MANIPUR,1995,5.4,36.5,52.0,68.7,254.5,425.8,403.6,495.9,312.5,129.7,155.3,0.2,2340.2,41.9,375.2,1637.8,285.2
MANIPUR,1996,8.1,30.0,153.9,97.3,284.2,314.0,395.1,363.5,341.3,179.7,18.8,8.7,2194.5,38.1,535.4,1413.9,207.2
MANIPUR,1997,11.3,23.7,134.4,112.0,255.0,334.0,598.5,273.9,361.6,48.6,17.8,41.3,2212.0,35.0,501.4,1568.0,107.7
MANIPUR,1998,28.1,31.6,136.4,164.6,352.2,297.6,480.6,367.3,222.3,97.9,46.5,0.3,2225.4,59.7,653.2,1367.8,144.7
MANIPUR,1999,2.2,0.0,33.5,26.3,397.5,358.4,422.7,391.3,338.5,227.7,16.5,18.3,2233.0,2.2,457.3,1510.9,262.5
MANIPUR,2000,22.5,26.1,129.1,214.2,403.6,325.4,269.2,465.0,298.3,185.2,24.2,1.1,2363.9,48.6,746.9,1357.9,210.5
MANIPUR,2001,1.5,46.9,38.8,83.6,313.8,478.0,322.6,263.0,269.0,266.4,65.4,0.2,2149.0,48.4,436.2,1332.6,332.0
MANIPUR,2002,18.6,3.9,62.7,143.8,438.7,351.6,462.2,358.4,225.7,98.9,71.9,6.0,2242.3,22.5,645.2,1397.9,176.8
MANIPUR,2003,3.8,11.5,78.0,158.9,265.6,590.9,262.4,281.7,288.4,175.1,5.1,40.9,2162.2,15.3,502.5,1423.4,221.1
MANIPUR,2004,4.8,2.7,11.0,341.5,211.0,449.2,558.6,284.3,351.0,132.7,6.4,0.5,2353.7,7.5,563.5,1643.1,139.6
MANIPUR,2005,6.4,15.0,118.6,98.1,237.0,212.3,301.5,334.8,292.6,194.3,15.6,10.5,1836.7,21.4,453.7,1141.2,220.4
MANIPUR,2006,0.6,12.4,5.5,111.1,382.2,445.6,335.0,241.6,231.1,90.4,13.0,3.7,1872.0,13.0,498.8,1253.3,107.1
MANIPUR,2007,7.9,54.7,28.7,220.4,276.7,446.3,430.0,373.8,426.6,180.5,82.6,10.1,2538.2,62.6,525.8,1676.7,273.2
MANIPUR,2008,30.7,13.8,49.6,54.9,200.8,327.4,333.3,358.6,223.7,150.2,4.7,1.2,1748.9,44.5,305.3,1243.0,156.1
MANIPUR,2009,0.0,3.2,27.5,93.1,209.5,271.9,295.8,380.9,271.3,158.2,26.1,0.2,1737.7,3.2,330.1,1219.9,184.5
MANIPUR,2010,1.0,7.9,85.8,161.5,294.0,411.6,367.5,393.2,309.8,220.2,9.2,33.5,2295.2,8.9,541.3,1482.1,262.9
MANIPUR,2011,12.6,3.6,51.4,81.1,334.9,374.2,313.3,367.6,258.3,92.6,2.4,0.2,1892.1,16.2,467.4,1313.4,95.2
MANIPUR,2012,24.5,10.2,20.3,243.5,163.5,396.2,280.1,342.7,248.7,160.9,32.0,0.4,1922.9,34.7,427.3,1267.7,193.3
MANIPUR,2013,0.2,5.7,19.7,60.3,348.9,206.6,255.9,291.3,241.4,125.6,0.3,1.2,1557.2,5.9,428.9,995.2,127.1
MANIPUR,2014,1.2,21.0,25.4,49.6,192.5,268.3,295.7,372.3,300.9,69.6,3.3,0.1,1599.9,22.2,267.5,1237.2,73.0
MANIPUR,2015,14.4,14.2,21.6,253.5,198.3,283.9,413.6,334.2,255.9,118.7,3.9,10.0,1922.4,28.6,473.4,1287.6,132.6
MEGHALAYA,1901,27.1,19.5,30.6,223.0,207.0,524.9,430.6,464.1,291.4,163.7,115.6,1.2,2498.6,46.6,460.6,1711.0,280.5
MEGHALAYA,1902,9.3,10.2,105.6,350.0,262.1,620.7,510.8,536.0,441.3,97.0,7.8,1.3,2952.1,19.5,717.7,2108.8,106.1
MEGHALAYA,1903,19.9,25.4,103.6,140.6,206.6,607.4,362.7,551.9,306.4,159.5,59.3,1.3,2544.7,45.3,450.8,1828.4,220.1
MEGHALAYA,1904,11.1,56.1,51.9,457.1,375.2,385.7,477.6,438.8,245.9,115.9,46.4,2.5,2664.1,67.2,884.2,1548.0,164.8
MEGHALAYA,1905,19.9,16.9,137.9,213.0,275.5,521.7,439.1,649.1,276.0,200.0,16.8,24.8,2790.6,36.8,626.4,1885.9,241.6
MEGHALAYA,1906,9.7,59.2,88.4,263.5,271.3,388.4,541.8,585.9,264.2,165.7,24.9,0.2,2663.4,68.9,623.2,1780.3,190.8
MEGHALAYA,1907,55.8,37.2,109.7,254.8,213.7,509.8,578.9,304.2,401.0,37.6,4.8,13.8,2521.1,93.0,578.2,1793.9,56.2
MEGHALAYA,1908,16.2,25.1,20.7,176.6,332.7,390.8,477.2,339.4,403.4,91.9,3.8,0.0,2277.8,41.3,530.0,1610.8,95.7
MEGHALAYA,1909,19.0,8.9,4.4,195.0,310.4,639.4,345.0,445.2,216.4,162.4,24.6,6.3,2377.0,27.9,509.8,1646.0,193.3
MEGHALAYA,1910,9.2,32.1,152.8,211.5,274.6,582.5,738.3,418.3,247.8,199.7,16.2,4.3,2887.3,41.3,638.9,1986.9,220.2
MEGHALAYA,1911,74.2,19.0,93.0,234.0,431.7,534.0,618.6,417.1,387.8,257.4,26.3,3.0,3096.2,93.2,758.7,1957.5,286.7
MEGHALAYA,1912,9.0,57.8,126.1,301.0,250.2,482.7,567.0,453.4,236.8,181.5,68.4,9.5,2743.5,66.8,677.3,1739.9,259.4
MEGHALAYA,1913,11.9,90.2,118.4,334.2,392.3,458.6,438.0,354.0,279.2,227.7,10.4,45.6,2760.5,102.1,844.9,1529.8,283.7
MEGHALAYA,1914,6.3,79.1,69.9,219.6,317.9,403.9,396.4,472.9,292.3,67.6,10.6,7.4,2343.8,85.4,607.4,1565.5,85.6
MEGHALAYA,1915,9.3,58.9,74.4,201.9,662.9,509.1,738.2,529.1,258.8,108.2,10.0,4.4,3165.1,68.2,939.2,2035.2,122.6
MEGHALAYA,1916,20.0,28.0,118.4,227.9,340.6,367.3,475.3,430.7,308.8,244.9,32.8,6.3,2601.1,48.0,686.9,1582.1,284.0
MEGHALAYA,1917,12.8,91.6,38.7,168.8,206.2,584.7,472.8,346.3,313.7,236.6,46.4,1.4,2519.9,104.4,413.7,1717.5,284.4
MEGHALAYA,1918,4.6,16.1,125.5,152.2,287.4,659.4,805.0,604.8,373.2,70.7,6.8,1.1,3106.8,20.7,565.1,2442.4,78.6
MEGHALAYA,1919,13.1,12.4,22.6,162.1,266.9,485.5,459.0,249.1,441.6,185.7,42.5,3.6,2344.2,25.5,451.6,1635.2,231.8
MEGHALAYA,1920,4.8,51.0,228.1,184.8,282.7,523.8,309.8,521.5,382.6,129.5,3.3,1.8,2623.6,55.8,695.6,1737.7,134.6
MEGHALAYA,1921,35.1,20.3,134.1,324.6,414.8,604.9,542.2,429.4,333.2,142.1,8.5,10.3,2999.7,55.4,873.5,1909.7,160.9
MEGHALAYA,1922,16.6,4.9,77.8,168.7,233.1,548.9,418.4,379.4,265.6,129.9,9.3,9.4,2261.9,21.5,479.6,1612.3,148.6
MEGHALAYA,1923,0.4,59.6,17.1,258.1,397.8,588.6,375.4,267.2,360.9,98.2,11.2,5.9,2440.6,60.0,673.0,1592.1,115.3
MEGHALAYA,1924,10.6,22.7,20.0,221.9,299.4,473.9,609.0,434.0,346.0,127.0,126.9,0.2,2691.4,33.3,541.3,1862.9,254.1
MEGHALAYA,1925,26.4,21.5,53.8,278.3,602.2,330.8,411.1,400.7,322.3,89.5,13.7,0.2,2550.5,47.9,934.3,1464.9,103.4
MEGHALAYA,1926,23.4,23.2,156.9,140.8,253.9,559.3,576.5,354.7,189.2,193.7,6.4,33.6,2511.7,46.6,551.6,1679.7,233.7
MEGHALAYA,1927,33.8,60.5,66.0,265.2,238.4,573.9,447.7,366.4,549.8,161.2,29.8,0.2,2793.1,94.3,569.6,1937.8,191.2
MEGHALAYA,1928,8.3,21.1,61.0,138.9,446.5,420.6,428.1,448.2,343.5,294.8,21.6,1.5,2634.3,29.4,646.4,1640.4,317.9
MEGHALAYA,1929,83.9,3.8,84.1,321.7,570.2,643.4,385.0,333.2,292.8,196.0,17.6,22.1,2953.8,87.7,976.0,1654.4,235.7
MEGHALAYA,1930,18.0,41.0,99.8,199.4,209.8,686.9,287.8,438.5,299.1,149.9,114.4,6.2,2550.7,59.0,509.0,1712.3,270.5
MEGHALAYA,1931,7.6,29.2,47.6,294.7,374.0,605.6,654.6,282.0,330.2,136.7,21.6,16.3,2800.1,36.8,716.3,1872.4,174.6
MEGHALAYA,1932,14.9,36.7,59.1,163.2,488.6,628.5,454.6,467.3,355.8,108.4,90.9,20.6,2888.7,51.6,710.9,1906.2,219.9
MEGHALAYA,1933,10.3,29.0,16.7,214.4,286.7,477.2,427.1,501.7,243.1,122.1,8.1,2.7,2339.1,39.3,517.8,1649.1,132.9
MEGHALAYA,1934,18.5,68.2,27.1,301.2,444.6,754.5,553.2,361.8,246.8,232.8,59.8,6.3,3074.9,86.7,772.9,1916.3,298.9
MEGHALAYA,1935,3.4,53.2,66.5,122.1,381.5,696.9,395.2,573.9,335.0,28.1,19.8,2.9,2678.4,56.6,570.1,2001.0,50.8
MEGHALAYA,1936,13.6,58.7,75.7,217.8,422.8,456.1,559.9,356.4,283.5,179.6,24.0,23.2,2671.3,72.3,716.3,1655.9,226.8
MEGHALAYA,1937,2.2,51.1,19.3,97.4,406.6,422.5,409.2,480.5,278.1,139.3,13.5,4.9,2324.6,53.3,523.3,1590.3,157.7
MEGHALAYA,1938,27.2,16.2,138.0,202.0,247.3,581.0,510.6,435.2,431.4,141.8,55.2,0.6,2786.5,43.4,587.3,1958.2,197.6
MEGHALAYA,1939,1.5,33.6,11.2,178.3,349.6,533.7,484.9,224.9,389.0,190.1,2.8,1.9,2401.6,35.1,539.1,1632.5,194.8
MEGHALAYA,1940,1.5,57.9,180.8,72.6,391.9,500.5,435.4,330.8,353.7,98.1,19.0,9.5,2451.6,59.4,645.3,1620.4,126.6
MEGHALAYA,1941,4.5,32.7,53.8,245.1,522.4,541.7,409.4,361.8,368.1,143.3,16.7,9.9,2709.5,37.2,821.3,1681.0,169.9
MEGHALAYA,1942,7.4,25.3,130.9,233.5,469.1,618.8,332.9,328.8,462.9,40.0,27.5,0.0,2677.0,32.7,833.5,1743.4,67.5
MEGHALAYA,1943,54.4,34.1,170.6,247.7,406.6,513.3,391.9,417.9,365.0,86.7,9.4,6.2,2703.7,88.5,824.9,1688.1,102.3
MEGHALAYA,1944,39.2,21.3,62.9,139.0,518.0,490.6,386.9,304.1,455.6,89.7,7.2,9.9,2524.3,60.5,719.9,1637.2,106.8
MEGHALAYA,1945,37.0,39.7,67.5,139.5,396.5,500.5,507.7,493.5,283.2,196.6,1.1,2.9,2665.7,76.7,603.5,1784.9,200.6
MEGHALAYA,1946,0.4,19.4,102.6,178.5,328.0,582.6,547.0,297.9,266.8,346.3,8.6,1.4,2679.5,19.8,609.1,1694.3,356.3
MEGHALAYA,1947,3.9,9.0,83.9,243.4,380.2,486.4,570.8,285.0,362.3,202.2,3.0,13.1,2643.3,12.9,707.5,1704.5,218.3
MEGHALAYA,1948,10.1,42.4,59.5,260.4,681.2,599.4,534.8,448.3,314.4,176.6,50.6,7.8,3185.4,52.5,1001.1,1896.9,235.0
MEGHALAYA,1949,22.9,23.1,76.0,371.0,335.9,683.4,444.1,461.9,392.6,148.3,13.0,11.1,2983.4,46.0,782.9,1982.0,172.4
MEGHALAYA,1950,21.2,51.2,93.5,112.9,282.1,562.0,389.5,490.9,200.7,134.6,49.9,3.9,2392.4,72.4,488.5,1643.1,188.4
MEGHALAYA,1951,4.9,3.3,53.5,242.9,250.4,588.8,550.5,387.4,209.7,270.5,46.2,5.8,2613.8,8.2,546.8,1736.4,322.5
MEGHALAYA,1952,4.4,10.4,107.5,155.9,465.6,399.9,573.9,467.6,343.7,277.1,43.2,2.1,2851.3,14.8,729.0,1785.1,322.4
MEGHALAYA,1953,18.0,13.3,227.3,157.4,377.7,405.5,461.9,284.5,451.5,144.0,5.8,13.1,2559.9,31.3,762.4,1603.4,162.9
MEGHALAYA,1954,22.0,45.7,40.6,266.0,490.3,594.3,572.2,427.3,218.8,155.5,2.0,24.5,2859.1,67.7,796.9,1812.6,182.0
MEGHALAYA,1955,9.2,9.5,143.5,210.2,328.8,546.5,567.0,415.8,283.3,149.3,89.6,8.5,2761.2,18.7,682.5,1812.6,247.4
MEGHALAYA,1956,29.8,3.2,121.7,204.8,533.5,712.4,440.3,382.1,171.9,149.3,44.3,9.6,2802.9,33.0,860.0,1706.7,203.2
MEGHALAYA,1957,66.9,33.5,20.1,136.0,449.2,446.0,407.2,366.6,208.7,99.9,12.2,10.7,2257.2,100.4,605.3,1428.5,122.8
MEGHALAYA,1958,18.8,44.2,10.3,192.4,545.2,393.2,361.1,546.9,278.7,212.4,4.6,18.7,2626.4,63.0,747.9,1579.9,235.7
MEGHALAYA,1959,30.8,45.6,109.9,144.1,470.6,517.6,364.2,255.9,286.8,301.7,8.3,0.2,2535.8,76.4,724.6,1424.5,310.2
MEGHALAYA,1960,0.1,11.1,38.7,45.9,315.2,454.8,553.7,349.2,479.4,60.9,29.3,3.9,2342.2,11.2,399.8,1837.1,94.1
MEGHALAYA,1961,11.5,19.7,253.8,123.0,355.8,335.4,352.9,347.4,226.1,128.1,34.8,6.9,2195.3,31.2,732.6,1261.8,169.8
MEGHALAYA,1962,24.9,27.6,17.3,134.7,369.0,601.4,338.8,509.8,137.4,118.2,11.1,5.8,2295.9,52.5,521.0,1587.4,135.1
MEGHALAYA,1963,3.3,7.9,51.1,183.3,288.4,596.0,557.3,432.0,211.7,144.1,29.4,7.2,2511.8,11.2,522.8,1797.0,180.7
MEGHALAYA,1964,9.6,22.6,80.7,268.3,297.4,557.9,600.3,340.4,326.3,205.1,8.3,12.8,2729.6,32.2,646.4,1824.9,226.2
MEGHALAYA,1965,5.1,73.6,52.5,158.2,327.1,501.0,399.6,422.1,304.0,82.4,60.8,12.5,2398.9,78.7,537.8,1626.7,155.7
MEGHALAYA,1966,20.0,23.6,36.1,164.3,323.7,780.5,507.1,518.2,248.1,124.5,31.8,11.4,2789.3,43.6,524.1,2053.9,167.7
MEGHALAYA,1967,11.4,37.3,105.9,112.0,287.5,395.7,497.7,258.9,300.6,97.6,14.5,4.2,2123.4,48.7,505.4,1452.9,116.3
MEGHALAYA,1968,22.9,19.8,78.2,170.8,432.3,595.0,494.1,346.0,231.7,113.8,23.9,2.3,2530.8,42.7,681.3,1666.8,140.0
MEGHALAYA,1969,27.4,1.8,99.7,178.7,254.1,567.2,461.1,446.7,185.4,80.9,27.5,1.8,2332.2,29.2,532.5,1660.4,110.2
MEGHALAYA,1970,47.0,35.8,89.7,204.8,493.4,658.3,475.3,389.2,390.7,246.4,17.8,0.1,3048.4,82.8,787.9,1913.5,264.3
MEGHALAYA,1971,36.9,18.4,37.6,142.9,236.3,437.1,407.9,474.8,231.6,199.5,80.0,12.1,2315.1,55.3,416.8,1551.4,291.6
MEGHALAYA,1972,18.0,39.6,99.3,260.3,339.3,576.2,441.0,271.0,227.1,99.1,2.9,5.3,2379.1,57.6,698.9,1515.3,107.3
MEGHALAYA,1973,9.8,82.8,28.9,252.1,324.5,634.4,364.6,395.0,348.6,128.7,67.4,35.3,2672.1,92.6,605.5,1742.6,231.4
MEGHALAYA,1974,31.6,11.4,78.7,255.8,369.4,627.0,789.3,510.9,429.1,271.0,27.1,2.3,3403.5,43.0,703.9,2356.3,300.4
MEGHALAYA,1975,10.0,22.3,18.8,227.9,321.2,337.6,522.4,314.8,299.1,172.7,18.0,5.8,2270.6,32.3,567.9,1473.9,196.5
MEGHALAYA,1976,5.7,36.3,92.6,139.4,179.5,509.7,390.5,358.5,149.1,67.3,24.3,3.1,1956.0,42.0,411.5,1407.8,94.7
MEGHALAYA,1977,9.1,16.2,74.4,375.1,391.6,405.0,461.3,461.9,176.9,175.7,47.7,21.8,2616.6,25.3,841.1,1505.1,245.2
MEGHALAYA,1978,5.0,8.2,44.3,100.9,253.7,506.6,444.0,255.8,271.8,65.0,55.9,0.6,2011.9,13.2,398.9,1478.2,121.5
MEGHALAYA,1979,3.3,8.7,38.2,93.8,225.6,307.8,640.1,252.4,342.3,216.6,23.4,36.2,2188.5,12.0,357.6,1542.6,276.2
MEGHALAYA,1980,13.1,36.3,96.9,173.2,289.4,389.5,460.0,417.8,269.8,141.6,1.0,0.6,2289.2,49.4,559.5,1537.1,143.2
MEGHALAYA,1981,29.6,30.7,91.0,152.1,251.5,273.1,543.5,340.7,274.5,47.5,9.0,36.1,2079.3,60.3,494.6,1431.8,92.6
MEGHALAYA,1982,1.8,31.1,50.6,254.3,215.5,517.2,539.9,377.2,286.4,62.0,29.9,16.4,2382.2,32.9,520.4,1720.7,108.3
MEGHALAYA,1983,16.4,37.8,90.0,165.9,278.2,362.0,582.9,450.2,449.1,156.7,7.0,24.0,2620.0,54.2,534.1,1844.2,187.7
MEGHALAYA,1984,22.4,7.2,28.6,202.8,416.0,478.5,995.2,360.7,458.0,159.6,5.7,22.2,3157.0,29.6,647.4,2292.4,187.5
MEGHALAYA,1985,8.7,32.3,152.6,268.1,335.0,496.0,714.6,349.4,335.1,74.4,15.8,19.7,2801.6,41.0,755.7,1895.1,109.9
MEGHALAYA,1986,16.4,11.7,28.0,282.8,159.7,404.2,465.0,416.4,441.1,300.5,59.5,7.4,2592.8,28.1,470.5,1726.7,367.4
MEGHALAYA,1987,8.8,27.8,110.4,197.6,199.0,525.8,766.5,433.0,445.4,157.8,37.6,11.9,2921.4,36.6,507.0,2170.7,207.3
MEGHALAYA,1988,7.3,46.1,82.3,157.9,568.6,403.8,644.2,773.4,329.6,168.3,74.3,5.9,3261.7,53.4,808.8,2151.0,248.5
MEGHALAYA,1989,10.5,51.6,30.4,183.4,260.1,488.8,747.0,267.9,425.8,194.1,16.2,6.5,2682.1,62.1,473.9,1929.5,216.8
MEGHALAYA,1990,19.2,46.9,96.7,333.7,304.1,513.8,446.4,348.8,441.1,208.3,7.0,5.2,2771.2,66.1,734.5,1750.1,220.5
MEGHALAYA,1991,13.7,30.2,62.1,175.7,495.8,517.8,440.5,388.2,437.3,226.2,9.4,41.1,2838.0,43.9,733.6,1783.8,276.7
MEGHALAYA,1992,14.7,46.3,62.0,114.5,292.3,450.9,491.4,339.3,296.9,125.0,14.3,12.1,2259.8,61.0,468.8,1578.5,151.4
MEGHALAYA,1993,73.3,96.9,86.1,138.5,374.0,619.5,576.9,477.5,296.0,130.3,8.2,2.0,2879.2,170.2,598.6,1969.9,140.5
MEGHALAYA,1994,26.6,42.5,157.2,161.3,282.0,477.6,308.6,308.7,178.5,147.0,15.9,15.4,2121.3,69.1,600.5,1273.4,178.3
MEGHALAYA,1995,8.7,39.7,42.0,145.7,299.1,663.3,558.4,543.3,404.0,80.7,94.0,7.1,2886.1,48.4,486.8,2169.0,181.8
MEGHALAYA,1996,12.8,23.2,101.6,99.2,415.6,397.7,499.6,421.8,224.4,267.2,3.5,0.2,2466.9,36.0,616.4,1543.5,270.9
MEGHALAYA,1997,18.2,40.7,91.8,131.9,241.8,569.9,511.2,315.5,366.8,36.4,12.6,35.4,2372.2,58.9,465.5,1763.4,84.4
MEGHALAYA,1998,11.8,31.5,136.8,185.7,250.6,581.2,604.4,549.5,212.3,190.0,48.9,0.4,2803.1,43.3,573.1,1947.4,239.3
MEGHALAYA,1999,2.4,0.5,38.7,150.6,466.8,429.0,596.7,487.5,196.9,208.6,14.1,2.3,2594.2,2.9,656.1,1710.1,225.0
MEGHALAYA,2000,20.5,13.7,65.9,238.5,375.1,540.2,313.3,513.2,299.9,83.9,22.2,0.4,2487.0,34.2,679.5,1666.6,106.5
MEGHALAYA,2001,5.5,39.7,30.9,198.6,266.4,399.8,451.1,295.6,266.8,201.4,20.5,2.3,2178.4,45.2,495.9,1413.3,224.2
MEGHALAYA,2002,20.2,5.7,83.3,279.9,286.9,502.5,565.1,312.5,209.7,49.5,69.4,7.9,2392.7,25.9,650.1,1589.8,126.8
MEGHALAYA,2003,9.5,41.5,96.9,213.8,235.8,551.4,481.2,290.7,250.0,231.8,13.0,18.6,2434.1,51.0,546.5,1573.3,263.4
MEGHALAYA,2004,15.3,19.5,72.8,340.8,342.2,397.9,848.4,286.2,317.2,340.8,6.5,6.6,2994.3,34.8,755.8,1849.7,353.9
MEGHALAYA,2005,22.8,30.5,172.2,207.5,281.2,373.9,474.5,501.9,174.9,218.6,8.9,1.3,2468.3,53.3,660.9,1525.2,228.8
MEGHALAYA,2006,0.7,40.9,20.8,169.0,325.7,395.9,350.3,209.7,252.3,97.6,25.1,10.7,1898.6,41.6,515.5,1208.2,133.4
MEGHALAYA,2007,1.5,73.7,23.5,242.7,219.8,489.7,682.7,308.0,494.7,164.7,47.7,4.0,2752.8,75.2,486.0,1975.1,216.4
MEGHALAYA,2008,29.7,14.5,107.5,156.2,210.6,414.6,493.2,508.6,267.5,133.4,2.2,1.6,2339.7,44.2,474.3,1683.9,137.2
MEGHALAYA,2009,7.9,11.6,44.9,134.9,246.5,321.1,426.3,533.8,192.3,135.9,9.0,4.0,2068.2,19.5,426.3,1473.5,148.9
MEGHALAYA,2010,0.5,3.1,99.6,389.3,393.4,569.7,415.1,387.0,318.3,116.2,11.6,7.6,2711.5,3.6,882.3,1690.1,135.4
MEGHALAYA,2011,11.1,11.4,109.0,92.1,238.3,316.0,395.8,302.6,221.6,30.2,11.9,3.5,1743.4,22.5,439.4,1236.0,45.6
MEGHALAYA,2012,15.2,6.9,28.8,279.1,185.8,729.7,444.3,289.2,411.6,199.4,17.1,2.3,2609.4,22.1,493.7,1874.8,218.8
MEGHALAYA,2013,1.1,9.6,44.0,112.8,346.7,286.2,367.8,289.7,229.3,126.3,1.0,2.0,1816.4,10.7,503.5,1173.0,129.3
MEGHALAYA,2014,2.0,28.3,29.3,51.5,351.1,426.4,374.4,484.6,420.2,35.0,3.0,0.4,2206.1,30.3,431.9,1705.6,38.4
MEGHALAYA,2015,13.4,15.5,37.5,250.9,332.5,558.5,300.1,590.9,279.9,62.6,14.0,15.2,2470.9,28.9,620.9,1729.4,91.8
MIZORAM,1901,11.7,18.1,29.4,206.2,124.0,443.3,331.4,466.0,304.1,166.7,67.4,0.0,2168.4,29.8,359.6,1544.8,234.1
MIZORAM,1902,4.8,0.5,36.3,297.8,215.5,480.1,392.4,312.8,318.7,102.4,8.9,4.7,2175.0,5.3,549.6,1504.0,116.0
MIZORAM,1903,6.5,40.5,139.8,45.5,159.9,458.6,300.2,470.6,366.1,166.4,76.7,0.1,2230.7,47.0,345.2,1595.5,243.2
MIZORAM,1904,2.3,46.9,47.5,290.3,230.5,455.3,423.5,423.6,375.8,128.9,90.0,5.0,2519.8,49.2,568.3,1678.2,223.9
MIZORAM,1905,9.1,35.3,306.5,161.7,193.6,339.7,450.1,429.9,320.1,246.4,8.0,27.1,2527.6,44.4,661.8,1539.8,281.5
MIZORAM,1906,7.0,71.5,72.5,99.0,302.7,417.4,475.2,439.2,439.1,142.8,44.9,3.2,2514.4,78.5,474.2,1770.9,190.9
MIZORAM,1907,39.1,30.4,92.8,189.1,156.0,414.1,400.9,291.4,336.1,114.6,3.9,53.4,2121.7,69.5,437.9,1442.5,171.9
MIZORAM,1908,26.4,15.0,4.3,141.1,252.1,360.0,531.5,371.9,317.8,192.6,106.5,0.0,2319.3,41.4,397.5,1581.2,299.1
MIZORAM,1909,6.0,4.7,3.1,201.8,235.1,415.3,348.9,540.0,245.8,167.7,71.4,69.0,2308.7,10.7,440.0,1550.0,308.1
MIZORAM,1910,26.0,10.9,30.7,138.4,228.0,444.8,405.0,439.8,336.2,196.0,12.3,0.0,2267.9,36.9,397.1,1625.8,208.3
MIZORAM,1911,47.3,11.9,102.2,141.3,331.3,444.9,471.5,397.9,287.8,226.0,17.4,0.3,2479.8,59.2,574.8,1602.1,243.7
MIZORAM,1912,1.0,36.7,127.8,305.9,222.5,344.7,392.6,394.8,262.8,179.1,34.9,6.1,2308.8,37.7,656.2,1394.9,220.1
MIZORAM,1913,4.3,63.4,109.9,138.1,264.1,559.1,509.2,426.7,222.1,202.9,83.6,29.7,2613.2,67.7,512.1,1717.1,316.2
MIZORAM,1914,5.0,93.3,129.7,255.9,276.5,342.6,437.4,501.5,262.0,106.0,13.8,105.4,2529.2,98.3,662.1,1543.5,225.2
MIZORAM,1915,13.9,35.5,89.4,198.9,448.9,465.2,478.0,510.5,310.4,231.1,37.7,0.4,2819.9,49.4,737.2,1764.1,269.2
MIZORAM,1916,13.2,17.5,37.3,212.5,131.8,363.8,491.4,419.3,388.5,417.5,55.0,7.1,2555.0,30.7,381.6,1663.0,479.6
MIZORAM,1917,1.3,81.8,25.6,289.1,121.7,356.6,387.3,375.8,371.7,147.9,63.3,0.1,2222.2,83.1,436.4,1491.4,211.3
MIZORAM,1918,3.8,6.1,138.6,224.8,361.9,573.8,638.5,569.3,363.9,75.7,52.3,4.5,3013.3,9.9,725.3,2145.5,132.5
MIZORAM,1919,17.5,18.1,17.3,151.1,132.7,358.4,403.5,372.9,375.0,111.1,84.8,5.7,2047.9,35.6,301.1,1509.8,201.6
MIZORAM,1920,5.1,56.8,272.7,143.7,167.9,363.3,443.6,449.6,326.2,137.0,7.1,2.7,2375.8,61.9,584.3,1582.7,146.8
MIZORAM,1921,46.9,24.1,179.2,178.2,271.3,443.8,387.8,382.4,430.7,286.7,4.7,2.4,2638.2,71.0,628.7,1644.7,293.8
MIZORAM,1922,8.5,4.5,17.3,119.3,182.1,569.1,479.6,536.6,330.9,170.8,38.2,5.8,2462.6,13.0,318.7,1916.2,214.8
MIZORAM,1923,0.0,64.9,13.5,216.2,296.1,506.2,411.9,488.5,374.9,210.9,93.7,8.7,2685.5,64.9,525.8,1781.5,313.3
MIZORAM,1924,3.7,45.2,14.1,170.9,295.1,478.6,462.7,482.2,356.2,179.2,213.7,0.1,2701.7,48.9,480.1,1779.7,393.0
MIZORAM,1925,43.0,36.4,35.0,195.6,385.5,362.4,461.4,440.3,280.1,170.7,37.0,0.0,2447.5,79.4,616.1,1544.2,207.7
MIZORAM,1926,24.0,70.1,155.5,177.1,229.7,361.1,477.6,441.7,287.3,155.6,36.4,47.1,2463.2,94.1,562.3,1567.7,239.1
MIZORAM,1927,41.4,103.5,56.3,360.4,245.2,363.8,498.4,456.6,533.9,178.4,48.6,0.8,2887.5,144.9,661.9,1852.7,227.8
MIZORAM,1928,4.3,28.5,52.3,65.3,309.0,463.2,397.7,468.3,392.8,272.5,18.4,0.1,2472.4,32.8,426.6,1722.0,291.0
MIZORAM,1929,38.3,7.7,48.0,242.7,433.0,859.1,385.0,371.4,314.8,121.7,11.3,26.4,2859.4,46.0,723.7,1930.3,159.4
MIZORAM,1930,22.6,53.6,107.5,161.0,223.1,506.6,438.2,385.6,256.7,100.8,230.7,1.0,2487.4,76.2,491.6,1587.1,332.5
MIZORAM,1931,2.7,53.0,59.6,109.9,360.6,388.8,520.0,300.4,364.1,209.9,69.2,23.0,2461.1,55.7,530.1,1573.3,302.1
MIZORAM,1932,6.1,69.7,99.1,162.2,323.6,600.7,491.2,402.4,376.2,80.4,145.9,4.3,2761.7,75.8,584.9,1870.5,230.6
MIZORAM,1933,2.5,19.7,34.3,167.0,298.4,463.4,476.3,603.5,259.6,113.4,9.6,4.1,2451.8,22.2,499.7,1802.8,127.1
MIZORAM,1934,16.0,135.1,57.1,191.1,313.2,567.2,618.6,368.3,336.4,227.7,197.3,12.8,3040.8,151.1,561.4,1890.5,437.8
MIZORAM,1935,0.6,48.3,43.7,173.3,171.2,547.1,506.4,553.5,339.1,124.8,33.1,2.2,2543.3,48.9,388.2,1946.1,160.1
MIZORAM,1936,19.3,73.1,104.6,227.5,489.5,418.3,529.7,507.6,309.4,202.6,22.6,13.0,2917.1,92.4,821.6,1765.0,238.2
MIZORAM,1937,0.1,60.0,37.3,85.4,337.1,528.9,490.1,614.8,291.0,207.1,17.9,72.0,2741.6,60.1,459.8,1924.8,297.0
MIZORAM,1938,29.2,29.2,133.8,153.6,429.0,494.6,413.6,491.4,441.7,243.9,111.7,0.0,2971.6,58.4,716.4,1841.3,355.6
MIZORAM,1939,2.6,59.3,34.5,203.7,274.4,449.6,638.8,333.9,380.8,198.8,30.0,2.0,2608.3,61.9,512.6,1803.1,230.8
MIZORAM,1940,0.3,74.6,230.9,35.5,325.6,496.2,458.2,345.7,373.3,131.6,31.4,23.6,2526.7,74.9,592.0,1673.4,186.6
MIZORAM,1941,14.1,63.1,34.1,256.6,563.1,689.4,489.5,372.6,288.2,143.3,44.2,7.9,2966.2,77.2,853.8,1839.7,195.4
MIZORAM,1942,6.0,15.7,78.7,250.4,305.3,528.7,403.3,461.8,420.8,65.4,143.2,1.5,2680.9,21.7,634.4,1814.6,210.1
MIZORAM,1943,68.4,28.8,131.3,143.7,210.3,496.1,422.5,485.2,354.9,84.0,2.2,0.6,2427.9,97.2,485.3,1758.7,86.8
MIZORAM,1944,91.4,20.2,69.7,128.6,321.8,670.5,527.9,440.7,490.8,110.5,4.4,0.7,2877.3,111.6,520.1,2129.9,115.6
MIZORAM,1945,68.7,60.9,67.7,170.4,354.2,595.3,573.9,509.7,378.8,205.6,13.3,53.3,3051.9,129.6,592.3,2057.7,272.2
MIZORAM,1946,0.0,19.1,189.3,237.5,352.4,517.5,647.7,397.9,305.1,311.4,7.7,50.5,3036.2,19.1,779.2,1868.2,369.6
MIZORAM,1947,3.0,4.3,44.3,176.0,374.4,723.9,640.5,491.1,415.6,306.0,1.7,29.7,3210.2,7.3,594.7,2271.1,337.4
MIZORAM,1948,5.5,65.1,54.3,206.5,468.4,410.3,500.1,472.5,424.2,140.0,71.4,3.7,2822.1,70.6,729.2,1807.1,215.1
MIZORAM,1949,8.1,12.6,67.4,370.2,419.6,562.8,507.7,416.9,427.5,177.3,4.2,2.0,2976.3,20.7,857.2,1914.9,183.5
MIZORAM,1950,12.3,59.7,79.1,87.8,207.4,407.4,449.4,535.3,255.4,237.5,82.9,8.7,2423.0,72.0,374.3,1647.5,329.1
MIZORAM,1951,3.9,0.2,62.4,360.1,233.7,495.0,436.2,440.5,191.1,310.6,54.9,20.8,2609.3,4.1,656.2,1562.8,386.3
MIZORAM,1952,9.6,6.5,97.1,208.2,345.9,442.6,556.8,422.8,320.5,323.6,76.2,1.1,2810.9,16.1,651.2,1742.7,400.9
MIZORAM,1953,7.4,16.5,98.4,90.0,453.5,570.9,387.0,424.3,443.8,136.2,25.0,8.7,2661.6,23.9,641.9,1826.0,169.9
MIZORAM,1954,12.8,52.4,37.7,165.3,300.2,619.8,491.4,558.3,361.7,294.2,2.4,8.8,2905.1,65.2,503.2,2031.2,305.4
MIZORAM,1955,6.2,5.7,161.3,213.6,280.6,461.4,559.2,514.7,253.8,183.5,220.2,5.1,2865.0,11.9,655.5,1789.1,408.8
MIZORAM,1956,18.3,1.3,102.2,115.5,474.0,758.9,529.8,469.6,257.5,187.1,101.1,7.4,3022.7,19.6,691.7,2015.8,295.6
MIZORAM,1957,59.1,60.6,10.2,104.8,300.1,409.1,425.7,429.1,354.4,148.3,0.8,1.7,2303.9,119.7,415.1,1618.3,150.8
MIZORAM,1958,6.2,87.2,18.3,93.7,400.6,256.4,308.3,254.8,299.5,238.5,2.3,2.7,1968.6,93.4,512.6,1119.0,243.5
MIZORAM,1959,39.9,77.7,148.0,74.0,260.0,378.5,396.3,357.3,239.1,352.8,0.1,3.9,2327.6,117.6,482.0,1371.2,356.8
MIZORAM,1960,0.0,6.1,24.9,34.2,193.8,406.4,374.9,286.6,255.6,165.9,51.3,0.3,1799.9,6.1,252.9,1323.5,217.5
MIZORAM,1961,9.5,37.5,193.3,76.9,212.1,332.5,316.5,342.8,258.8,96.1,24.4,0.8,1901.2,47.0,482.3,1250.6,121.3
MIZORAM,1962,11.2,26.6,5.4,139.8,156.6,554.6,298.8,356.6,142.5,130.4,0.0,0.0,1822.5,37.8,301.8,1352.5,130.4
MIZORAM,1963,0.0,4.6,50.7,179.3,278.5,687.9,510.3,383.0,494.6,373.4,6.5,1.2,2970.0,4.6,508.5,2075.8,381.1
MIZORAM,1964,4.0,37.1,67.9,280.6,303.2,357.8,484.4,242.0,213.3,284.7,46.3,7.5,2328.7,41.1,651.7,1297.5,338.5
MIZORAM,1965,1.9,61.5,35.9,59.4,169.5,520.5,373.4,323.0,262.2,164.1,22.6,37.0,2031.0,63.4,264.8,1479.1,223.7
MIZORAM,1966,15.0,2.7,39.8,85.3,190.3,666.8,399.3,405.0,361.5,207.0,40.9,65.1,2478.6,17.7,315.4,1832.6,313.0
MIZORAM,1967,51.5,33.6,129.5,195.8,247.8,311.7,388.0,334.0,341.3,184.8,10.9,1.1,2229.9,85.1,573.1,1375.0,196.8
MIZORAM,1968,17.3,20.9,80.9,142.2,253.8,396.1,531.9,391.0,178.3,68.9,28.7,0.0,2110.0,38.2,476.9,1497.3,97.6
MIZORAM,1969,20.1,2.4,124.6,189.8,73.5,606.6,868.3,1347.2,228.1,126.3,23.2,0.0,3610.0,22.5,387.9,3050.2,149.5
MIZORAM,1970,45.8,306.3,103.6,160.1,315.9,541.7,976.7,836.7,486.2,425.6,116.7,1.0,4316.2,352.1,579.6,2841.3,543.3
MIZORAM,1971,28.4,67.6,12.4,312.6,248.0,543.2,624.0,553.1,421.2,171.3,94.6,4.5,3080.7,96.0,573.0,2141.5,270.4
MIZORAM,1972,4.5,46.3,32.8,145.0,169.1,235.6,262.7,270.8,129.6,45.0,12.5,0.0,1353.8,50.8,346.9,898.7,57.5
MIZORAM,1973,16.8,46.0,29.3,135.3,329.0,367.2,260.0,323.9,232.7,159.7,162.6,43.6,2105.8,62.8,493.6,1183.8,365.9
MIZORAM,1974,8.9,2.4,98.7,160.7,218.8,438.1,517.3,361.5,273.4,167.8,81.8,0.2,2329.6,11.3,478.2,1590.3,249.8
MIZORAM,1975,1.2,24.5,17.5,164.2,243.7,348.8,526.6,252.9,278.9,205.1,146.1,0.3,2209.7,25.7,425.4,1407.2,351.5
MIZORAM,1976,3.3,51.3,113.7,187.8,287.1,861.1,507.8,365.0,175.1,64.8,34.2,0.1,2651.4,54.6,588.6,1909.0,99.1
MIZORAM,1977,14.2,34.9,27.7,383.8,303.7,452.0,389.1,355.8,193.0,149.6,38.2,16.6,2358.5,49.1,715.2,1389.9,204.4
MIZORAM,1978,0.7,4.0,51.6,147.5,449.4,496.7,357.8,277.0,273.9,70.4,21.6,0.0,2150.8,4.7,648.5,1405.4,92.0
MIZORAM,1979,1.3,8.3,72.9,55.4,158.8,361.8,370.0,309.7,272.9,57.9,47.1,33.1,1749.2,9.6,287.1,1314.4,138.1
MIZORAM,1980,7.2,42.4,101.6,145.7,461.5,373.3,327.4,312.1,364.4,168.5,0.1,0.7,2305.0,49.6,708.8,1377.2,169.3
MIZORAM,1981,26.6,26.3,105.5,268.0,377.5,223.2,448.1,329.7,213.2,33.1,11.5,9.6,2072.2,52.9,751.0,1214.2,54.2
MIZORAM,1982,0.1,54.8,73.8,224.6,103.3,371.9,373.6,466.3,284.5,32.8,38.1,3.7,2027.5,54.9,401.7,1496.3,74.6
MIZORAM,1983,19.2,49.3,244.9,303.8,402.4,380.9,329.7,392.8,239.7,189.0,6.2,30.2,2588.0,68.5,951.1,1343.1,225.4
MIZORAM,1984,17.4,1.8,5.1,121.1,743.0,514.6,255.3,387.2,250.2,120.4,9.1,28.8,2454.0,19.2,869.2,1407.3,158.3
MIZORAM,1985,6.4,36.2,87.1,162.8,377.6,507.5,275.5,301.9,279.4,52.3,8.7,9.9,2105.3,42.6,627.5,1364.3,70.9
MIZORAM,1986,8.8,7.3,17.7,263.4,153.0,325.5,376.9,364.6,355.8,311.7,131.2,26.3,2342.3,16.1,434.1,1422.8,469.2
MIZORAM,1987,7.7,13.1,68.9,195.0,144.9,420.8,447.2,422.7,388.6,172.2,74.0,6.1,2361.3,20.8,408.8,1679.3,252.3
MIZORAM,1988,0.4,33.6,83.5,141.9,470.2,466.4,540.0,407.4,298.6,298.6,75.3,4.3,2820.2,34.0,695.6,1712.4,378.2
MIZORAM,1989,0.7,27.1,17.2,139.1,206.9,367.1,470.6,393.6,376.3,352.9,5.3,2.3,2359.0,27.8,363.2,1607.6,360.5
MIZORAM,1990,0.2,32.5,197.6,274.9,314.6,380.0,387.9,344.7,339.4,168.2,99.3,42.9,2582.3,32.7,787.1,1452.0,310.4
MIZORAM,1991,27.5,41.9,64.1,253.5,619.4,456.6,297.3,326.0,387.3,291.4,28.0,58.9,2851.9,69.4,937.0,1467.2,378.3
MIZORAM,1992,4.4,67.1,23.3,95.7,250.2,343.8,439.1,397.2,323.6,243.2,25.4,8.5,2221.4,71.5,369.2,1503.7,277.1
MIZORAM,1993,11.1,139.3,92.8,155.4,499.4,539.6,530.9,428.9,302.9,165.4,16.0,0.0,2881.7,150.4,747.6,1802.3,181.4
MIZORAM,1994,9.5,30.1,219.3,134.7,130.7,256.2,305.7,335.7,161.6,102.0,27.0,0.0,1712.5,39.6,484.7,1059.2,129.0
MIZORAM,1995,5.4,36.5,52.0,68.7,254.5,425.8,403.6,495.9,312.5,129.7,155.3,0.2,2340.2,41.9,375.2,1637.8,285.2
MIZORAM,1996,8.1,30.0,153.9,97.3,284.2,314.0,395.1,363.5,341.3,179.7,18.8,8.7,2194.5,38.1,535.4,1413.9,207.2
MIZORAM,1997,11.3,23.7,134.4,112.0,255.0,334.0,598.5,273.9,361.6,48.6,17.8,41.3,2212.0,35.0,501.4,1568.0,107.7
MIZORAM,1998,28.1,31.6,136.4,164.6,352.2,297.6,480.6,367.3,222.3,97.9,46.5,0.3,2225.4,59.7,653.2,1367.8,144.7
MIZORAM,1999,2.2,0.0,33.5,26.3,397.5,358.4,422.7,391.3,338.5,227.7,16.5,18.3,2233.0,2.2,457.3,1510.9,262.5
MIZORAM,2000,22.5,26.1,129.1,214.2,403.6,325.4,269.2,465.0,298.3,185.2,24.2,1.1,2363.9,48.6,746.9,1357.9,210.5
MIZORAM,2001,1.5,46.9,38.8,83.6,313.8,478.0,322.6,263.0,269.0,266.4,65.4,0.2,2149.0,48.4,436.2,1332.6,332.0
MIZORAM,2002,18.6,3.9,62.7,143.8,438.7,351.6,462.2,358.4,225.7,98.9,71.9,6.0,2242.3,22.5,645.2,1397.9,176.8
MIZORAM,2003,3.8,11.5,78.0,158.9,265.6,590.9,262.4,281.7,288.4,175.1,5.1,40.9,2162.2,15.3,502.5,1423.4,221.1
MIZORAM,2004,4.8,2.7,11.0,341.5,211.0,449.2,558.6,284.3,351.0,132.7,6.4,0.5,2353.7,7.5,563.5,1643.1,139.6
MIZORAM,2005,6.4,15.0,118.6,98.1,237.0,212.3,301.5,334.8,292.6,194.3,15.6,10.5,1836.7,21.4,453.7,1141.2,220.4
MIZORAM,2006,0.6,12.4,5.5,111.1,382.2,445.6,335.0,241.6,231.1,90.4,13.0,3.7,1872.0,13.0,498.8,1253.3,107.1
MIZORAM,2007,7.9,54.7,28.7,220.4,276.7,446.3,430.0,373.8,426.6,180.5,82.6,10.1,2538.2,62.6,525.8,1676.7,273.2
MIZORAM,2008,30.7,13.8,49.6,54.9,200.8,327.4,333.3,358.6,223.7,150.2,4.7,1.2,1748.9,44.5,305.3,1243.0,156.1
MIZORAM,2009,0.0,3.2,27.5,93.1,209.5,271.9,295.8,380.9,271.3,158.2,26.1,0.2,1737.7,3.2,330.1,1219.9,184.5
MIZORAM,2010,1.0,7.9,85.8,161.5,294.0,411.6,367.5,393.2,309.8,220.2,9.2,33.5,2295.2,8.9,541.3,1482.1,262.9
MIZORAM,2011,12.6,3.6,51.4,81.1,334.9,374.2,313.3,367.6,258.3,92.6,2.4,0.2,1892.1,16.2,467.4,1313.4,95.2
MIZORAM,2012,24.5,10.2,20.3,243.5,163.5,396.2,280.1,342.7,248.7,160.9,32.0,0.4,1922.9,34.7,427.3,1267.7,193.3
MIZORAM,2013,0.2,5.7,19.7,60.3,348.9,206.6,255.9,291.3,241.4,125.6,0.3,1.2,1557.2,5.9,428.9,995.2,127.1
MIZORAM,2014,1.2,21.0,25.4,49.6,192.5,268.3,295.7,372.3,300.9,69.6,3.3,0.1,1599.9,22.2,267.5,1237.2,73.0
MIZORAM,2015,14.4,14.2,21.6,253.5,198.3,283.9,413.6,334.2,255.9,118.7,3.9,10.0,1922.4,28.6,473.4,1287.6,132.6
NAGALAND,1901,11.7,18.1,29.4,206.2,124.0,443.3,331.4,466.0,304.1,166.7,67.4,0.0,2168.4,29.8,359.6,1544.8,234.1
NAGALAND,1902,4.8,0.5,36.3,297.8,215.5,480.1,392.4,312.8,318.7,102.4,8.9,4.7,2175.0,5.3,549.6,1504.0,116.0
NAGALAND,1903,6.5,40.5,139.8,45.5,159.9,458.6,300.2,470.6,366.1,166.4,76.7,0.1,2230.7,47.0,345.2,1595.5,243.2
NAGALAND,1904,2.3,46.9,47.5,290.3,230.5,455.3,423.5,423.6,375.8,128.9,90.0,5.0,2519.8,49.2,568.3,1678.2,223.9
NAGALAND,1905,9.1,35.3,306.5,161.7,193.6,339.7,450.1,429.9,320.1,246.4,8.0,27.1,2527.6,44.4,661.8,1539.8,281.5
NAGALAND,1906,7.0,71.5,72.5,99.0,302.7,417.4,475.2,439.2,439.1,142.8,44.9,3.2,2514.4,78.5,474.2,1770.9,190.9
NAGALAND,1907,39.1,30.4,92.8,189.1,156.0,414.1,400.9,291.4,336.1,114.6,3.9,53.4,2121.7,69.5,437.9,1442.5,171.9
NAGALAND,1908,26.4,15.0,4.3,141.1,252.1,360.0,531.5,371.9,317.8,192.6,106.5,0.0,2319.3,41.4,397.5,1581.2,299.1
NAGALAND,1909,6.0,4.7,3.1,201.8,235.1,415.3,348.9,540.0,245.8,167.7,71.4,69.0,2308.7,10.7,440.0,1550.0,308.1
NAGALAND,1910,26.0,10.9,30.7,138.4,228.0,444.8,405.0,439.8,336.2,196.0,12.3,0.0,2267.9,36.9,397.1,1625.8,208.3
NAGALAND,1911,47.3,11.9,102.2,141.3,331.3,444.9,471.5,397.9,287.8,226.0,17.4,0.3,2479.8,59.2,574.8,1602.1,243.7
NAGALAND,1912,1.0,36.7,127.8,305.9,222.5,344.7,392.6,394.8,262.8,179.1,34.9,6.1,2308.8,37.7,656.2,1394.9,220.1
NAGALAND,1913,4.3,63.4,109.9,138.1,264.1,559.1,509.2,426.7,222.1,202.9,83.6,29.7,2613.2,67.7,512.1,1717.1,316.2
NAGALAND,1914,5.0,93.3,129.7,255.9,276.5,342.6,437.4,501.5,262.0,106.0,13.8,105.4,2529.2,98.3,662.1,1543.5,225.2
NAGALAND,1915,13.9,35.5,89.4,198.9,448.9,465.2,478.0,510.5,310.4,231.1,37.7,0.4,2819.9,49.4,737.2,1764.1,269.2
NAGALAND,1916,13.2,17.5,37.3,212.5,131.8,363.8,491.4,419.3,388.5,417.5,55.0,7.1,2555.0,30.7,381.6,1663.0,479.6
NAGALAND,1917,1.3,81.8,25.6,289.1,121.7,356.6,387.3,375.8,371.7,147.9,63.3,0.1,2222.2,83.1,436.4,1491.4,211.3
NAGALAND,1918,3.8,6.1,138.6,224.8,361.9,573.8,638.5,569.3,363.9,75.7,52.3,4.5,3013.3,9.9,725.3,2145.5,132.5
NAGALAND,1919,17.5,18.1,17.3,151.1,132.7,358.4,403.5,372.9,375.0,111.1,84.8,5.7,2047.9,35.6,301.1,1509.8,201.6
NAGALAND,1920,5.1,56.8,272.7,143.7,167.9,363.3,443.6,449.6,326.2,137.0,7.1,2.7,2375.8,61.9,584.3,1582.7,146.8
NAGALAND,1921,46.9,24.1,179.2,178.2,271.3,443.8,387.8,382.4,430.7,286.7,4.7,2.4,2638.2,71.0,628.7,1644.7,293.8
NAGALAND,1922,8.5,4.5,17.3,119.3,182.1,569.1,479.6,536.6,330.9,170.8,38.2,5.8,2462.6,13.0,318.7,1916.2,214.8
NAGALAND,1923,0.0,64.9,13.5,216.2,296.1,506.2,411.9,488.5,374.9,210.9,93.7,8.7,2685.5,64.9,525.8,1781.5,313.3
NAGALAND,1924,3.7,45.2,14.1,170.9,295.1,478.6,462.7,482.2,356.2,179.2,213.7,0.1,2701.7,48.9,480.1,1779.7,393.0
NAGALAND,1925,43.0,36.4,35.0,195.6,385.5,362.4,461.4,440.3,280.1,170.7,37.0,0.0,2447.5,79.4,616.1,1544.2,207.7
NAGALAND,1926,24.0,70.1,155.5,177.1,229.7,361.1,477.6,441.7,287.3,155.6,36.4,47.1,2463.2,94.1,562.3,1567.7,239.1
NAGALAND,1927,41.4,103.5,56.3,360.4,245.2,363.8,498.4,456.6,533.9,178.4,48.6,0.8,2887.5,144.9,661.9,1852.7,227.8
NAGALAND,1928,4.3,28.5,52.3,65.3,309.0,463.2,397.7,468.3,392.8,272.5,18.4,0.1,2472.4,32.8,426.6,1722.0,291.0
NAGALAND,1929,38.3,7.7,48.0,242.7,433.0,859.1,385.0,371.4,314.8,121.7,11.3,26.4,2859.4,46.0,723.7,1930.3,159.4
NAGALAND,1930,22.6,53.6,107.5,161.0,223.1,506.6,438.2,385.6,256.7,100.8,230.7,1.0,2487.4,76.2,491.6,1587.1,332.5
NAGALAND,1931,2.7,53.0,59.6,109.9,360.6,388.8,520.0,300.4,364.1,209.9,69.2,23.0,2461.1,55.7,530.1,1573.3,302.1
NAGALAND,1932,6.1,69.7,99.1,162.2,323.6,600.7,491.2,402.4,376.2,80.4,145.9,4.3,2761.7,75.8,584.9,1870.5,230.6
NAGALAND,1933,2.5,19.7,34.3,167.0,298.4,463.4,476.3,603.5,259.6,113.4,9.6,4.1,2451.8,22.2,499.7,1802.8,127.1
NAGALAND,1934,16.0,135.1,57.1,191.1,313.2,567.2,618.6,368.3,336.4,227.7,197.3,12.8,3040.8,151.1,561.4,1890.5,437.8
NAGALAND,1935,0.6,48.3,43.7,173.3,171.2,547.1,506.4,553.5,339.1,124.8,33.1,2.2,2543.3,48.9,388.2,1946.1,160.1
NAGALAND,1936,19.3,73.1,104.6,227.5,489.5,418.3,529.7,507.6,309.4,202.6,22.6,13.0,2917.1,92.4,821.6,1765.0,238.2
NAGALAND,1937,0.1,60.0,37.3,85.4,337.1,528.9,490.1,614.8,291.0,207.1,17.9,72.0,2741.6,60.1,459.8,1924.8,297.0
NAGALAND,1938,29.2,29.2,133.8,153.6,429.0,494.6,413.6,491.4,441.7,243.9,111.7,0.0,2971.6,58.4,716.4,1841.3,355.6
NAGALAND,1939,2.6,59.3,34.5,203.7,274.4,449.6,638.8,333.9,380.8,198.8,30.0,2.0,2608.3,61.9,512.6,1803.1,230.8
NAGALAND,1940,0.3,74.6,230.9,35.5,325.6,496.2,458.2,345.7,373.3,131.6,31.4,23.6,2526.7,74.9,592.0,1673.4,186.6
NAGALAND,1941,14.1,63.1,34.1,256.6,563.1,689.4,489.5,372.6,288.2,143.3,44.2,7.9,2966.2,77.2,853.8,1839.7,195.4
NAGALAND,1942,6.0,15.7,78.7,250.4,305.3,528.7,403.3,461.8,420.8,65.4,143.2,1.5,2680.9,21.7,634.4,1814.6,210.1
NAGALAND,1943,68.4,28.8,131.3,143.7,210.3,496.1,422.5,485.2,354.9,84.0,2.2,0.6,2427.9,97.2,485.3,1758.7,86.8
NAGALAND,1944,91.4,20.2,69.7,128.6,321.8,670.5,527.9,440.7,490.8,110.5,4.4,0.7,2877.3,111.6,520.1,2129.9,115.6
NAGALAND,1945,68.7,60.9,67.7,170.4,354.2,595.3,573.9,509.7,378.8,205.6,13.3,53.3,3051.9,129.6,592.3,2057.7,272.2
NAGALAND,1946,0.0,19.1,189.3,237.5,352.4,517.5,647.7,397.9,305.1,311.4,7.7,50.5,3036.2,19.1,779.2,1868.2,369.6
NAGALAND,1947,3.0,4.3,44.3,176.0,374.4,723.9,640.5,491.1,415.6,306.0,1.7,29.7,3210.2,7.3,594.7,2271.1,337.4
NAGALAND,1948,5.5,65.1,54.3,206.5,468.4,410.3,500.1,472.5,424.2,140.0,71.4,3.7,2822.1,70.6,729.2,1807.1,215.1
NAGALAND,1949,8.1,12.6,67.4,370.2,419.6,562.8,507.7,416.9,427.5,177.3,4.2,2.0,2976.3,20.7,857.2,1914.9,183.5
NAGALAND,1950,12.3,59.7,79.1,87.8,207.4,407.4,449.4,535.3,255.4,237.5,82.9,8.7,2423.0,72.0,374.3,1647.5,329.1
NAGALAND,1951,3.9,0.2,62.4,360.1,233.7,495.0,436.2,440.5,191.1,310.6,54.9,20.8,2609.3,4.1,656.2,1562.8,386.3
NAGALAND,1952,9.6,6.5,97.1,208.2,345.9,442.6,556.8,422.8,320.5,323.6,76.2,1.1,2810.9,16.1,651.2,1742.7,400.9
NAGALAND,1953,7.4,16.5,98.4,90.0,453.5,570.9,387.0,424.3,443.8,136.2,25.0,8.7,2661.6,23.9,641.9,1826.0,169.9
NAGALAND,1954,12.8,52.4,37.7,165.3,300.2,619.8,491.4,558.3,361.7,294.2,2.4,8.8,2905.1,65.2,503.2,2031.2,305.4
NAGALAND,1955,6.2,5.7,161.3,213.6,280.6,461.4,559.2,514.7,253.8,183.5,220.2,5.1,2865.0,11.9,655.5,1789.1,408.8
NAGALAND,1956,18.3,1.3,102.2,115.5,474.0,758.9,529.8,469.6,257.5,187.1,101.1,7.4,3022.7,19.6,691.7,2015.8,295.6
NAGALAND,1957,59.1,60.6,10.2,104.8,300.1,409.1,425.7,429.1,354.4,148.3,0.8,1.7,2303.9,119.7,415.1,1618.3,150.8
NAGALAND,1958,6.2,87.2,18.3,93.7,400.6,256.4,308.3,254.8,299.5,238.5,2.3,2.7,1968.6,93.4,512.6,1119.0,243.5
NAGALAND,1959,39.9,77.7,148.0,74.0,260.0,378.5,396.3,357.3,239.1,352.8,0.1,3.9,2327.6,117.6,482.0,1371.2,356.8
NAGALAND,1960,0.0,6.1,24.9,34.2,193.8,406.4,374.9,286.6,255.6,165.9,51.3,0.3,1799.9,6.1,252.9,1323.5,217.5
NAGALAND,1961,9.5,37.5,193.3,76.9,212.1,332.5,316.5,342.8,258.8,96.1,24.4,0.8,1901.2,47.0,482.3,1250.6,121.3
NAGALAND,1962,11.2,26.6,5.4,139.8,156.6,554.6,298.8,356.6,142.5,130.4,0.0,0.0,1822.5,37.8,301.8,1352.5,130.4
NAGALAND,1963,0.0,4.6,50.7,179.3,278.5,687.9,510.3,383.0,494.6,373.4,6.5,1.2,2970.0,4.6,508.5,2075.8,381.1
NAGALAND,1964,4.0,37.1,67.9,280.6,303.2,357.8,484.4,242.0,213.3,284.7,46.3,7.5,2328.7,41.1,651.7,1297.5,338.5
NAGALAND,1965,1.9,61.5,35.9,59.4,169.5,520.5,373.4,323.0,262.2,164.1,22.6,37.0,2031.0,63.4,264.8,1479.1,223.7
NAGALAND,1966,15.0,2.7,39.8,85.3,190.3,666.8,399.3,405.0,361.5,207.0,40.9,65.1,2478.6,17.7,315.4,1832.6,313.0
NAGALAND,1967,51.5,33.6,129.5,195.8,247.8,311.7,388.0,334.0,341.3,184.8,10.9,1.1,2229.9,85.1,573.1,1375.0,196.8
NAGALAND,1968,17.3,20.9,80.9,142.2,253.8,396.1,531.9,391.0,178.3,68.9,28.7,0.0,2110.0,38.2,476.9,1497.3,97.6
NAGALAND,1969,20.1,2.4,124.6,189.8,73.5,606.6,868.3,1347.2,228.1,126.3,23.2,0.0,3610.0,22.5,387.9,3050.2,149.5
NAGALAND,1970,45.8,306.3,103.6,160.1,315.9,541.7,976.7,836.7,486.2,425.6,116.7,1.0,4316.2,352.1,579.6,2841.3,543.3
NAGALAND,1971,28.4,67.6,12.4,312.6,248.0,543.2,624.0,553.1,421.2,171.3,94.6,4.5,3080.7,96.0,573.0,2141.5,270.4
NAGALAND,1972,4.5,46.3,32.8,145.0,169.1,235.6,262.7,270.8,129.6,45.0,12.5,0.0,1353.8,50.8,346.9,898.7,57.5
NAGALAND,1973,16.8,46.0,29.3,135.3,329.0,367.2,260.0,323.9,232.7,159.7,162.6,43.6,2105.8,62.8,493.6,1183.8,365.9
NAGALAND,1974,8.9,2.4,98.7,160.7,218.8,438.1,517.3,361.5,273.4,167.8,81.8,0.2,2329.6,11.3,478.2,1590.3,249.8
NAGALAND,1975,1.2,24.5,17.5,164.2,243.7,348.8,526.6,252.9,278.9,205.1,146.1,0.3,2209.7,25.7,425.4,1407.2,351.5
NAGALAND,1976,3.3,51.3,113.7,187.8,287.1,861.1,507.8,365.0,175.1,64.8,34.2,0.1,2651.4,54.6,588.6,1909.0,99.1
NAGALAND,1977,14.2,34.9,27.7,383.8,303.7,452.0,389.1,355.8,193.0,149.6,38.2,16.6,2358.5,49.1,715.2,1389.9,204.4
NAGALAND,1978,0.7,4.0,51.6,147.5,449.4,496.7,357.8,277.0,273.9,70.4,21.6,0.0,2150.8,4.7,648.5,1405.4,92.0
NAGALAND,1979,1.3,8.3,72.9,55.4,158.8,361.8,370.0,309.7,272.9,57.9,47.1,33.1,1749.2,9.6,287.1,1314.4,138.1
NAGALAND,1980,7.2,42.4,101.6,145.7,461.5,373.3,327.4,312.1,364.4,168.5,0.1,0.7,2305.0,49.6,708.8,1377.2,169.3
NAGALAND,1981,26.6,26.3,105.5,268.0,377.5,223.2,448.1,329.7,213.2,33.1,11.5,9.6,2072.2,52.9,751.0,1214.2,54.2
NAGALAND,1982,0.1,54.8,73.8,224.6,103.3,371.9,373.6,466.3,284.5,32.8,38.1,3.7,2027.5,54.9,401.7,1496.3,74.6
NAGALAND,1983,19.2,49.3,244.9,303.8,402.4,380.9,329.7,392.8,239.7,189.0,6.2,30.2,2588.0,68.5,951.1,1343.1,225.4
NAGALAND,1984,17.4,1.8,5.1,121.1,743.0,514.6,255.3,387.2,250.2,120.4,9.1,28.8,2454.0,19.2,869.2,1407.3,158.3
NAGALAND,1985,6.4,36.2,87.1,162.8,377.6,507.5,275.5,301.9,279.4,52.3,8.7,9.9,2105.3,42.6,627.5,1364.3,70.9
NAGALAND,1986,8.8,7.3,17.7,263.4,153.0,325.5,376.9,364.6,355.8,311.7,131.2,26.3,2342.3,16.1,434.1,1422.8,469.2
NAGALAND,1987,7.7,13.1,68.9,195.0,144.9,420.8,447.2,422.7,388.6,172.2,74.0,6.1,2361.3,20.8,408.8,1679.3,252.3
NAGALAND,1988,0.4,33.6,83.5,141.9,470.2,466.4,540.0,407.4,298.6,298.6,75.3,4.3,2820.2,34.0,695.6,1712.4,378.2
NAGALAND,1989,0.7,27.1,17.2,139.1,206.9,367.1,470.6,393.6,376.3,352.9,5.3,2.3,2359.0,27.8,363.2,1607.6,360.5
NAGALAND,1990,0.2,32.5,197.6,274.9,314.6,380.0,387.9,344.7,339.4,168.2,99.3,42.9,2582.3,32.7,787.1,1452.0,310.4
NAGALAND,1991,27.5,41.9,64.1,253.5,619.4,456.6,297.3,326.0,387.3,291.4,28.0,58.9,2851.9,69.4,937.0,1467.2,378.3
NAGALAND,1992,4.4,67.1,23.3,95.7,250.2,343.8,439.1,397.2,323.6,243.2,25.4,8.5,2221.4,71.5,369.2,1503.7,277.1
NAGALAND,1993,11.1,139.3,92.8,155.4,499.4,539.6,530.9,428.9,302.9,165.4,16.0,0.0,2881.7,150.4,747.6,1802.3,181.4
NAGALAND,1994,9.5,30.1,219.3,134.7,130.7,256.2,305.7,335.7,161.6,102.0,27.0,0.0,1712.5,39.6,484.7,1059.2,129.0
NAGALAND,1995,5.4,36.5,52.0,68.7,254.5,425.8,403.6,495.9,312.5,129.7,155.3,0.2,2340.2,41.9,375.2,1637.8,285.2
NAGALAND,1996,8.1,30.0,153.9,97.3,284.2,314.0,395.1,363.5,341.3,179.7,18.8,8.7,2194.5,38.1,535.4,1413.9,207.2
NAGALAND,1997,11.3,23.7,134.4,112.0,255.0,334.0,598.5,273.9,361.6,48.6,17.8,41.3,2212.0,35.0,501.4,1568.0,107.7
NAGALAND,1998,28.1,31.6,136.4,164.6,352.2,297.6,480.6,367.3,222.3,97.9,46.5,0.3,2225.4,59.7,653.2,1367.8,144.7
NAGALAND,1999,2.2,0.0,33.5,26.3,397.5,358.4,422.7,391.3,338.5,227.7,16.5,18.3,2233.0,2.2,457.3,1510.9,262.5
NAGALAND,2000,22.5,26.1,129.1,214.2,403.6,325.4,269.2,465.0,298.3,185.2,24.2,1.1,2363.9,48.6,746.9,1357.9,210.5
NAGALAND,2001,1.5,46.9,38.8,83.6,313.8,478.0,322.6,263.0,269.0,266.4,65.4,0.2,2149.0,48.4,436.2,1332.6,332.0
NAGALAND,2002,18.6,3.9,62.7,143.8,438.7,351.6,462.2,358.4,225.7,98.9,71.9,6.0,2242.3,22.5,645.2,1397.9,176.8
NAGALAND,2003,3.8,11.5,78.0,158.9,265.6,590.9,262.4,281.7,288.4,175.1,5.1,40.9,2162.2,15.3,502.5,1423.4,221.1
NAGALAND,2004,4.8,2.7,11.0,341.5,211.0,449.2,558.6,284.3,351.0,132.7,6.4,0.5,2353.7,7.5,563.5,1643.1,139.6
NAGALAND,2005,6.4,15.0,118.6,98.1,237.0,212.3,301.5,334.8,292.6,194.3,15.6,10.5,1836.7,21.4,453.7,1141.2,220.4
NAGALAND,2006,0.6,12.4,5.5,111.1,382.2,445.6,335.0,241.6,231.1,90.4,13.0,3.7,1872.0,13.0,498.8,1253.3,107.1
NAGALAND,2007,7.9,54.7,28.7,220.4,276.7,446.3,430.0,373.8,426.6,180.5,82.6,10.1,2538.2,62.6,525.8,1676.7,273.2
NAGALAND,2008,30.7,13.8,49.6,54.9,200.8,327.4,333.3,358.6,223.7,150.2,4.7,1.2,1748.9,44.5,305.3,1243.0,156.1
NAGALAND,2009,0.0,3.2,27.5,93.1,209.5,271.9,295.8,380.9,271.3,158.2,26.1,0.2,1737.7,3.2,330.1,1219.9,184.5
NAGALAND,2010,1.0,7.9,85.8,161.5,294.0,411.6,367.5,393.2,309.8,220.2,9.2,33.5,2295.2,8.9,541.3,1482.1,262.9
NAGALAND,2011,12.6,3.6,51.4,81.1,334.9,374.2,313.3,367.6,258.3,92.6,2.4,0.2,1892.1,16.2,467.4,1313.4,95.2
NAGALAND,2012,24.5,10.2,20.3,243.5,163.5,396.2,280.1,342.7,248.7,160.9,32.0,0.4,1922.9,34.7,427.3,1267.7,193.3
NAGALAND,2013,0.2,5.7,19.7,60.3,348.9,206.6,255.9,291.3,241.4,125.6,0.3,1.2,1557.2,5.9,428.9,995.2,127.1
NAGALAND,2014,1.2,21.0,25.4,49.6,192.5,268.3,295.7,372.3,300.9,69.6,3.3,0.1,1599.9,22.2,267.5,1237.2,73.0
NAGALAND,2015,14.4,14.2,21.6,253.5,198.3,283.9,413.6,334.2,255.9,118.7,3.9,10.0,1922.4,28.6,473.4,1287.6,132.6
ODISHA,1901,39.5,65.1,16.1,51.6,79.0,78.2,288.4,307.7,185.3,76.6,96.7,0.0,1284.2,104.6,146.7,859.6,173.3
ODISHA,1902,3.4,0.2,14.2,101.1,56.7,108.3,437.4,349.1,202.7,33.2,13.0,29.6,1349.0,3.6,172.0,1097.5,75.8
ODISHA,1903,19.7,18.9,10.5,34.6,73.3,154.3,410.4,295.2,265.6,228.5,46.2,11.0,1568.3,38.6,118.4,1125.5,285.7
ODISHA,1904,0.2,12.2,20.6,10.1,100.2,342.9,336.7,350.4,227.8,111.8,0.0,1.9,1514.8,12.4,130.9,1257.8,113.7
ODISHA,1905,24.3,17.2,66.3,56.9,107.5,92.0,330.1,281.4,344.1,36.4,0.7,0.4,1357.3,41.5,230.7,1047.6,37.5
ODISHA,1906,19.8,88.3,40.9,5.0,46.3,219.0,348.8,261.8,251.7,86.2,13.0,27.4,1408.2,108.1,92.2,1081.3,126.6
ODISHA,1907,0.1,16.9,57.4,105.1,39.8,226.3,203.9,531.8,204.8,15.9,14.0,31.2,1447.1,17.0,202.3,1166.8,61.1
ODISHA,1908,36.2,0.6,12.2,9.9,59.3,218.7,327.2,507.3,213.9,45.3,0.0,0.0,1430.6,36.8,81.4,1267.1,45.3
ODISHA,1909,5.7,11.9,4.8,148.4,53.1,288.2,452.7,234.3,234.0,42.3,1.8,58.1,1535.5,17.6,206.3,1209.2,102.2
ODISHA,1910,10.6,0.6,2.1,52.7,60.6,258.8,381.8,368.7,237.9,216.2,8.5,0.0,1598.5,11.2,115.4,1247.2,224.7
ODISHA,1911,0.0,2.7,26.2,18.6,56.6,351.6,172.2,406.2,270.0,92.3,15.0,5.9,1417.3,2.7,101.4,1200.0,113.2
ODISHA,1912,1.0,62.5,10.4,49.3,39.6,113.0,388.4,405.6,216.4,64.5,46.5,0.0,1397.2,63.5,99.3,1123.4,111.0
ODISHA,1913,1.2,56.3,9.6,12.3,87.1,230.0,448.0,356.4,166.3,149.7,25.7,1.7,1544.3,57.5,109.0,1200.7,177.1
ODISHA,1914,0.0,20.2,12.7,64.6,175.0,255.8,397.7,309.7,342.2,12.9,1.0,6.8,1598.5,20.2,252.3,1305.4,20.7
ODISHA,1915,15.4,21.4,37.3,25.2,74.5,165.1,239.4,313.0,270.8,149.2,125.6,0.0,1437.1,36.8,137.0,988.3,274.8
ODISHA,1916,0.0,4.9,0.8,33.8,45.5,339.6,250.7,334.7,197.6,216.1,55.8,0.0,1479.4,4.9,80.1,1122.6,271.9
ODISHA,1917,0.0,68.5,24.0,26.0,95.1,336.3,319.0,319.4,280.6,364.4,16.4,0.3,1850.1,68.5,145.1,1255.3,381.1
ODISHA,1918,10.8,0.3,19.3,28.5,127.7,363.3,216.5,324.8,190.1,7.5,5.1,3.6,1297.4,11.1,175.5,1094.7,16.2
ODISHA,1919,59.8,56.6,29.5,30.2,72.0,332.3,354.7,492.2,138.3,89.8,99.7,2.8,1758.1,116.4,131.7,1317.5,192.3
ODISHA,1920,3.3,18.2,50.7,26.9,51.2,173.2,561.4,303.9,167.2,44.9,1.6,0.0,1402.6,21.5,128.8,1205.7,46.5
ODISHA,1921,48.7,1.1,1.7,26.4,19.5,210.2,321.9,289.1,338.2,62.9,4.4,0.0,1324.0,49.8,47.6,1159.4,67.3
ODISHA,1922,20.0,0.2,1.9,13.9,46.6,247.0,431.8,295.4,328.8,50.9,30.0,0.1,1466.5,20.2,62.4,1303.0,81.0
ODISHA,1923,0.2,66.3,9.6,17.1,34.4,106.7,288.7,333.0,210.5,112.6,74.8,4.7,1258.6,66.5,61.1,938.9,192.1
ODISHA,1924,30.2,5.9,1.3,15.7,83.9,95.3,228.5,312.4,232.0,106.0,152.3,0.0,1263.4,36.1,100.9,868.2,258.3
ODISHA,1925,2.0,0.0,6.0,52.2,111.8,353.5,433.7,429.9,201.5,201.8,4.8,10.7,1807.8,2.0,170.0,1418.6,217.3
ODISHA,1926,34.8,11.3,83.2,34.1,59.2,71.7,296.5,565.3,288.9,88.1,0.0,2.6,1535.8,46.1,176.5,1222.4,90.7
ODISHA,1927,3.0,27.2,8.1,12.6,51.6,241.8,454.5,431.5,181.0,92.2,22.1,0.0,1525.5,30.2,72.3,1308.8,114.3
ODISHA,1928,4.6,4.6,6.3,62.8,68.8,266.7,468.8,266.1,226.5,208.0,1.7,0.6,1585.6,9.2,137.9,1228.1,210.3
ODISHA,1929,18.0,18.8,4.5,25.0,37.8,193.4,525.0,423.4,190.9,185.7,0.0,15.3,1637.8,36.8,67.3,1332.7,201.0
ODISHA,1930,0.2,12.1,9.9,33.4,38.0,177.5,357.5,333.7,287.5,50.5,143.1,2.7,1446.4,12.3,81.3,1156.2,196.3
ODISHA,1931,7.4,36.8,20.7,18.6,44.3,108.0,239.9,511.0,197.0,233.4,59.5,0.4,1477.2,44.2,83.6,1055.9,293.3
ODISHA,1932,0.2,34.0,9.9,26.9,67.4,116.5,474.7,271.0,246.3,57.3,136.0,0.0,1440.2,34.2,104.2,1108.5,193.3
ODISHA,1933,17.8,57.4,7.9,25.5,136.5,288.6,404.8,448.6,294.7,138.1,20.0,11.1,1851.0,75.2,169.9,1436.7,169.2
ODISHA,1934,0.1,1.4,4.2,11.0,21.0,230.6,371.8,425.4,300.1,102.6,17.4,3.3,1488.9,1.5,36.2,1327.9,123.3
ODISHA,1935,1.1,10.2,12.4,42.1,16.2,135.5,531.3,212.8,237.8,17.5,0.1,2.3,1219.4,11.3,70.7,1117.4,19.9
ODISHA,1936,16.8,42.9,11.7,7.9,155.3,477.6,360.1,384.9,247.3,154.4,11.5,5.5,1876.0,59.7,174.9,1469.9,171.4
ODISHA,1937,0.0,89.0,28.4,66.9,64.9,235.2,430.6,290.0,285.8,75.5,0.8,0.3,1567.3,89.0,160.2,1241.6,76.6
ODISHA,1938,11.0,16.8,14.0,14.5,119.6,229.6,267.2,339.8,226.4,179.0,23.7,0.0,1441.6,27.8,148.1,1063.0,202.7
ODISHA,1939,8.1,10.9,34.9,26.3,19.1,196.9,411.9,410.1,242.1,181.2,19.3,2.8,1563.4,19.0,80.3,1261.0,203.3
ODISHA,1940,0.0,35.3,70.1,29.1,133.1,286.2,532.6,395.9,133.3,58.3,3.3,10.5,1687.7,35.3,232.3,1348.0,72.1
ODISHA,1941,28.3,1.4,8.2,14.5,62.3,288.2,356.5,272.4,186.0,155.9,61.5,0.1,1435.2,29.7,85.0,1103.1,217.5
ODISHA,1942,4.7,18.6,2.5,37.6,29.6,156.8,423.8,379.8,256.4,62.7,75.4,0.1,1448.3,23.3,69.7,1216.8,138.2
ODISHA,1943,63.9,4.1,11.9,68.9,54.6,200.3,413.3,382.9,294.7,71.8,20.1,0.0,1586.5,68.0,135.4,1291.2,91.9
ODISHA,1944,35.1,72.9,75.3,46.7,32.9,121.9,491.4,415.9,151.5,155.9,8.7,0.0,1608.1,108.0,154.9,1180.7,164.6
ODISHA,1945,20.3,4.7,0.1,50.6,58.0,152.6,387.1,270.3,405.9,176.1,2.5,10.4,1538.6,25.0,108.7,1215.9,189.0
ODISHA,1946,0.0,2.6,5.2,104.2,83.7,249.7,345.5,399.2,248.0,143.2,33.3,0.3,1614.9,2.6,193.1,1242.4,176.8
ODISHA,1947,21.8,19.3,14.7,17.3,38.5,210.9,341.5,374.9,173.3,127.1,10.3,61.3,1410.9,41.1,70.5,1100.6,198.7
ODISHA,1948,14.0,36.1,13.5,28.5,60.7,164.8,289.4,312.4,257.6,82.5,74.2,0.2,1333.8,50.1,102.7,1024.2,156.9
ODISHA,1949,0.9,3.1,8.7,35.1,78.1,140.7,248.9,307.1,303.1,222.1,1.1,0.0,1348.9,4.0,121.9,999.8,223.2
ODISHA,1950,0.0,21.2,69.7,7.7,49.4,199.4,326.9,327.4,197.9,55.1,138.1,0.0,1392.8,21.2,126.8,1051.6,193.2
ODISHA,1951,2.2,0.0,89.7,37.1,48.0,172.5,339.1,349.5,165.5,155.6,37.1,0.0,1396.2,2.2,174.8,1026.6,192.7
ODISHA,1952,0.3,9.5,26.2,53.2,44.4,187.1,356.4,352.0,307.9,176.6,2.2,1.1,1516.7,9.8,123.8,1203.4,179.9
ODISHA,1953,39.9,5.9,0.2,13.8,23.7,182.8,318.9,512.1,231.5,59.2,49.8,0.0,1437.7,45.8,37.7,1245.3,109.0
ODISHA,1954,0.6,6.2,8.6,19.2,50.2,163.2,211.7,271.9,344.0,118.2,0.0,14.2,1208.0,6.8,78.0,990.8,132.4
ODISHA,1955,0.1,0.2,8.4,29.6,76.5,201.7,238.0,355.9,371.4,262.7,52.3,0.3,1597.0,0.3,114.5,1167.0,315.3
ODISHA,1956,1.4,37.9,18.2,11.9,118.1,345.2,470.0,434.5,249.8,191.7,6.7,0.0,1885.4,39.3,148.2,1499.5,198.4
ODISHA,1957,12.3,26.6,30.4,12.4,33.6,153.5,349.2,415.4,194.5,49.5,0.1,0.0,1277.5,38.9,76.4,1112.6,49.6
ODISHA,1958,11.5,42.8,16.0,32.8,39.0,125.2,404.1,319.1,364.2,217.4,51.8,0.1,1624.0,54.3,87.8,1212.6,269.3
ODISHA,1959,28.5,2.4,2.7,22.2,47.1,202.7,357.4,341.6,316.5,170.5,1.5,2.7,1495.9,30.9,72.0,1218.2,174.7
ODISHA,1960,5.4,0.8,51.6,12.4,42.7,211.4,444.1,461.7,214.6,130.8,3.6,13.9,1593.0,6.2,106.7,1331.8,148.3
ODISHA,1961,15.9,116.2,3.2,15.9,59.7,324.8,406.2,327.9,483.2,178.2,11.3,2.7,1945.3,132.1,78.8,1542.1,192.2
ODISHA,1962,8.3,5.1,19.8,35.9,34.1,192.7,379.0,263.2,237.3,164.0,2.5,4.7,1346.5,13.4,89.8,1072.2,171.2
ODISHA,1963,0.2,6.9,9.1,47.0,90.0,218.7,310.6,361.9,306.9,204.9,3.9,2.0,1562.0,7.1,146.1,1198.1,210.8
ODISHA,1964,1.7,28.3,11.9,33.2,48.8,142.5,372.4,427.9,195.5,84.1,8.2,0.0,1354.7,30.0,93.9,1138.3,92.3
ODISHA,1965,10.6,17.3,59.1,37.9,37.6,123.1,392.9,187.3,222.9,83.9,1.0,1.0,1174.7,27.9,134.6,926.2,85.9
ODISHA,1966,49.9,3.6,0.9,28.0,37.9,306.3,340.2,211.0,155.9,78.9,63.4,10.9,1286.8,53.5,66.8,1013.4,153.2
ODISHA,1967,70.9,0.4,87.7,40.9,25.7,233.3,315.3,340.7,281.8,18.3,1.8,10.7,1427.5,71.3,154.3,1171.1,30.8
ODISHA,1968,33.4,29.7,20.7,26.5,45.7,186.7,311.6,335.4,236.6,191.6,45.5,0.7,1464.1,63.1,92.9,1070.3,237.8
ODISHA,1969,0.7,1.0,4.0,27.3,80.7,158.6,432.5,293.5,197.7,41.8,38.9,6.4,1283.2,1.7,112.0,1082.3,87.1
ODISHA,1970,4.6,27.5,47.2,32.3,60.8,307.9,307.8,348.8,205.9,66.9,2.4,0.2,1412.3,32.1,140.3,1170.4,69.5
ODISHA,1971,16.1,23.5,1.9,76.9,82.2,290.8,290.9,411.0,171.5,229.9,2.1,0.0,1596.8,39.6,161.0,1164.2,232.0
ODISHA,1972,0.0,22.0,2.6,25.9,16.3,133.9,333.9,383.4,282.7,83.1,40.9,0.3,1324.9,22.0,44.8,1133.9,124.3
ODISHA,1973,1.7,5.7,33.4,8.7,67.5,103.2,434.9,380.9,266.5,244.7,13.3,13.0,1573.5,7.4,109.6,1185.5,271.0
ODISHA,1974,0.0,1.3,27.4,12.1,44.8,128.9,223.3,306.5,131.7,103.0,8.0,0.0,987.0,1.3,84.3,790.4,111.0
ODISHA,1975,1.8,17.7,21.5,18.2,18.4,193.3,279.5,437.0,251.7,135.1,17.5,0.3,1392.0,19.5,58.1,1161.5,152.9
ODISHA,1976,0.0,10.1,10.5,25.9,57.9,108.1,347.8,374.1,172.6,36.8,32.8,2.4,1178.8,10.1,94.3,1002.6,72.0
ODISHA,1977,4.9,5.0,5.4,50.7,124.9,181.4,355.4,335.7,256.6,61.5,87.0,9.4,1477.9,9.9,181.0,1129.1,157.9
ODISHA,1978,4.0,31.0,45.3,28.7,37.4,183.5,336.2,462.1,199.0,80.1,21.8,9.8,1439.0,35.0,111.4,1180.8,111.7
ODISHA,1979,6.7,14.9,3.2,22.7,25.1,198.5,240.2,251.8,171.7,46.5,7.3,7.4,995.9,21.6,51.0,862.2,61.2
ODISHA,1980,10.8,9.2,41.7,23.2,59.9,325.5,367.6,228.1,302.1,86.6,3.0,5.2,1462.9,20.0,124.8,1223.3,94.8
ODISHA,1981,25.8,13.6,67.1,45.7,85.0,189.2,238.3,348.1,257.1,18.8,0.4,6.5,1295.7,39.4,197.8,1032.7,25.7
ODISHA,1982,5.5,32.3,80.1,51.8,38.2,191.4,223.2,466.4,129.8,33.8,6.1,0.0,1258.5,37.8,170.1,1010.8,39.9
ODISHA,1983,1.9,55.0,22.1,47.6,67.6,153.0,273.1,379.5,324.6,100.7,2.0,5.0,1432.0,56.9,137.3,1130.2,107.7
ODISHA,1984,9.3,6.7,3.4,46.0,34.6,302.6,369.5,422.3,127.3,55.4,0.0,0.3,1377.6,16.0,84.0,1221.7,55.7
ODISHA,1985,24.2,35.0,4.7,16.4,52.9,195.4,305.7,460.9,335.2,175.8,1.1,0.0,1607.3,59.2,74.0,1297.2,176.9
ODISHA,1986,25.8,35.8,12.6,41.9,74.5,291.7,348.7,301.8,183.0,134.9,92.2,17.0,1560.0,61.6,129.0,1125.2,244.1
ODISHA,1987,10.6,3.6,18.4,30.3,55.3,112.3,338.8,190.3,150.2,83.9,102.3,1.7,1097.6,14.2,104.0,791.6,187.9
ODISHA,1988,0.1,49.4,23.7,55.1,58.9,247.9,286.1,268.6,252.5,63.0,1.6,0.0,1306.9,49.5,137.7,1055.1,64.6
ODISHA,1989,0.0,0.1,12.9,5.0,81.2,332.5,271.7,369.9,196.1,28.6,0.0,1.7,1299.7,0.1,99.1,1170.2,30.3
ODISHA,1990,0.4,50.0,89.8,57.3,178.1,237.2,282.9,371.4,260.7,245.6,130.7,1.0,1905.0,50.4,325.2,1152.2,377.3
ODISHA,1991,20.0,2.8,21.8,29.6,36.2,149.5,458.5,439.0,181.5,93.5,32.9,7.3,1472.8,22.8,87.6,1228.5,133.7
ODISHA,1992,6.1,16.9,1.7,16.1,66.0,177.2,394.9,385.1,191.8,63.7,9.9,0.0,1329.5,23.0,83.8,1149.0,73.6
ODISHA,1993,0.0,1.3,11.4,56.1,82.2,257.5,328.5,327.0,287.9,88.7,7.5,0.0,1448.0,1.3,149.7,1200.9,96.2
ODISHA,1994,4.1,28.6,6.2,48.1,46.3,299.4,474.0,463.9,292.6,69.1,12.3,0.1,1744.6,32.7,100.6,1529.9,81.5
ODISHA,1995,50.1,17.6,21.1,23.6,293.0,112.3,322.6,316.6,202.7,149.7,103.4,1.3,1614.0,67.7,337.7,954.2,254.4
ODISHA,1996,14.6,10.1,11.7,28.1,28.6,211.9,264.8,319.4,113.2,49.9,8.4,0.9,1061.8,24.7,68.4,909.3,59.2
ODISHA,1997,17.9,5.3,31.9,77.8,33.0,197.6,303.4,479.9,234.6,37.0,27.4,58.8,1504.5,23.2,142.7,1215.5,123.2
ODISHA,1998,31.5,28.3,52.4,43.4,53.4,176.4,277.6,203.5,277.3,139.6,73.8,0.0,1357.1,59.8,149.2,934.8,213.4
ODISHA,1999,0.1,0.7,0.9,3.2,164.8,222.9,270.2,325.9,266.4,215.4,13.9,0.0,1484.3,0.8,168.9,1085.4,229.3
ODISHA,2000,0.9,33.3,1.1,21.3,74.7,233.7,272.3,273.6,158.0,26.6,1.6,0.1,1097.2,34.2,97.1,937.6,28.3
ODISHA,2001,0.4,1.4,32.3,28.7,71.0,336.1,584.2,380.9,132.0,86.8,18.7,0.0,1672.5,1.8,132.0,1433.2,105.5
ODISHA,2002,11.7,0.2,13.1,25.1,67.5,182.4,170.2,371.2,206.5,47.1,7.8,0.0,1102.8,11.9,105.7,930.3,54.9
ODISHA,2003,0.1,16.2,21.6,24.7,22.6,178.9,367.5,425.1,264.3,287.4,11.0,28.8,1648.2,16.3,68.9,1235.8,327.2
ODISHA,2004,6.8,8.0,6.4,49.2,29.7,216.4,328.0,346.4,148.1,149.6,1.8,0.0,1290.4,14.8,85.3,1038.9,151.4
ODISHA,2005,29.4,4.0,24.3,20.9,44.9,199.4,410.3,201.0,342.8,206.9,12.4,7.1,1503.4,33.4,90.1,1153.5,226.4
ODISHA,2006,0.2,0.0,29.9,25.0,105.6,175.2,454.0,624.9,254.7,26.4,21.0,0.0,1716.9,0.2,160.5,1508.8,47.4
ODISHA,2007,0.7,32.5,8.0,21.0,62.8,321.0,285.1,420.6,401.7,66.4,14.0,0.0,1633.8,33.2,91.8,1428.4,80.4
ODISHA,2008,27.5,10.4,17.5,28.2,37.4,343.5,306.4,388.3,355.0,22.1,2.7,0.0,1538.9,37.9,83.1,1393.2,24.8
ODISHA,2009,1.9,0.5,2.7,1.1,68.2,87.3,586.0,286.9,162.5,105.8,27.3,0.1,1330.3,2.4,72.0,1122.7,133.2
ODISHA,2010,8.8,1.2,5.6,7.8,93.0,146.4,304.9,282.7,236.0,133.0,35.6,37.2,1291.9,10.0,106.4,970.0,205.8
ODISHA,2011,3.7,16.2,4.9,58.2,75.6,210.1,199.6,358.6,398.7,20.2,0.1,0.4,1346.2,19.9,138.7,1167.0,20.7
ODISHA,2012,50.8,3.6,0.9,34.8,21.3,169.6,324.3,417.0,242.4,66.0,72.1,3.1,1405.9,54.4,57.0,1153.3,141.2
ODISHA,2013,3.3,7.8,2.1,53.6,57.7,272.6,380.0,254.9,208.1,391.0,1.2,0.0,1632.4,11.1,113.4,1115.6,392.2
ODISHA,2014,0.0,17.6,25.1,11.7,111.9,92.2,496.2,386.3,281.1,111.8,2.2,0.9,1536.9,17.6,148.7,1255.8,114.9
ODISHA,2015,15.1,3.3,10.5,67.6,32.6,238.6,294.8,264.0,237.0,24.7,6.2,15.6,1210.1,18.4,110.7,1034.4,46.5
PUNJAB,1901,55.7,50.1,25.2,2.1,25.2,10.4,178.2,145.0,24.4,3.7,0.0,3.3,523.5,105.8,52.5,358.0,7.0
PUNJAB,1902,0.0,0.8,9.9,10.9,29.6,49.9,125.6,94.9,67.2,9.0,0.0,0.1,398.0,0.8,50.4,337.6,9.1
PUNJAB,1903,29.5,0.5,45.0,1.3,9.2,5.2,212.2,119.1,132.5,6.9,0.0,9.5,571.0,30.0,55.5,469.0,16.4
PUNJAB,1904,24.2,1.7,87.8,1.2,13.8,22.0,59.9,124.0,73.8,7.4,9.8,25.9,451.5,25.9,102.8,279.7,43.1
PUNJAB,1905,53.0,40.3,24.3,0.5,2.2,19.2,122.6,50.3,111.1,1.2,0.0,9.4,434.3,93.3,27.0,303.2,10.6
PUNJAB,1906,5.3,83.1,50.5,1.5,4.7,38.3,99.4,190.5,181.5,0.5,0.0,22.2,677.5,88.4,56.7,509.7,22.7
PUNJAB,1907,27.3,95.4,53.1,50.7,3.3,20.2,82.8,249.0,6.8,0.4,0.0,0.0,589.2,122.7,107.1,358.8,0.4
PUNJAB,1908,46.9,11.8,0.3,31.3,12.1,13.0,183.8,399.1,37.3,1.2,1.7,2.0,740.4,58.7,43.7,633.2,4.9
PUNJAB,1909,34.0,21.0,0.2,48.6,1.8,81.3,240.9,178.7,197.2,1.5,0.0,40.5,846.1,55.0,50.6,698.1,42.0
PUNJAB,1910,27.1,5.6,1.1,2.7,1.4,111.4,143.9,217.9,79.5,21.0,0.0,4.8,616.3,32.7,5.2,552.7,25.8
PUNJAB,1911,112.1,7.3,108.5,3.7,1.0,64.9,26.4,103.5,34.0,11.7,32.6,0.1,505.6,119.4,113.2,228.8,44.4
PUNJAB,1912,53.3,5.2,8.5,19.9,10.0,10.6,173.3,197.4,37.5,0.0,18.5,2.2,536.4,58.5,38.4,418.8,20.7
PUNJAB,1913,0.9,58.7,47.5,0.6,52.8,86.9,111.5,159.0,22.6,2.2,2.6,15.8,561.2,59.6,100.9,380.0,20.6
PUNJAB,1914,19.8,26.9,15.8,44.6,17.3,58.9,290.9,75.6,193.1,34.7,8.1,8.7,794.4,46.7,77.7,618.5,51.5
PUNJAB,1915,28.7,59.8,48.3,9.3,4.3,22.5,54.1,67.4,105.5,19.3,0.0,2.4,421.7,88.5,61.9,249.5,21.7
PUNJAB,1916,2.8,20.9,2.8,4.4,8.2,33.9,238.3,184.1,71.3,21.1,0.0,0.6,588.4,23.7,15.4,527.6,21.7
PUNJAB,1917,6.5,3.1,12.5,71.9,31.3,82.6,172.4,211.4,369.1,156.5,0.0,9.4,1126.7,9.6,115.7,835.5,165.9
PUNJAB,1918,3.1,1.2,61.4,38.5,0.6,31.9,38.7,140.5,15.5,0.2,3.5,4.5,339.6,4.3,100.5,226.6,8.2
PUNJAB,1919,81.4,12.3,11.1,4.9,11.9,6.4,202.0,137.0,46.2,0.4,3.3,32.9,549.9,93.7,27.9,391.6,36.6
PUNJAB,1920,25.7,18.3,21.3,0.6,20.0,42.7,148.0,81.3,23.3,0.4,0.0,1.5,383.1,44.0,41.9,295.3,1.9
PUNJAB,1921,19.3,3.9,0.7,0.7,1.0,19.9,116.8,113.9,46.6,27.0,0.0,20.5,370.4,23.2,2.4,297.2,47.5
PUNJAB,1922,23.8,14.0,3.1,3.0,1.7,65.1,132.8,85.6,148.5,2.5,0.0,33.5,513.6,37.8,7.8,432.0,36.0
PUNJAB,1923,36.4,63.0,7.3,4.9,38.0,21.8,222.2,279.1,12.8,5.7,2.5,44.1,737.9,99.4,50.2,535.9,52.3
PUNJAB,1924,39.1,42.3,2.6,1.1,17.7,2.3,185.8,109.0,155.0,0.5,1.1,34.4,590.8,81.4,21.4,452.1,36.0
PUNJAB,1925,18.1,2.1,1.1,7.7,21.1,104.7,284.4,158.8,14.4,7.5,9.8,0.0,629.6,20.2,29.9,562.3,17.3
PUNJAB,1926,14.1,7.5,50.2,16.2,34.9,7.2,189.0,228.4,54.1,0.1,1.3,4.4,607.3,21.6,101.3,478.7,5.8
PUNJAB,1927,0.7,39.8,15.7,6.6,18.1,18.6,226.1,95.2,24.8,5.5,2.3,27.7,481.0,40.5,40.4,364.7,35.5
PUNJAB,1928,25.6,21.3,6.3,10.2,2.8,34.9,92.3,120.2,58.8,1.0,27.0,36.9,437.1,46.9,19.3,306.2,64.9
PUNJAB,1929,8.9,1.1,0.0,11.5,1.7,45.6,163.3,111.6,8.5,10.2,0.0,60.6,423.0,10.0,13.2,329.0,70.8
PUNJAB,1930,25.6,27.0,6.7,13.3,7.1,55.0,258.4,57.4,91.7,1.1,0.2,13.9,557.2,52.6,27.1,462.5,15.2
PUNJAB,1931,12.6,27.1,21.1,2.0,19.4,9.5,183.8,222.1,68.8,21.8,0.0,0.5,588.6,39.7,42.5,484.2,22.3
PUNJAB,1932,19.0,13.2,28.8,7.3,11.6,19.9,190.7,136.1,32.0,1.5,0.3,29.9,490.3,32.2,47.7,378.7,31.7
PUNJAB,1933,6.2,26.4,35.7,7.2,25.7,37.1,180.0,327.3,202.7,8.4,2.9,0.9,860.6,32.6,68.6,747.1,12.2
PUNJAB,1934,18.3,1.7,37.5,2.4,6.0,51.0,150.9,136.6,14.9,0.0,0.0,9.9,429.2,20.0,45.9,353.4,9.9
PUNJAB,1935,73.7,40.9,12.8,44.2,2.1,8.2,203.9,144.6,45.1,2.7,11.6,8.2,598.2,114.6,59.1,401.8,22.5
PUNJAB,1936,1.3,58.8,17.3,10.9,5.4,105.0,170.2,165.5,57.7,6.2,0.2,27.9,626.4,60.1,33.6,498.4,34.3
PUNJAB,1937,5.8,96.0,10.2,41.8,8.8,55.4,218.6,30.5,70.2,7.3,0.3,26.2,571.1,101.8,60.8,374.7,33.8
PUNJAB,1938,77.5,22.2,1.8,9.1,3.4,112.8,102.3,85.4,5.8,9.9,0.0,0.6,430.9,99.7,14.3,306.3,10.5
PUNJAB,1939,6.2,61.0,58.1,8.3,0.8,49.8,100.5,78.6,37.9,2.6,0.0,0.0,403.7,67.2,67.2,266.8,2.6
PUNJAB,1940,36.8,45.1,13.7,2.9,6.5,60.3,159.3,179.6,27.4,0.1,0.1,0.5,532.2,81.9,23.1,426.6,0.7
PUNJAB,1941,55.3,8.5,12.4,1.0,15.2,89.5,111.4,152.1,41.0,9.8,0.0,10.2,506.3,63.8,28.6,394.0,20.0
PUNJAB,1942,27.2,57.2,15.4,19.6,13.4,52.4,253.3,256.4,131.7,5.1,0.0,39.8,871.6,84.4,48.4,693.8,44.9
PUNJAB,1943,55.6,1.9,7.9,7.8,9.8,29.2,130.4,132.6,46.6,0.4,0.0,0.2,422.3,57.5,25.5,338.8,0.6
PUNJAB,1944,32.3,54.6,49.5,46.5,0.6,21.8,183.8,145.8,67.2,14.6,1.6,8.4,626.9,86.9,96.6,418.6,24.6
PUNJAB,1945,71.4,0.0,14.5,15.9,3.2,38.3,156.9,138.6,359.8,6.0,0.5,0.2,805.3,71.4,33.6,693.6,6.7
PUNJAB,1946,2.6,16.1,7.0,4.2,19.3,63.1,129.5,150.5,7.4,32.0,7.6,38.7,478.1,18.7,30.5,350.5,78.3
PUNJAB,1947,23.2,14.5,9.4,0.0,5.4,3.5,57.4,177.4,270.8,3.0,0.0,36.3,600.9,37.7,14.8,509.1,39.3
PUNJAB,1948,19.9,53.1,66.5,6.7,2.2,11.2,195.7,209.6,38.3,0.6,0.3,16.2,620.2,73.0,75.4,454.8,17.1
PUNJAB,1949,9.3,58.4,4.8,5.2,9.8,26.9,320.0,93.7,51.0,1.4,0.0,4.5,584.9,67.7,19.8,491.6,5.9
PUNJAB,1950,53.1,25.4,50.1,2.4,8.1,14.1,209.2,232.3,396.8,0.4,0.0,0.1,992.0,78.5,60.6,852.4,0.5
PUNJAB,1951,23.9,4.3,53.5,10.4,21.5,5.1,207.8,122.2,12.5,1.9,34.5,1.9,499.5,28.2,85.4,347.6,38.3
PUNJAB,1952,19.7,20.4,34.0,0.7,6.4,59.8,137.0,282.3,1.7,0.1,0.1,3.8,565.9,40.1,41.1,480.8,4.0
PUNJAB,1953,47.1,1.5,0.0,8.2,2.2,54.3,262.7,153.3,72.1,0.5,0.4,9.3,611.5,48.6,10.4,542.4,10.2
PUNJAB,1954,30.8,92.2,9.5,0.1,2.4,27.6,181.8,45.7,226.5,16.6,0.0,0.0,633.2,123.0,12.0,481.6,16.6
PUNJAB,1955,33.0,3.6,24.9,20.5,18.6,38.0,148.7,169.7,144.2,370.3,0.0,2.6,973.9,36.6,64.0,500.6,372.9
PUNJAB,1956,21.6,6.8,45.3,5.1,0.7,53.5,236.5,208.7,26.7,140.1,0.2,5.3,750.4,28.4,51.1,525.4,145.6
PUNJAB,1957,105.0,4.0,26.6,10.6,10.8,19.5,197.5,167.4,106.1,17.2,10.3,35.5,710.5,109.0,48.0,490.5,63.0
PUNJAB,1958,9.5,3.5,6.9,4.4,0.4,28.0,186.2,128.4,372.3,43.4,0.0,45.0,828.0,13.0,11.7,714.9,88.4
PUNJAB,1959,43.3,21.4,10.0,4.8,20.3,21.5,188.0,210.1,133.9,24.0,21.9,0.5,699.8,64.7,35.1,553.5,46.4
PUNJAB,1960,14.2,0.1,33.3,4.7,4.0,44.1,243.1,234.1,8.6,0.5,0.0,20.3,606.9,14.3,42.0,529.9,20.8
PUNJAB,1961,51.7,39.5,3.0,14.2,4.6,43.0,216.1,199.3,87.0,22.8,2.8,6.1,690.1,91.2,21.8,545.4,31.7
PUNJAB,1962,39.6,14.2,43.2,4.2,4.7,26.0,167.5,126.8,321.2,0.5,14.8,6.7,769.3,53.8,52.1,641.5,22.0
PUNJAB,1963,0.4,14.5,34.3,3.0,12.7,31.3,116.7,199.4,42.6,0.6,7.0,13.6,476.2,14.9,50.0,390.0,21.2
PUNJAB,1964,11.0,5.7,3.9,5.2,19.2,10.2,359.3,189.8,95.0,0.0,0.0,9.6,708.8,16.7,28.3,654.3,9.6
PUNJAB,1965,13.1,23.9,15.3,21.3,34.3,1.6,192.6,91.6,14.2,10.4,4.5,0.5,423.2,37.0,70.9,300.0,15.4
PUNJAB,1966,0.2,38.9,18.5,3.6,37.6,85.1,109.8,200.0,132.6,9.5,0.0,2.3,638.2,39.1,59.7,527.5,11.8
PUNJAB,1967,0.2,13.1,84.8,1.8,1.1,14.7,211.6,197.8,61.5,14.2,1.9,77.6,680.4,13.3,87.7,485.6,93.7
PUNJAB,1968,24.7,30.5,32.7,2.1,1.6,42.6,239.4,142.1,0.5,11.7,0.5,7.8,536.2,55.2,36.4,424.6,20.0
PUNJAB,1969,14.2,21.7,24.4,12.0,17.2,10.8,145.9,122.9,120.9,1.1,3.7,0.0,494.8,35.9,53.6,400.5,4.8
PUNJAB,1970,40.1,20.6,7.3,0.3,12.8,119.8,75.4,260.7,109.4,4.2,0.0,0.0,650.6,60.7,20.4,565.3,4.2
PUNJAB,1971,5.2,42.0,3.3,11.8,42.6,99.0,251.4,255.9,27.2,1.6,8.1,0.0,748.0,47.2,57.7,633.5,9.7
PUNJAB,1972,9.1,31.9,10.8,6.5,0.1,23.8,192.9,132.3,26.1,7.9,19.6,10.1,470.9,41.0,17.4,375.1,37.6
PUNJAB,1973,26.0,32.4,8.2,1.8,41.2,111.4,170.5,256.3,43.3,19.6,0.0,32.4,743.1,58.4,51.2,581.5,52.0
PUNJAB,1974,3.2,2.0,3.1,1.3,6.9,71.0,136.7,101.3,14.4,0.6,0.0,15.8,356.2,5.2,11.3,323.4,16.4
PUNJAB,1975,21.1,20.4,20.0,1.3,3.3,60.0,230.6,195.1,148.8,5.2,0.0,0.0,705.9,41.5,24.6,634.5,5.2
PUNJAB,1976,29.2,53.7,22.7,9.4,12.5,63.1,195.3,318.7,85.1,4.4,0.0,0.5,794.7,82.9,44.6,662.2,4.9
PUNJAB,1977,37.7,0.5,1.0,37.1,41.9,62.3,208.1,175.9,120.1,6.6,0.4,21.1,712.6,38.2,80.0,566.4,28.1
PUNJAB,1978,4.1,30.0,65.1,2.8,1.9,99.2,229.4,231.6,45.7,2.3,8.1,0.5,720.6,34.1,69.8,605.9,10.9
PUNJAB,1979,25.9,71.9,45.7,6.8,22.2,37.3,147.5,46.6,45.1,2.0,7.8,5.1,464.0,97.8,74.7,276.5,14.9
PUNJAB,1980,19.4,12.4,24.3,3.7,1.4,53.5,316.7,122.2,39.1,11.6,16.2,41.2,661.7,31.8,29.4,531.5,69.0
PUNJAB,1981,48.1,20.6,53.8,2.2,9.6,21.7,215.5,58.3,23.0,0.3,50.7,0.0,503.7,68.7,65.6,318.5,51.0
PUNJAB,1982,35.8,27.7,87.5,49.9,57.2,17.0,83.5,172.7,3.7,4.0,9.8,22.6,571.3,63.5,194.6,276.9,36.4
PUNJAB,1983,65.3,26.7,27.4,113.2,48.2,26.6,151.9,208.1,69.7,12.2,0.0,1.7,751.1,92.0,188.8,456.3,13.9
PUNJAB,1984,2.4,67.2,13.9,9.3,1.3,50.2,220.2,214.5,125.7,0.2,0.6,4.9,710.5,69.6,24.5,610.6,5.7
PUNJAB,1985,4.8,0.9,3.6,21.2,6.2,55.7,269.5,243.3,51.9,50.2,0.6,45.1,752.9,5.7,31.0,620.4,95.9
PUNJAB,1986,0.7,42.1,24.6,18.9,32.3,92.2,156.4,153.0,55.1,16.0,9.5,11.2,611.9,42.8,75.8,456.7,36.7
PUNJAB,1987,23.1,30.8,23.3,14.9,98.3,44.7,44.1,82.2,10.5,34.1,0.2,3.3,409.6,53.9,136.5,181.5,37.6
PUNJAB,1988,5.0,22.5,86.4,3.3,3.6,42.7,356.1,234.3,434.1,0.4,0.7,33.5,1222.6,27.5,93.3,1067.2,34.6
PUNJAB,1989,45.7,4.1,17.6,1.7,4.9,39.6,164.1,151.9,20.7,0.3,8.0,21.8,480.3,49.8,24.2,376.3,30.1
PUNJAB,1990,1.9,57.7,32.7,4.2,13.8,18.6,200.3,188.8,194.4,0.6,5.6,36.1,754.7,59.6,50.7,602.1,42.3
PUNJAB,1991,0.1,39.8,16.0,34.8,10.8,73.5,86.8,144.3,41.7,1.0,0.2,26.8,475.9,39.9,61.6,346.3,28.0
PUNJAB,1992,38.8,34.2,11.9,2.2,8.6,24.7,144.5,146.5,50.0,3.2,13.0,0.5,478.2,73.0,22.7,365.7,16.7
PUNJAB,1993,8.5,12.7,29.5,9.4,13.3,38.7,352.6,17.4,98.4,0.3,2.1,0.0,583.1,21.2,52.2,507.1,2.4
PUNJAB,1994,27.6,23.3,2.8,6.4,7.2,29.5,167.4,222.2,89.0,0.4,0.0,5.1,580.9,50.9,16.4,508.1,5.5
PUNJAB,1995,50.8,56.0,17.2,8.8,1.3,51.0,160.0,375.5,145.6,1.3,1.4,0.3,869.1,106.8,27.3,732.1,3.0
PUNJAB,1996,32.7,38.9,19.0,2.8,3.7,118.6,87.9,194.1,72.4,18.8,0.0,0.7,589.7,71.6,25.5,473.0,19.5
PUNJAB,1997,14.5,5.4,8.9,35.8,30.4,55.3,144.1,261.5,24.3,39.0,28.8,42.1,690.1,19.9,75.1,485.2,109.9
PUNJAB,1998,2.8,55.8,25.5,19.1,2.7,42.4,160.6,90.1,139.5,49.9,0.0,0.2,588.6,58.6,47.3,432.6,50.1
PUNJAB,1999,43.4,5.6,4.3,0.0,22.6,35.6,139.6,82.0,30.7,0.5,0.1,0.2,364.4,49.0,26.9,287.9,0.8
PUNJAB,2000,25.4,26.6,6.9,1.3,15.3,50.1,164.8,70.0,42.0,0.0,0.7,2.2,405.3,52.0,23.5,326.9,2.9
PUNJAB,2001,8.0,2.1,6.2,24.5,36.9,93.8,173.9,69.5,19.9,1.5,0.9,3.8,441.0,10.1,67.6,357.1,6.2
PUNJAB,2002,2.4,6.6,6.8,3.3,20.8,24.7,50.4,58.4,95.0,2.6,0.0,3.7,274.7,9.0,30.9,228.5,6.3
PUNJAB,2003,10.6,56.4,19.4,3.0,3.9,40.7,136.7,94.7,52.2,0.0,2.2,5.0,424.6,67.0,26.3,324.3,7.2
PUNJAB,2004,32.4,5.7,0.0,15.5,27.2,48.8,52.1,124.2,8.9,31.2,0.8,5.0,351.7,38.1,42.7,234.0,37.0
PUNJAB,2005,35.8,60.3,28.6,8.4,5.2,34.6,176.7,95.3,106.7,0.4,0.0,0.0,552.0,96.1,42.2,413.3,0.4
PUNJAB,2006,15.0,3.7,46.1,1.3,32.1,73.0,220.3,90.8,120.7,24.6,13.4,6.7,647.7,18.7,79.5,504.8,44.7
PUNJAB,2007,1.2,68.8,48.2,10.0,5.9,64.4,95.1,215.4,73.7,0.6,0.9,10.6,594.8,70.0,64.1,448.6,12.1
PUNJAB,2008,12.0,4.1,0.0,19.7,40.6,155.5,101.9,312.2,59.8,9.9,0.6,0.9,717.1,16.1,60.3,629.4,11.4
PUNJAB,2009,9.4,14.4,10.5,14.0,5.6,10.6,158.0,76.8,54.7,4.0,2.7,0.4,361.2,23.8,30.1,300.1,7.1
PUNJAB,2010,3.8,13.8,1.9,0.7,6.0,41.8,143.8,96.7,112.8,4.7,1.1,24.4,451.5,17.6,8.6,395.1,30.2
PUNJAB,2011,3.5,35.6,8.2,17.8,18.9,162.9,120.9,193.5,140.2,0.0,1.0,2.6,705.2,39.1,44.9,617.5,3.6
PUNJAB,2012,62.6,3.2,1.9,31.1,1.6,11.9,120.2,135.1,112.3,2.2,0.4,11.0,493.6,65.8,34.6,379.5,13.6
PUNJAB,2013,9.3,50.1,11.6,3.4,3.6,120.3,117.9,217.1,24.4,16.2,6.1,6.6,586.6,59.4,18.6,479.7,28.9
PUNJAB,2014,21.8,20.1,30.3,24.5,20.8,20.6,76.3,41.9,105.8,6.0,0.7,14.1,382.7,41.9,75.6,244.6,20.8
PUNJAB,2015,17.7,31.3,68.5,29.8,16.7,48.3,130.2,88.6,69.2,9.0,0.8,0.7,510.8,49.0,115.0,336.3,10.5
RAJASTHAN,1901,14.15,4.45,2.0,0.35,5.55,9.0,121.9,117.4,4.25,5.95,0.0,0.7,285.7,18.6,7.9,252.55,6.65
RAJASTHAN,1902,2.05,0.35,0.0,1.15,6.95,41.85,137.3,94.0,93.7,8.1,0.0,1.4,386.95,2.4,8.1,366.85,9.5
RAJASTHAN,1903,1.8,1.0,3.4,0.05,8.55,9.15,196.5,158.1,108.9,8.95,0.0,0.25,496.55,2.8,12.0,472.65,9.2
RAJASTHAN,1904,4.05,4.2,19.0,0.45,19.45,32.25,164.75,134.55,35.8,1.45,4.35,10.9,431.2,8.25,38.9,367.35,16.7
RAJASTHAN,1905,5.2,6.8,1.95,1.45,1.15,9.65,80.3,15.75,74.15,0.0,0.0,0.75,197.1,12.0,4.55,179.85,0.75
RAJASTHAN,1906,0.15,31.1,7.0,0.0,0.9,40.9,158.1,77.05,139.25,1.3,0.0,2.7,458.45,31.25,7.9,415.3,4.0
RAJASTHAN,1907,3.45,30.1,6.65,10.8,9.75,15.65,93.15,281.15,1.75,0.05,0.0,0.0,452.5,33.55,27.2,391.7,0.05
RAJASTHAN,1908,11.2,0.5,0.8,2.1,6.4,35.5,302.05,307.4,57.75,1.1,1.2,0.05,726.05,11.7,9.3,702.7,2.35
RAJASTHAN,1909,3.4,3.95,0.0,33.45,3.75,72.25,228.8,140.65,98.5,1.15,0.0,18.1,603.9,7.35,37.2,540.2,19.25
RAJASTHAN,1910,5.05,0.65,0.0,2.75,0.75,95.95,82.25,203.4,73.2,24.35,1.0,0.0,489.25,5.7,3.5,454.8,25.35
RAJASTHAN,1911,8.2,0.4,27.8,1.3,0.1,47.65,22.9,44.3,109.05,6.15,11.65,0.1,279.6,8.6,29.2,223.9,17.9
RAJASTHAN,1912,13.0,2.6,0.9,2.45,4.2,25.25,212.2,167.2,30.95,3.5,4.4,0.9,467.65,15.6,7.55,435.6,8.8
RAJASTHAN,1913,0.05,9.0,1.75,0.3,36.4,82.5,106.35,82.6,37.55,0.8,0.5,15.35,373.3,9.05,38.45,309.0,16.65
RAJASTHAN,1914,1.3,1.35,0.5,5.2,4.4,69.95,225.3,89.85,78.05,7.65,5.85,0.0,489.45,2.65,10.1,463.15,13.5
RAJASTHAN,1915,13.0,24.95,24.3,1.2,2.8,25.0,47.9,63.9,20.9,50.1,0.0,0.4,274.5,37.95,28.3,157.7,50.5
RAJASTHAN,1916,0.75,1.75,0.1,1.0,13.2,54.4,112.75,313.65,112.55,22.35,0.95,0.0,633.5,2.5,14.3,593.35,23.3
RAJASTHAN,1917,2.45,5.0,2.6,11.6,73.85,111.55,181.25,313.45,268.45,89.05,0.0,0.4,1059.6,7.45,88.05,874.7,89.45
RAJASTHAN,1918,2.2,0.0,2.55,0.6,1.65,16.95,27.35,102.05,12.45,0.15,1.85,0.1,167.95,2.2,4.8,158.8,2.1
RAJASTHAN,1919,21.45,0.8,0.7,5.35,10.65,16.25,180.35,254.15,37.15,0.15,13.8,5.15,546.0,22.25,16.7,487.9,19.1
RAJASTHAN,1920,5.65,2.6,1.85,1.0,47.5,105.4,195.05,57.75,5.7,0.05,0.0,0.0,422.7,8.25,50.35,363.9,0.05
RAJASTHAN,1921,9.2,0.0,0.0,0.1,0.0,13.3,149.05,99.95,109.85,0.8,0.05,0.55,382.9,9.2,0.1,372.15,1.4
RAJASTHAN,1922,3.2,0.5,0.0,0.55,6.8,51.0,166.5,89.1,130.5,1.15,0.8,7.3,457.35,3.7,7.35,437.1,9.25
RAJASTHAN,1923,2.65,6.7,2.2,0.5,11.2,8.6,222.1,190.5,28.75,0.8,0.2,7.5,481.75,9.35,13.9,449.95,8.5
RAJASTHAN,1924,9.0,4.0,0.05,0.3,6.9,22.45,178.9,165.8,182.9,20.65,2.0,17.75,610.75,13.0,7.25,550.05,40.4
RAJASTHAN,1925,0.05,0.0,0.0,0.05,11.45,112.9,140.5,38.1,10.7,2.25,10.65,0.0,326.7,0.05,11.5,302.2,12.9
RAJASTHAN,1926,5.75,0.7,24.05,1.65,20.0,8.95,155.85,261.0,157.95,0.1,0.0,0.25,636.3,6.45,45.7,583.75,0.35
RAJASTHAN,1927,0.0,8.55,0.25,1.0,5.55,15.7,204.3,204.25,46.8,5.9,13.2,23.75,529.15,8.55,6.8,471.05,42.85
RAJASTHAN,1928,1.65,8.6,0.8,1.05,2.15,16.8,158.3,163.75,27.35,49.45,6.85,3.45,440.15,10.25,4.0,366.2,59.75
RAJASTHAN,1929,2.95,0.75,0.0,2.9,9.55,31.0,217.15,148.9,19.15,0.45,0.0,6.75,439.65,3.7,12.45,416.2,7.2
RAJASTHAN,1930,9.6,1.1,0.45,1.1,19.45,59.9,198.6,101.95,24.25,29.1,0.1,0.0,445.7,10.7,21.0,384.7,29.2
RAJASTHAN,1931,0.25,1.65,1.75,0.05,10.95,10.85,149.0,336.05,34.85,38.65,0.15,0.65,584.8,1.9,12.75,530.75,39.45
RAJASTHAN,1932,0.5,0.4,10.15,3.6,4.15,16.25,168.8,151.3,47.55,1.15,0.0,0.6,404.55,0.9,17.9,383.9,1.75
RAJASTHAN,1933,0.15,6.7,2.75,17.65,22.7,127.75,108.4,248.1,108.75,6.95,6.2,0.95,657.1,6.85,43.1,593.0,14.1
RAJASTHAN,1934,2.65,0.0,10.75,0.25,0.9,89.5,91.45,302.85,60.7,0.0,1.0,5.55,565.65,2.65,11.9,544.5,6.55
RAJASTHAN,1935,12.0,4.25,1.6,9.45,1.05,19.15,218.4,78.95,108.65,10.5,0.9,5.85,470.7,16.25,12.1,425.15,17.25
RAJASTHAN,1936,0.9,4.75,7.8,0.3,2.1,95.1,74.4,129.5,72.4,0.0,14.0,2.55,403.8,5.65,10.2,371.4,16.55
RAJASTHAN,1937,0.0,18.85,0.6,1.45,4.5,58.1,268.6,30.8,87.0,2.0,0.3,9.2,481.5,18.85,6.55,444.5,11.5
RAJASTHAN,1938,4.15,0.25,0.05,0.35,4.9,96.45,144.5,81.3,6.25,5.05,0.0,0.05,343.3,4.4,5.3,328.5,5.1
RAJASTHAN,1939,0.95,18.85,8.55,0.1,0.2,42.15,62.1,83.1,52.5,0.55,0.0,0.0,269.05,19.8,8.85,239.85,0.55
RAJASTHAN,1940,22.05,12.7,11.35,1.65,3.95,47.9,122.6,225.55,18.3,1.95,4.5,0.2,472.6,34.75,16.95,414.35,6.65
RAJASTHAN,1941,10.2,4.75,1.6,0.0,10.15,30.9,92.1,166.95,44.7,0.75,0.0,3.05,365.35,14.95,11.75,334.65,3.8
RAJASTHAN,1942,9.75,11.05,0.0,2.9,12.2,40.35,261.9,200.65,97.95,0.15,0.0,2.2,639.1,20.8,15.1,600.85,2.35
RAJASTHAN,1943,4.45,0.05,0.05,3.4,3.8,36.7,297.7,66.7,92.95,0.05,0.0,0.2,506.1,4.5,7.25,494.05,0.25
RAJASTHAN,1944,17.15,6.3,17.05,9.55,1.3,45.3,223.45,368.6,18.2,7.8,0.45,0.8,716.0,23.45,27.9,655.55,9.05
RAJASTHAN,1945,16.9,0.0,0.35,6.45,13.1,83.4,260.25,144.05,86.55,1.8,0.0,0.0,612.8,16.9,19.9,574.25,1.8
RAJASTHAN,1946,0.0,5.7,0.0,0.7,5.4,85.05,113.0,273.4,47.3,4.85,6.35,13.55,555.4,5.7,6.1,518.75,24.75
RAJASTHAN,1947,4.55,2.0,0.4,0.25,0.75,7.4,68.3,212.3,177.2,8.0,0.05,2.85,484.0,6.55,1.4,465.2,10.9
RAJASTHAN,1948,30.3,13.65,4.3,0.2,0.85,17.85,166.25,150.25,53.4,6.7,4.3,0.45,448.55,43.95,5.35,387.75,11.45
RAJASTHAN,1949,1.45,1.9,0.05,0.15,4.4,26.5,201.45,61.9,64.75,3.55,0.75,0.1,367.0,3.35,4.6,354.6,4.4
RAJASTHAN,1950,1.15,0.25,2.55,0.0,4.15,9.95,225.15,119.75,145.8,0.0,0.0,0.35,509.2,1.4,6.7,500.65,0.35
RAJASTHAN,1951,1.0,0.0,6.3,3.95,12.2,36.0,65.7,119.8,9.8,0.45,16.2,0.0,271.35,1.0,22.45,231.3,16.65
RAJASTHAN,1952,0.35,3.5,0.7,1.25,1.15,64.9,258.65,152.85,4.15,0.2,0.15,2.05,489.9,3.85,3.1,480.55,2.4
RAJASTHAN,1953,19.1,0.0,0.0,1.1,4.4,37.75,117.6,226.35,36.95,1.15,0.0,0.65,445.15,19.1,5.5,418.65,1.8
RAJASTHAN,1954,2.75,16.5,2.7,0.0,0.45,29.35,175.2,56.6,161.2,12.8,0.7,0.0,458.15,19.25,3.15,422.35,13.5
RAJASTHAN,1955,5.95,2.85,2.0,0.45,6.05,61.45,34.4,294.6,162.35,47.65,0.0,0.2,617.95,8.8,8.5,552.8,47.85
RAJASTHAN,1956,4.55,0.4,7.95,0.6,0.9,27.85,324.3,145.9,31.8,103.5,0.4,3.35,651.5,4.95,9.45,529.85,107.25
RAJASTHAN,1957,23.1,0.05,9.25,0.4,9.5,46.15,160.95,163.55,38.3,7.45,3.75,2.35,464.65,23.15,19.15,408.95,13.55
RAJASTHAN,1958,3.05,0.35,0.55,0.45,2.3,30.85,179.0,89.45,174.2,9.5,10.4,3.3,503.4,3.4,3.3,473.5,23.2
RAJASTHAN,1959,3.35,1.45,0.5,4.4,21.75,25.95,185.75,163.1,123.6,24.55,6.3,0.15,560.75,4.8,26.65,498.4,31.0
RAJASTHAN,1960,1.0,0.0,5.0,0.7,3.45,44.1,127.2,204.05,11.7,3.7,0.0,3.8,404.7,1.0,9.15,387.05,7.5
RAJASTHAN,1961,8.55,9.75,0.1,3.1,5.75,71.0,150.0,146.1,230.55,12.5,3.55,1.35,642.25,18.3,8.95,597.65,17.4
RAJASTHAN,1962,0.95,0.85,5.7,2.2,2.5,4.2,194.45,119.05,97.45,0.0,0.95,4.95,433.3,1.8,10.4,415.15,5.9
RAJASTHAN,1963,0.25,1.0,3.35,2.1,2.65,19.75,76.8,190.15,62.15,5.9,11.35,0.6,376.1,1.25,8.1,348.85,17.85
RAJASTHAN,1964,0.3,0.15,0.25,0.25,22.15,33.7,175.0,215.05,44.05,0.1,0.0,0.8,491.8,0.45,22.65,467.8,0.9
RAJASTHAN,1965,4.1,2.75,2.55,2.9,5.2,6.5,164.85,79.45,45.6,5.6,0.05,0.0,319.55,6.85,10.65,296.4,5.65
RAJASTHAN,1966,0.1,7.0,0.75,0.05,12.2,54.85,96.5,123.85,64.8,1.2,1.7,0.1,363.15,7.1,13.0,340.0,3.0
RAJASTHAN,1967,0.0,0.0,58.2,1.75,2.3,56.25,110.2,173.45,113.65,2.2,2.5,29.7,550.1,0.0,62.25,453.55,34.4
RAJASTHAN,1968,5.75,3.85,4.75,0.05,5.6,2.8,196.5,102.9,5.65,2.8,0.0,0.1,330.9,9.6,10.4,307.85,2.9
RAJASTHAN,1969,2.25,1.15,1.4,1.45,3.8,9.85,137.6,151.0,66.35,0.55,1.1,0.0,376.55,3.4,6.65,364.8,1.65
RAJASTHAN,1970,5.6,21.85,2.0,0.15,4.85,62.3,104.65,240.85,92.4,2.4,0.0,0.0,537.05,27.45,7.0,500.2,2.4
RAJASTHAN,1971,3.1,0.55,0.15,1.15,28.45,120.6,186.3,100.7,68.85,7.9,0.3,0.0,517.95,3.65,29.75,476.45,8.2
RAJASTHAN,1972,0.75,2.6,0.0,1.75,1.1,53.7,62.9,181.15,12.05,1.9,1.95,0.25,320.1,3.35,2.85,309.8,4.1
RAJASTHAN,1973,1.95,1.8,0.3,0.05,11.85,25.95,162.5,346.1,145.6,3.55,0.0,1.85,701.5,3.75,12.2,680.15,5.4
RAJASTHAN,1974,0.0,0.0,0.2,0.6,20.55,25.9,192.45,91.95,12.6,41.85,0.0,2.0,388.05,0.0,21.35,322.9,43.85
RAJASTHAN,1975,1.15,0.4,1.1,0.15,2.5,71.95,227.8,231.6,154.55,34.4,0.05,0.25,725.85,1.55,3.75,685.9,34.7
RAJASTHAN,1976,6.45,5.55,0.25,1.7,11.2,65.25,147.4,240.85,109.8,0.15,31.65,0.0,620.25,12.0,13.15,563.3,31.8
RAJASTHAN,1977,9.45,1.45,0.1,5.65,15.3,102.05,270.65,137.1,94.35,0.65,1.3,0.3,638.45,10.9,21.05,604.15,2.25
RAJASTHAN,1978,0.2,10.95,4.25,3.9,0.0,58.0,259.15,161.85,39.65,3.05,9.25,3.15,553.4,11.15,8.15,518.65,15.45
RAJASTHAN,1979,4.75,25.65,2.25,0.8,24.05,33.3,162.55,100.8,15.7,6.95,32.8,2.2,411.65,30.4,27.1,312.35,41.95
RAJASTHAN,1980,0.55,0.3,4.5,0.25,3.95,90.4,166.35,86.7,21.3,2.4,1.4,14.75,392.95,0.85,8.7,364.75,18.55
RAJASTHAN,1981,4.85,1.7,6.0,0.1,8.45,36.5,204.15,91.15,43.6,4.45,29.3,1.65,431.9,6.55,14.55,375.4,35.4
RAJASTHAN,1982,14.0,4.2,9.7,22.15,36.65,23.15,127.55,197.45,13.55,9.0,25.95,2.7,486.0,18.2,68.5,361.7,37.65
RAJASTHAN,1983,3.2,1.2,1.1,32.75,34.6,52.9,220.15,175.7,89.75,20.9,0.0,0.05,632.3,4.4,68.45,538.5,20.95
RAJASTHAN,1984,0.65,1.55,0.05,0.7,0.15,20.6,99.15,178.65,81.65,0.1,0.1,0.0,383.25,2.2,0.9,380.05,0.2
RAJASTHAN,1985,0.6,0.05,0.6,6.4,8.45,16.65,137.2,150.1,20.85,45.9,0.25,5.65,392.75,0.65,15.45,324.8,51.8
RAJASTHAN,1986,2.1,15.85,1.75,0.45,25.2,37.4,203.85,95.75,11.1,3.55,0.0,0.1,397.15,17.95,27.4,348.1,3.65
RAJASTHAN,1987,8.95,2.55,3.6,0.5,27.85,40.45,40.0,127.75,14.85,9.8,0.0,13.15,289.35,11.5,31.95,223.05,22.95
RAJASTHAN,1988,1.35,0.95,6.65,3.75,1.4,64.25,171.2,138.7,64.55,7.0,0.05,0.4,460.25,2.3,11.8,438.7,7.45
RAJASTHAN,1989,7.7,0.05,1.75,0.55,0.3,39.15,105.8,196.4,26.7,0.1,0.35,0.5,379.3,7.75,2.6,368.05,0.95
RAJASTHAN,1990,0.0,26.35,0.6,1.05,18.3,47.5,196.7,211.25,102.6,4.3,3.1,0.8,612.55,26.35,19.95,558.05,8.2
RAJASTHAN,1991,0.2,3.25,0.2,12.3,5.0,18.7,167.6,134.95,30.1,0.2,2.65,3.75,378.8,3.45,17.5,351.35,6.6
RAJASTHAN,1992,8.35,4.85,2.1,0.6,7.95,13.05,185.55,188.7,134.6,23.8,4.7,0.4,574.7,13.2,10.65,521.9,28.9
RAJASTHAN,1993,1.2,6.05,3.0,3.5,5.2,73.55,217.45,49.45,80.9,3.7,0.3,0.05,444.35,7.25,11.7,421.35,4.05
RAJASTHAN,1994,17.0,0.6,0.45,8.5,3.6,74.25,253.9,180.2,88.6,0.0,0.2,0.0,627.35,17.6,12.55,596.95,0.2
RAJASTHAN,1995,19.0,5.45,4.6,1.85,1.05,20.7,235.1,206.2,54.35,10.05,0.0,2.65,561.1,24.45,7.5,516.35,12.7
RAJASTHAN,1996,3.0,4.2,1.95,2.65,15.25,130.7,125.1,160.1,60.15,8.45,0.15,0.0,511.8,7.2,19.85,476.05,8.6
RAJASTHAN,1997,0.95,0.2,3.6,10.4,17.25,59.0,99.8,150.25,49.65,48.65,7.7,12.05,459.5,1.15,31.25,358.7,68.4
RAJASTHAN,1998,0.0,5.25,4.1,4.5,1.55,48.75,100.45,75.3,88.9,47.45,1.4,0.0,377.7,5.25,10.15,313.4,48.85
RAJASTHAN,1999,4.0,4.0,0.15,0.05,22.8,38.6,123.2,66.2,35.8,11.55,0.0,0.05,306.35,8.0,23.0,263.8,11.6
RAJASTHAN,2000,0.4,0.55,0.35,2.7,12.65,14.2,221.1,67.55,17.2,0.75,0.25,0.05,337.65,0.95,15.7,320.05,1.05
RAJASTHAN,2001,0.7,0.6,0.2,7.95,23.35,74.4,197.15,97.55,5.25,8.25,0.0,2.9,418.25,1.3,31.5,374.35,11.15
RAJASTHAN,2002,0.95,6.8,0.55,1.3,9.9,49.15,7.95,73.9,30.9,0.45,1.65,5.25,188.85,7.75,11.75,161.9,7.35
RAJASTHAN,2003,3.3,21.3,0.65,0.3,2.65,60.9,217.1,136.05,53.75,0.15,0.0,1.2,497.35,24.6,3.6,467.8,1.35
RAJASTHAN,2004,2.45,0.0,0.0,3.5,7.65,43.15,66.35,237.6,16.65,23.1,0.2,0.85,401.45,2.45,11.15,363.75,24.15
RAJASTHAN,2005,0.9,8.9,7.2,6.25,9.65,42.4,162.55,52.15,124.15,0.0,0.05,0.0,414.35,9.8,23.1,381.25,0.05
RAJASTHAN,2006,0.0,0.0,14.4,1.9,10.7,55.35,134.3,272.55,60.1,3.85,0.25,1.5,554.85,0.0,27.0,522.3,5.6
RAJASTHAN,2007,0.35,25.85,16.3,1.9,4.65,52.1,156.75,118.65,65.85,0.0,0.05,0.7,443.25,26.2,22.85,393.35,0.75
RAJASTHAN,2008,0.85,0.1,0.65,13.6,23.4,108.35,111.6,150.6,67.85,1.7,1.4,4.2,484.35,0.95,37.65,438.4,7.3
RAJASTHAN,2009,1.7,1.5,3.85,0.9,6.65,32.5,134.1,70.2,26.5,5.6,3.55,0.3,287.25,3.2,11.4,263.3,9.45
RAJASTHAN,2010,1.9,2.05,0.55,0.5,1.85,38.4,163.05,219.65,112.7,0.85,34.8,5.1,581.3,3.95,2.9,533.8,40.75
RAJASTHAN,2011,0.0,11.5,0.85,1.0,6.45,82.65,141.05,225.45,141.35,0.05,0.0,0.0,610.4,11.5,8.3,590.5,0.05
RAJASTHAN,2012,1.2,0.0,0.0,6.55,9.95,8.25,105.45,265.85,111.65,1.2,0.0,0.35,510.45,1.2,16.5,491.2,1.55
RAJASTHAN,2013,5.0,21.75,2.3,3.15,1.35,64.1,211.75,208.35,73.35,20.35,1.15,0.15,612.75,26.75,6.8,557.55,21.65
RAJASTHAN,2014,14.6,6.1,5.55,7.85,15.7,18.65,145.7,165.3,110.9,1.85,0.1,0.55,492.85,20.7,29.1,440.55,2.5
RAJASTHAN,2015,6.75,0.5,43.1,20.55,9.5,74.8,266.1,101.65,27.9,3.05,0.3,0.4,554.55,7.25,73.15,470.45,3.75
SIKKIM,1901,26.5,14.8,14.1,29.2,195.5,488.4,524.8,501.1,242.7,55.5,17.9,2.6,2113.2,41.3,238.8,1757.0,76.0
SIKKIM,1902,1.2,0.7,87.1,126.1,271.3,539.2,671.0,603.8,799.9,74.4,5.6,0.0,3180.4,1.9,484.5,2613.9,80.0
SIKKIM,1903,5.5,8.7,19.6,18.6,163.6,541.2,431.5,708.8,365.2,141.3,0.3,0.0,2404.5,14.2,201.8,2046.7,141.6
SIKKIM,1904,3.4,29.2,0.9,124.3,333.6,274.2,500.4,468.5,260.6,164.8,8.9,1.1,2169.9,32.6,458.8,1503.7,174.8
SIKKIM,1905,12.0,31.2,51.9,104.4,290.6,524.8,523.1,1036.6,321.1,87.9,2.7,18.7,3005.0,43.2,446.9,2405.6,109.3
SIKKIM,1906,9.3,49.2,30.4,13.0,198.1,438.0,706.4,816.0,208.6,140.5,8.0,0.4,2618.0,58.5,241.5,2169.0,148.9
SIKKIM,1907,10.4,20.8,71.1,108.8,156.2,408.1,889.8,358.8,456.1,40.0,5.8,4.1,2530.0,31.2,336.1,2112.8,49.9
SIKKIM,1908,10.6,32.9,9.8,53.8,315.0,368.6,449.1,268.5,441.6,36.0,2.3,0.0,1988.2,43.5,378.6,1527.8,38.3
SIKKIM,1909,2.1,8.6,0.0,147.8,191.9,896.0,340.9,600.5,340.2,136.8,3.6,1.8,2670.1,10.7,339.7,2177.6,142.2
SIKKIM,1910,2.5,17.4,73.2,47.4,170.4,833.7,859.8,489.2,353.1,188.0,11.2,0.2,3046.1,19.9,291.0,2535.8,199.4
SIKKIM,1911,22.9,6.7,40.8,117.3,315.2,575.4,853.2,430.4,493.3,326.4,12.4,0.1,3194.2,29.6,473.3,2352.3,338.9
SIKKIM,1912,2.3,12.0,81.8,134.7,277.3,397.8,743.5,553.3,335.6,133.0,121.9,0.5,2793.6,14.3,493.8,2030.2,255.4
SIKKIM,1913,0.7,35.1,46.5,52.2,301.4,736.9,596.1,477.7,476.6,153.7,4.8,53.2,2935.1,35.8,400.1,2287.3,211.7
SIKKIM,1914,2.2,70.0,9.1,139.2,247.7,402.2,351.3,741.7,392.8,43.0,14.8,0.3,2414.1,72.2,396.0,1888.0,58.1
SIKKIM,1915,1.0,52.9,50.4,72.7,366.4,352.7,509.1,610.7,359.0,116.5,13.0,0.6,2504.9,53.9,489.5,1831.5,130.1
SIKKIM,1916,6.6,17.6,8.7,165.3,305.4,649.0,1020.8,514.9,571.9,209.9,5.6,1.1,3476.8,24.2,479.4,2756.6,216.6
SIKKIM,1917,1.0,21.4,15.1,23.4,226.1,619.4,740.5,410.5,428.0,354.3,1.7,0.4,2841.6,22.4,264.6,2198.4,356.4
SIKKIM,1918,0.8,1.5,17.2,141.9,306.3,682.6,703.8,746.9,345.0,33.6,2.0,0.1,2981.4,2.3,465.4,2478.3,35.7
SIKKIM,1919,19.6,5.0,5.5,93.4,177.8,558.0,704.0,285.9,518.2,170.5,6.1,0.4,2544.5,24.6,276.7,2066.1,177.0
SIKKIM,1920,0.8,24.2,80.5,66.0,148.9,615.2,389.8,608.7,788.8,161.0,0.2,0.0,2884.1,25.0,295.4,2402.5,161.2
SIKKIM,1921,37.9,6.0,54.9,157.4,503.1,589.2,970.2,521.4,479.6,183.8,2.7,7.1,3513.4,43.9,715.4,2560.4,193.6
SIKKIM,1922,17.8,2.5,5.6,45.4,217.1,803.0,719.8,526.3,571.2,87.2,1.9,3.9,3001.9,20.3,268.1,2620.3,93.0
SIKKIM,1923,0.0,40.2,3.8,104.2,336.5,536.9,656.3,228.1,504.1,76.5,0.6,1.7,2489.0,40.2,444.5,1925.4,78.8
SIKKIM,1924,0.8,3.5,4.1,110.9,264.7,693.1,732.0,491.2,439.0,128.2,81.4,1.9,2950.9,4.3,379.7,2355.3,211.5
SIKKIM,1925,3.0,6.1,13.1,261.6,284.6,554.1,446.0,664.5,568.6,69.3,14.8,0.8,2886.6,9.1,559.3,2233.2,84.9
SIKKIM,1926,12.7,2.9,66.5,43.7,236.1,580.8,853.8,396.4,331.8,102.8,0.2,9.9,2637.7,15.6,346.3,2162.8,112.9
SIKKIM,1927,21.0,33.9,56.4,44.5,300.4,682.1,518.1,408.4,543.5,107.3,16.3,0.3,2732.2,54.9,401.3,2152.1,123.9
SIKKIM,1928,25.5,11.8,5.4,92.6,210.8,527.8,666.2,660.9,395.9,255.3,14.9,1.9,2868.9,37.3,308.8,2250.8,272.1
SIKKIM,1929,49.7,2.0,37.9,126.4,235.0,594.0,554.5,392.6,400.9,513.5,10.5,14.3,2931.3,51.7,399.3,1942.0,538.3
SIKKIM,1930,17.6,19.9,51.7,61.3,192.3,495.1,346.1,475.8,329.6,140.4,52.0,2.4,2184.5,37.5,305.3,1646.6,194.8
SIKKIM,1931,2.8,9.7,28.2,98.6,296.3,523.7,793.8,408.7,585.3,112.1,12.7,4.5,2876.5,12.5,423.1,2311.5,129.3
SIKKIM,1932,3.0,7.0,8.6,72.4,255.9,731.3,363.5,582.9,380.1,154.4,132.1,24.4,2715.6,10.0,336.9,2057.8,310.9
SIKKIM,1933,16.5,9.4,0.5,112.4,206.0,565.3,653.3,512.3,284.1,149.3,3.9,1.1,2514.2,25.9,318.9,2015.0,154.3
SIKKIM,1934,10.5,60.2,0.4,86.8,227.5,517.2,656.2,455.6,436.3,151.4,4.0,6.8,2612.9,70.7,314.7,2065.3,162.2
SIKKIM,1935,9.5,28.4,16.6,24.2,248.9,609.2,365.4,935.1,521.7,18.0,6.3,1.8,2785.1,37.9,289.7,2431.4,26.1
SIKKIM,1936,3.7,8.9,46.7,85.7,274.8,410.4,663.8,508.7,536.0,113.2,0.1,8.3,2660.3,12.6,407.2,2118.9,121.6
SIKKIM,1937,0.0,68.6,2.2,63.7,270.2,317.2,477.3,654.0,354.8,351.6,6.7,2.0,2568.4,68.6,336.1,1803.3,360.3
SIKKIM,1938,0.8,8.2,7.6,76.2,460.9,889.2,699.4,539.0,461.0,102.4,4.4,0.1,3249.3,9.0,544.7,2588.6,106.9
SIKKIM,1939,0.0,19.8,5.8,6.7,268.3,626.3,605.9,460.5,444.6,146.3,6.5,0.3,2591.1,19.8,280.8,2137.3,153.1
SIKKIM,1940,0.1,54.2,121.2,24.7,217.1,469.1,600.3,400.8,408.4,11.7,9.5,3.1,2320.2,54.3,363.0,1878.6,24.3
SIKKIM,1941,3.8,6.3,12.7,85.4,378.8,470.1,544.9,582.1,452.8,154.5,22.0,4.5,2718.0,10.1,476.9,2049.9,181.0
SIKKIM,1942,6.6,19.5,45.7,186.9,253.8,537.8,382.2,363.8,511.7,49.7,7.6,0.0,2365.4,26.1,486.4,1795.5,57.3
SIKKIM,1943,42.0,38.8,30.3,185.0,209.6,828.9,450.0,555.7,532.8,39.6,4.0,0.9,2917.6,80.8,424.9,2367.4,44.5
SIKKIM,1944,37.1,15.7,53.9,105.9,248.8,585.9,446.9,416.7,613.3,52.1,6.9,0.0,2583.2,52.8,408.6,2062.8,59.0
SIKKIM,1945,27.8,21.3,6.9,120.3,305.4,398.3,551.3,680.0,406.9,235.9,0.0,1.3,2755.4,49.1,432.6,2036.5,237.2
SIKKIM,1946,0.0,11.6,34.2,182.8,248.7,523.4,599.9,401.1,461.7,297.0,7.8,0.2,2768.5,11.6,465.7,1986.1,305.0
SIKKIM,1947,1.6,0.8,93.4,76.0,171.1,377.7,688.1,439.2,542.0,141.9,1.9,0.5,2534.1,2.4,340.5,2047.0,144.3
SIKKIM,1948,0.5,15.5,21.5,178.3,357.5,556.3,798.0,415.5,349.2,185.8,57.1,1.3,2936.6,16.0,557.3,2119.0,244.2
SIKKIM,1949,9.6,25.5,14.1,281.8,351.9,660.9,645.1,586.3,395.8,311.4,0.1,5.1,3287.7,35.1,647.8,2288.1,316.6
SIKKIM,1950,0.3,19.6,27.9,48.4,210.4,747.5,570.9,639.9,366.2,131.0,0.2,0.3,2762.5,19.9,286.7,2324.5,131.5
SIKKIM,1951,1.0,0.5,22.7,69.3,239.8,546.5,778.3,503.7,326.1,158.0,37.3,0.0,2683.1,1.5,331.8,2154.6,195.3
SIKKIM,1952,1.3,22.2,80.8,168.2,420.8,580.6,713.0,522.9,587.9,148.8,20.7,3.7,3270.7,23.5,669.8,2404.4,173.2
SIKKIM,1953,28.2,10.7,88.1,64.5,253.2,427.7,755.2,315.5,540.7,105.7,0.4,4.1,2594.0,38.9,405.8,2039.1,110.2
SIKKIM,1954,15.7,10.2,10.0,71.1,308.9,841.5,961.5,496.2,250.8,85.6,0.7,3.5,3055.6,25.9,390.0,2550.0,89.8
SIKKIM,1955,4.6,2.8,34.6,71.5,220.5,541.0,1064.6,626.2,365.0,51.3,6.1,4.6,2992.9,7.4,326.6,2596.8,62.0
SIKKIM,1956,14.8,1.4,42.6,164.9,420.9,747.9,471.4,486.8,285.2,215.8,30.1,3.6,2885.5,16.2,628.4,1991.3,249.5
SIKKIM,1957,103.0,8.9,25.5,10.6,167.7,430.2,650.6,535.4,208.4,73.7,7.7,3.8,2225.5,111.9,203.8,1824.6,85.2
SIKKIM,1958,8.1,17.5,14.8,120.6,269.4,487.8,500.3,898.1,353.2,145.6,1.8,3.0,2820.3,25.6,404.8,2239.4,150.4
SIKKIM,1959,99.8,5.7,64.3,111.6,218.7,565.9,538.6,291.7,337.9,345.0,0.9,0.1,2580.1,105.5,394.6,1734.1,346.0
SIKKIM,1960,0.1,6.5,52.0,4.8,293.2,407.2,764.5,387.2,623.0,71.9,0.0,0.0,2610.5,6.6,350.0,2181.9,71.9
SIKKIM,1961,11.5,38.9,19.6,39.3,279.2,448.3,448.9,542.0,341.5,127.5,2.1,5.4,2304.2,50.4,338.1,1780.7,135.0
SIKKIM,1962,33.0,21.7,14.4,57.2,318.7,537.1,516.6,663.2,279.5,77.4,0.4,2.6,2521.7,54.7,390.3,1996.4,80.4
SIKKIM,1963,2.1,0.7,32.2,103.9,323.6,409.4,676.1,611.9,267.7,152.5,21.7,3.0,2604.7,2.8,459.7,1965.1,177.2
SIKKIM,1964,0.0,1.2,9.4,127.0,184.7,613.2,959.1,445.6,486.8,151.0,3.4,0.1,2981.4,1.2,321.1,2504.7,154.5
SIKKIM,1965,0.2,22.0,48.2,69.5,232.4,444.6,697.6,830.2,345.7,39.5,32.7,0.2,2762.7,22.2,350.1,2318.1,72.4
SIKKIM,1966,29.5,7.6,3.0,51.5,231.7,287.5,741.5,682.8,357.3,100.9,18.3,3.8,2515.3,37.1,286.2,2069.1,123.0
SIKKIM,1967,2.3,0.1,98.8,85.3,213.7,727.5,901.6,274.1,409.4,128.7,7.9,11.1,2860.5,2.4,397.8,2312.6,147.7
SIKKIM,1968,26.3,4.7,34.3,90.8,237.3,646.7,827.6,594.2,514.8,314.3,87.3,0.5,3378.8,31.0,362.4,2583.3,402.1
SIKKIM,1969,11.5,2.8,45.1,77.5,273.3,504.8,550.5,448.2,431.2,45.8,34.1,0.0,2424.9,14.3,395.9,1934.7,79.9
SIKKIM,1970,18.0,13.4,7.6,162.5,162.7,556.6,731.2,425.4,560.8,60.7,3.3,0.0,2702.3,31.4,332.8,2274.0,64.0
SIKKIM,1971,28.4,21.3,63.0,239.8,244.5,757.6,599.5,542.0,375.4,328.7,24.8,1.9,3226.8,49.7,547.3,2274.5,355.4
SIKKIM,1972,9.4,41.6,52.1,134.3,287.5,457.2,590.3,335.1,407.1,86.8,12.3,0.9,2414.6,51.0,473.9,1789.7,100.0
SIKKIM,1973,13.8,35.9,40.8,82.9,324.3,679.8,426.5,424.7,474.1,281.3,16.6,3.9,2804.6,49.7,448.0,2005.1,301.8
SIKKIM,1974,19.1,2.5,94.4,210.8,339.0,508.1,826.8,673.7,480.8,175.0,3.0,8.3,3341.6,21.6,644.2,2489.4,186.3
SIKKIM,1975,20.4,29.9,15.6,83.7,251.1,493.2,808.2,263.8,515.7,174.6,1.0,6.6,2663.6,50.3,350.4,2080.9,182.2
SIKKIM,1976,8.8,51.0,27.3,112.8,303.5,649.2,531.9,671.7,288.0,113.1,35.5,1.2,2793.9,59.8,443.6,2140.8,149.8
SIKKIM,1977,6.6,16.0,67.6,245.6,308.1,466.0,502.9,627.8,316.0,263.7,60.8,25.3,2906.5,22.6,621.3,1912.7,349.8
SIKKIM,1978,14.7,17.9,49.3,136.7,313.3,515.5,545.2,274.0,376.5,62.9,61.1,10.8,2377.8,32.6,499.3,1711.2,134.8
SIKKIM,1979,8.1,26.8,15.1,100.6,142.0,261.7,741.7,432.4,427.0,286.5,31.7,38.1,2511.7,34.9,257.7,1862.8,356.3
SIKKIM,1980,11.6,44.8,77.3,130.4,300.1,485.9,774.4,692.5,477.5,151.2,0.9,2.0,3148.6,56.4,507.8,2430.3,154.1
SIKKIM,1981,48.8,23.0,77.8,185.6,273.7,468.6,833.1,540.9,453.2,38.1,9.2,17.3,2969.3,71.8,537.1,2295.8,64.6
SIKKIM,1982,0.2,9.9,47.0,125.6,174.5,499.0,749.5,305.5,341.6,54.1,20.0,10.6,2337.7,10.1,347.1,1895.6,84.7
SIKKIM,1983,26.7,56.9,35.3,87.7,335.3,557.9,758.4,295.6,535.8,125.1,3.2,20.8,2838.8,83.6,458.3,2147.7,149.1
SIKKIM,1984,29.3,11.3,42.6,127.3,360.1,474.6,737.2,364.8,405.5,179.1,5.1,11.5,2748.4,40.6,530.0,1982.1,195.7
SIKKIM,1985,2.2,30.5,43.2,69.5,358.6,532.7,907.4,372.7,464.5,211.9,17.4,27.3,3037.9,32.7,471.3,2277.3,256.6
SIKKIM,1986,1.3,5.8,7.9,122.4,152.1,436.4,545.4,363.2,493.9,215.1,15.5,6.4,2365.4,7.1,282.4,1838.9,237.0
SIKKIM,1987,2.8,35.3,79.8,152.7,148.0,451.0,791.9,836.6,530.3,150.3,5.6,1.2,3185.5,38.1,380.5,2609.8,157.1
SIKKIM,1988,6.8,24.6,71.2,96.5,268.8,304.9,831.7,990.5,446.6,76.0,18.4,5.5,3141.4,31.4,436.5,2573.7,99.9
SIKKIM,1989,21.0,41.6,45.8,58.1,358.4,551.3,629.8,407.8,593.6,98.9,30.7,17.6,2854.6,62.6,462.3,2182.5,147.2
SIKKIM,1990,3.8,109.9,80.1,158.3,358.2,554.7,814.1,916.6,440.6,115.0,0.4,13.7,3565.3,113.7,596.6,2726.0,129.1
SIKKIM,1991,41.5,24.2,45.8,102.7,283.7,691.4,592.6,500.9,689.5,67.8,1.7,30.4,3072.4,65.7,432.2,2474.4,99.9
SIKKIM,1992,10.0,46.7,26.0,84.0,253.4,328.1,736.3,458.0,276.4,125.5,5.0,9.5,2358.8,56.7,363.4,1798.8,140.0
SIKKIM,1993,37.6,35.2,58.8,136.9,320.5,449.6,723.9,521.6,352.2,228.8,28.4,2.4,2895.9,72.8,516.2,2047.3,259.6
SIKKIM,1994,49.6,55.0,114.1,126.6,243.3,388.0,357.3,396.1,302.1,84.3,8.5,2.2,2127.3,104.6,484.0,1443.5,95.0
SIKKIM,1995,17.9,41.1,50.6,84.2,349.6,859.0,775.3,539.2,638.5,99.7,88.6,14.0,3557.8,59.0,484.4,2812.0,202.3
SIKKIM,1996,30.9,34.2,59.5,85.0,401.7,334.6,863.6,545.1,337.9,107.3,0.4,0.0,2800.3,65.1,546.2,2081.2,107.7
SIKKIM,1997,18.9,31.3,76.4,119.5,166.9,613.3,488.1,479.0,443.9,41.3,16.3,56.5,2551.4,50.2,362.8,2024.3,114.1
SIKKIM,1998,13.6,37.0,125.1,154.1,254.2,653.0,854.6,860.4,478.9,209.1,13.1,2.1,3655.1,50.6,533.4,2846.9,224.3
SIKKIM,1999,8.7,6.2,17.9,156.0,335.4,550.5,831.7,751.6,404.1,246.0,10.7,4.5,3323.3,14.9,509.3,2537.9,261.2
SIKKIM,2000,10.7,36.2,55.1,185.1,326.5,649.6,574.3,498.1,465.8,82.9,22.6,1.2,2908.0,46.9,566.7,2187.8,106.7
SIKKIM,2001,4.0,20.5,50.2,134.8,347.2,472.2,399.0,424.5,434.9,282.8,36.6,5.9,2612.6,24.5,532.2,1730.6,325.3
SIKKIM,2002,30.1,10.0,95.6,237.1,181.7,407.2,743.3,406.6,340.1,75.7,8.7,10.8,2547.0,40.1,514.4,1897.2,95.2
SIKKIM,2003,17.0,79.2,90.1,171.4,211.7,516.6,703.0,354.0,321.4,223.0,16.4,19.2,2723.3,96.2,473.2,1895.0,258.6
SIKKIM,2004,19.9,11.5,40.5,163.5,287.5,489.5,739.5,356.4,394.7,198.4,9.0,4.4,2714.7,31.4,491.5,1980.1,211.8
SIKKIM,2005,19.5,21.0,132.1,155.5,254.0,446.5,704.3,564.5,229.9,271.1,8.8,0.5,2807.7,40.5,541.6,1945.2,280.4
SIKKIM,2006,0.7,17.0,39.8,119.3,270.5,446.2,470.2,295.0,456.8,118.4,20.3,7.9,2262.1,17.7,429.6,1668.2,146.6
SIKKIM,2007,3.1,81.1,46.6,160.1,215.1,485.1,686.3,412.4,458.6,79.5,8.8,2.0,2638.9,84.2,421.8,2042.4,90.3
SIKKIM,2008,33.2,22.1,79.8,141.8,171.4,526.5,657.7,636.3,296.7,97.9,16.9,9.5,2689.9,55.3,393.0,2117.2,124.3
SIKKIM,2009,6.0,40.3,55.0,115.2,308.7,350.6,456.1,568.4,174.6,235.1,9.1,5.6,2324.6,46.3,478.9,1549.7,249.8
SIKKIM,2010,5.6,19.6,77.6,176.6,335.9,558.1,593.4,461.3,308.1,66.2,7.9,2.2,2612.3,25.2,590.1,1920.9,76.3
SIKKIM,2011,8.5,19.9,71.2,135.0,247.8,419.8,612.3,470.3,356.3,46.7,26.7,4.3,2418.7,28.4,454.0,1858.7,77.7
SIKKIM,2012,15.3,13.9,45.5,159.8,202.4,604.2,684.5,332.7,434.7,119.4,12.5,7.4,2632.2,29.2,407.7,2056.1,139.3
SIKKIM,2013,3.0,23.6,32.1,114.7,296.5,404.9,588.4,416.3,308.0,199.8,16.1,2.7,2406.1,26.6,443.3,1717.6,218.6
SIKKIM,2014,0.2,26.6,37.7,47.9,308.6,543.2,384.6,563.3,371.5,31.2,5.3,2.4,2322.6,26.8,394.2,1862.6,38.9
SIKKIM,2015,15.7,15.0,64.8,149.0,304.6,508.2,393.3,626.6,354.9,53.6,23.8,9.0,2518.6,30.7,518.4,1883.0,86.4
TAMIL NADU,1901,24.5,39.1,21.7,36.0,74.0,41.8,49.3,67.9,191.1,122.3,212.3,80.4,960.3,63.6,131.7,350.1,415.0
TAMIL NADU,1902,67.2,9.8,25.1,21.9,84.7,39.3,55.1,113.8,98.6,282.2,174.9,165.8,1138.2,77.0,131.7,306.8,622.9
TAMIL NADU,1903,19.3,7.8,1.7,18.2,128.5,58.5,72.6,115.0,210.4,128.1,200.5,203.2,1163.9,27.1,148.4,456.5,531.8
TAMIL NADU,1904,35.2,0.1,0.7,19.5,121.9,34.9,89.0,40.4,85.7,163.2,23.6,49.1,663.1,35.3,142.1,250.0,235.9
TAMIL NADU,1905,6.5,7.5,17.2,64.8,83.7,49.8,39.0,101.8,73.5,250.4,123.7,3.2,821.1,14.0,165.7,264.1,377.3
TAMIL NADU,1906,52.4,12.9,17.0,8.5,39.6,43.6,76.0,195.2,65.3,162.8,189.1,127.7,990.2,65.3,65.1,380.1,479.6
TAMIL NADU,1907,8.4,1.2,25.0,78.9,56.6,46.1,70.4,58.2,117.2,160.4,200.0,63.2,885.6,9.6,160.5,291.9,423.6
TAMIL NADU,1908,16.8,36.9,25.0,24.5,70.3,34.2,37.5,48.4,154.2,261.0,36.1,20.1,765.0,53.7,119.8,274.3,317.2
TAMIL NADU,1909,116.5,11.2,7.7,68.6,117.4,30.8,36.1,206.6,106.1,158.0,74.7,20.8,954.6,127.7,193.7,379.6,253.5
TAMIL NADU,1910,9.2,21.2,2.4,26.8,64.7,51.5,148.1,142.0,52.4,278.0,146.7,0.6,943.7,30.4,93.9,394.0,425.3
TAMIL NADU,1911,2.8,1.1,6.0,30.8,72.1,70.7,50.3,28.9,120.5,125.6,176.2,130.1,814.9,3.9,108.9,270.4,431.9
TAMIL NADU,1912,5.9,2.8,2.9,18.5,64.2,46.7,34.8,74.2,126.7,244.2,259.3,23.9,904.1,8.7,85.6,282.4,527.4
TAMIL NADU,1913,2.9,3.2,6.6,21.0,64.6,29.7,58.7,62.3,124.8,203.4,184.1,117.7,878.8,6.1,92.2,275.5,505.2
TAMIL NADU,1914,5.7,1.9,5.6,34.6,57.1,37.9,37.6,98.4,132.2,281.2,129.1,132.0,953.3,7.6,97.3,306.1,542.3
TAMIL NADU,1915,35.1,18.1,43.6,37.0,52.4,66.4,117.7,82.9,133.0,99.9,241.0,61.5,988.5,53.2,133.0,400.0,402.4
TAMIL NADU,1916,0.1,3.2,3.1,19.2,61.1,34.5,168.6,125.5,94.7,208.6,145.7,33.2,897.4,3.3,83.4,423.3,387.5
TAMIL NADU,1917,14.3,39.1,32.3,11.9,77.5,72.4,45.1,155.7,163.5,123.1,167.5,45.9,948.3,53.4,121.7,436.7,336.5
TAMIL NADU,1918,80.9,5.4,25.9,9.9,81.8,36.2,40.8,58.6,47.0,81.8,315.1,88.4,871.7,86.3,117.6,182.6,485.3
TAMIL NADU,1919,22.9,0.8,16.2,25.0,88.5,49.9,87.8,51.6,162.7,152.4,264.4,106.4,1028.6,23.7,129.7,352.0,523.2
TAMIL NADU,1920,135.9,3.1,3.7,67.3,59.6,47.3,37.3,74.8,156.3,159.4,404.9,4.7,1154.2,139.0,130.6,315.7,569.0
TAMIL NADU,1921,141.2,0.0,1.7,72.3,39.5,55.7,92.5,129.6,78.3,236.4,76.0,56.1,979.4,141.2,113.5,356.1,368.5
TAMIL NADU,1922,41.9,18.1,2.5,34.9,100.1,48.8,45.4,87.1,75.3,262.8,291.8,71.6,1080.5,60.0,137.5,256.6,626.2
TAMIL NADU,1923,136.0,2.5,50.1,26.6,30.8,33.7,40.5,39.8,99.8,220.3,44.3,109.7,834.1,138.5,107.5,213.8,374.3
TAMIL NADU,1924,29.7,0.7,31.3,30.2,75.4,54.9,113.9,87.1,170.8,107.1,163.5,30.6,895.1,30.4,136.9,426.7,301.2
TAMIL NADU,1925,17.6,4.6,57.2,30.1,85.0,50.6,38.7,91.7,77.3,148.9,229.0,182.8,1013.3,22.2,172.3,258.3,560.7
TAMIL NADU,1926,88.0,2.2,30.4,41.4,53.7,38.7,73.8,70.5,120.2,151.5,119.2,26.1,815.6,90.2,125.5,303.2,296.8
TAMIL NADU,1927,18.0,21.6,17.2,50.7,73.7,83.1,65.9,77.8,131.0,87.2,171.3,32.5,829.9,39.6,141.6,357.8,291.0
TAMIL NADU,1928,21.0,54.9,24.0,56.9,51.0,41.1,75.5,95.2,59.7,219.0,173.8,98.8,970.8,75.9,131.9,271.5,491.6
TAMIL NADU,1929,20.4,29.2,9.4,107.3,50.7,63.2,48.9,70.7,135.1,161.2,192.0,89.6,977.7,49.6,167.4,317.9,442.8
TAMIL NADU,1930,53.6,60.3,21.4,34.4,165.7,68.9,38.9,66.7,94.2,436.1,186.5,48.7,1275.4,113.9,221.5,268.7,671.3
TAMIL NADU,1931,22.7,0.0,3.3,55.6,54.2,40.8,77.3,81.7,104.7,120.3,183.4,295.8,1039.8,22.7,113.1,304.5,599.5
TAMIL NADU,1932,0.7,31.9,7.3,62.9,109.6,43.0,56.5,163.5,61.6,247.4,246.9,78.5,1109.8,32.6,179.8,324.6,572.8
TAMIL NADU,1933,2.7,5.0,41.2,52.5,105.3,36.9,60.7,169.9,104.5,201.8,124.5,105.9,1010.9,7.7,199.0,372.0,432.2
TAMIL NADU,1934,99.8,0.1,11.6,34.6,49.6,73.5,57.5,56.4,38.1,303.4,99.2,15.9,839.7,99.9,95.8,225.5,418.5
TAMIL NADU,1935,37.5,2.5,9.3,63.9,23.7,60.0,38.6,153.4,78.6,192.4,147.6,86.3,893.9,40.0,96.9,330.6,426.3
TAMIL NADU,1936,1.9,51.1,55.3,35.7,74.4,56.3,85.5,59.4,122.0,103.7,234.5,64.7,944.5,53.0,165.4,323.2,402.9
TAMIL NADU,1937,10.7,16.7,26.7,96.1,59.9,42.3,51.1,118.1,105.7,189.8,280.1,22.8,1020.1,27.4,182.7,317.2,492.7
TAMIL NADU,1938,1.2,52.1,34.8,44.5,54.3,53.0,101.4,146.3,116.8,87.5,39.3,51.8,783.2,53.3,133.6,417.5,178.6
TAMIL NADU,1939,31.1,5.0,26.0,132.1,60.0,60.4,35.1,91.3,96.2,243.8,266.2,8.6,1055.8,36.1,218.1,283.0,518.6
TAMIL NADU,1940,0.9,0.7,12.6,82.8,131.5,85.2,59.0,69.4,121.2,152.0,367.8,95.4,1178.5,1.6,226.9,334.8,615.2
TAMIL NADU,1941,31.7,4.4,1.4,58.6,70.9,47.1,69.6,84.7,166.4,148.1,216.4,107.5,1006.9,36.1,130.9,367.8,472.0
TAMIL NADU,1942,0.5,0.6,6.0,78.6,61.3,53.1,54.9,110.1,120.8,146.5,68.0,146.9,847.3,1.1,145.9,338.9,361.4
TAMIL NADU,1943,112.0,18.5,10.8,72.1,204.4,43.2,75.3,78.8,101.1,310.6,117.4,43.2,1187.3,130.5,287.3,298.4,471.2
TAMIL NADU,1944,18.4,34.6,83.5,32.7,46.1,81.8,73.8,104.7,143.5,188.8,288.8,130.9,1227.6,53.0,162.3,403.8,608.5
TAMIL NADU,1945,4.6,5.5,5.0,74.7,38.2,22.0,75.1,110.1,58.6,168.4,206.8,15.0,784.0,10.1,117.9,265.8,390.2
TAMIL NADU,1946,19.8,1.0,46.4,45.7,76.4,56.8,59.3,87.7,140.8,175.5,311.2,273.5,1294.1,20.8,168.5,344.6,760.2
TAMIL NADU,1947,59.5,14.8,54.4,92.8,40.9,54.1,125.5,113.4,127.6,205.9,30.5,20.0,939.5,74.3,188.1,420.6,256.4
TAMIL NADU,1948,51.7,9.9,10.6,35.3,72.5,67.5,79.8,102.3,68.8,145.4,226.2,36.6,906.7,61.6,118.4,318.4,408.2
TAMIL NADU,1949,8.6,3.0,0.6,62.3,98.2,75.6,113.6,148.2,82.3,159.4,86.4,2.3,840.7,11.6,161.1,419.7,248.1
TAMIL NADU,1950,2.4,68.0,16.8,11.8,54.5,31.2,56.1,125.3,85.5,160.6,100.7,34.6,747.5,70.4,83.1,298.1,295.9
TAMIL NADU,1951,11.7,0.8,26.7,115.2,83.0,30.8,83.6,94.7,113.4,98.3,187.2,9.6,855.1,12.5,224.9,322.5,295.1
TAMIL NADU,1952,13.7,47.7,8.9,29.5,58.7,32.9,74.3,73.7,38.2,123.8,47.2,167.6,716.4,61.4,97.1,219.1,338.6
TAMIL NADU,1953,13.0,15.8,4.8,97.8,45.8,67.6,111.7,86.2,131.1,278.2,97.1,18.9,968.0,28.8,148.4,396.6,394.2
TAMIL NADU,1954,77.5,2.7,58.2,54.2,77.9,35.5,118.5,147.2,34.0,271.0,32.6,107.0,1016.3,80.2,190.3,335.2,410.6
TAMIL NADU,1955,35.7,1.3,10.3,85.3,149.4,47.8,73.4,88.1,128.2,165.2,130.6,145.3,1060.6,37.0,245.0,337.5,441.1
TAMIL NADU,1956,22.9,0.5,1.0,34.3,35.1,98.0,46.0,99.2,126.4,255.8,225.5,45.1,989.7,23.4,70.4,369.6,526.4
TAMIL NADU,1957,1.2,10.3,15.1,14.8,81.1,65.4,64.0,60.8,73.5,203.3,200.4,77.1,866.9,11.5,111.0,263.7,480.8
TAMIL NADU,1958,12.1,6.0,27.2,49.4,114.7,33.0,47.3,147.7,80.0,155.2,154.4,25.5,852.5,18.1,191.3,308.0,335.1
TAMIL NADU,1959,3.7,34.8,0.1,51.4,68.2,83.5,60.6,62.1,99.1,187.0,190.4,53.4,894.3,38.5,119.7,305.3,430.8
TAMIL NADU,1960,5.5,9.9,21.0,60.0,60.9,35.9,146.8,55.6,108.4,134.5,354.1,21.2,1013.9,15.4,141.9,346.7,509.8
TAMIL NADU,1961,76.0,12.7,2.2,23.9,71.9,73.8,99.4,110.4,122.2,154.7,107.5,56.1,910.7,88.7,98.0,405.8,318.3
TAMIL NADU,1962,10.0,23.6,13.6,48.4,114.1,44.0,56.7,130.5,114.8,275.7,63.1,47.1,941.6,33.6,176.1,346.0,385.9
TAMIL NADU,1963,76.2,4.8,39.1,56.5,45.1,49.9,93.1,88.7,115.0,173.4,195.0,135.9,1072.8,81.0,140.7,346.7,504.3
TAMIL NADU,1964,1.6,1.2,15.5,11.4,56.8,31.3,174.7,100.8,92.3,187.7,166.4,70.9,910.6,2.8,83.7,399.1,425.0
TAMIL NADU,1965,1.8,7.2,10.1,63.8,40.9,33.5,55.4,169.8,92.7,123.9,120.3,202.3,921.8,9.0,114.8,351.4,446.5
TAMIL NADU,1966,16.0,1.6,11.9,33.4,51.8,51.6,76.4,143.4,166.1,290.6,224.3,99.8,1166.9,17.6,97.1,437.5,614.7
TAMIL NADU,1967,28.9,1.0,40.4,19.3,47.6,69.1,69.4,81.2,76.2,182.3,127.1,156.7,899.1,29.9,107.3,295.9,466.1
TAMIL NADU,1968,4.6,5.6,36.5,85.9,46.9,47.9,53.7,65.0,137.7,111.8,121.1,72.7,789.4,10.2,169.3,304.3,305.6
TAMIL NADU,1969,1.5,7.2,3.5,32.1,57.0,30.4,60.9,139.7,36.8,275.1,190.5,127.1,961.8,8.7,92.6,267.8,592.7
TAMIL NADU,1970,15.9,18.0,9.2,61.8,85.4,51.6,88.9,98.5,102.4,195.1,199.9,15.3,942.1,33.9,156.4,341.4,410.3
TAMIL NADU,1971,19.3,11.1,37.8,40.6,75.7,46.9,87.2,127.8,109.0,221.3,71.3,199.6,1047.6,30.4,154.1,370.9,492.2
TAMIL NADU,1972,4.0,1.2,1.0,14.0,151.1,55.1,49.2,42.7,175.3,273.1,126.0,200.6,1093.4,5.2,166.1,322.3,599.7
TAMIL NADU,1973,0.3,0.2,5.3,20.7,57.0,63.5,92.3,87.6,130.4,195.2,79.1,127.1,858.5,0.5,83.0,373.8,401.4
TAMIL NADU,1974,0.6,8.9,6.7,30.4,59.5,40.6,79.8,63.5,178.0,114.8,47.8,22.2,652.8,9.5,96.6,361.9,184.8
TAMIL NADU,1975,6.0,4.3,34.8,20.8,80.8,46.8,129.1,121.3,147.8,165.3,130.3,36.4,923.6,10.3,136.4,445.0,332.0
TAMIL NADU,1976,1.2,0.2,8.4,50.1,33.8,48.6,64.0,129.9,83.7,137.6,244.9,56.6,858.9,1.4,92.3,326.2,439.1
TAMIL NADU,1977,1.4,24.8,10.4,45.5,104.1,50.6,55.4,128.3,118.6,347.5,346.8,12.6,1246.0,26.2,160.0,352.9,706.9
TAMIL NADU,1978,1.4,11.2,10.9,35.9,55.2,29.4,78.2,55.4,137.2,151.4,234.6,198.1,998.8,12.6,102.0,300.2,584.1
TAMIL NADU,1979,0.7,43.5,12.5,15.3,35.1,60.2,75.2,80.2,183.1,132.6,416.7,48.2,1103.4,44.2,62.9,398.7,597.5
TAMIL NADU,1980,0.1,0.0,15.4,45.9,69.2,37.7,64.9,64.2,76.3,122.3,166.2,47.0,709.1,0.1,130.5,243.1,335.5
TAMIL NADU,1981,8.9,1.3,21.7,23.7,87.2,57.0,117.0,91.8,200.5,258.0,106.4,72.5,1045.9,10.2,132.6,466.3,436.9
TAMIL NADU,1982,0.2,0.1,8.6,25.2,58.8,49.8,52.5,44.5,93.4,114.0,200.8,30.9,678.6,0.3,92.6,240.2,345.7
TAMIL NADU,1983,0.2,0.2,1.9,5.5,86.9,72.9,77.9,132.0,154.6,138.7,94.5,242.6,1007.7,0.4,94.3,437.4,475.8
TAMIL NADU,1984,34.5,131.3,101.7,45.4,21.6,43.6,149.5,38.0,151.3,134.8,113.5,58.5,1023.8,165.8,168.7,382.4,306.8
TAMIL NADU,1985,89.7,5.2,11.9,43.9,33.4,108.8,81.2,129.7,161.6,107.3,233.3,57.4,1063.5,94.9,89.2,481.3,398.0
TAMIL NADU,1986,65.5,39.0,16.1,20.9,62.7,63.4,66.9,115.2,142.3,170.5,133.4,57.1,953.0,104.5,99.7,387.8,361.0
TAMIL NADU,1987,8.0,1.2,28.7,20.0,50.5,70.5,26.1,82.8,127.0,236.7,136.9,175.0,963.5,9.2,99.2,306.4,548.6
TAMIL NADU,1988,0.2,3.8,27.4,94.6,59.1,41.1,102.6,149.8,136.1,71.8,117.6,33.1,837.2,4.0,181.1,429.6,222.5
TAMIL NADU,1989,2.7,0.0,27.9,40.8,53.6,57.4,154.9,39.7,137.3,148.6,154.0,39.8,856.5,2.7,122.3,389.3,342.4
TAMIL NADU,1990,84.8,10.2,36.2,24.3,94.9,28.9,40.0,80.1,119.6,194.1,144.0,46.1,903.2,95.0,155.4,268.6,384.2
TAMIL NADU,1991,24.2,4.6,9.7,37.4,29.5,128.1,54.7,71.7,114.0,225.1,234.4,21.4,954.8,28.8,76.6,368.5,480.9
TAMIL NADU,1992,3.1,0.2,0.0,22.5,58.3,66.4,77.9,59.9,157.3,123.9,297.2,52.1,918.7,3.3,80.8,361.5,473.2
TAMIL NADU,1993,0.1,7.0,9.9,11.2,46.6,68.2,60.3,88.8,96.7,214.5,315.9,163.1,1082.3,7.1,67.7,314.0,693.5
TAMIL NADU,1994,7.0,27.6,5.5,48.3,66.6,38.6,75.3,66.1,84.2,230.6,229.1,27.0,905.9,34.6,120.4,264.2,486.7
TAMIL NADU,1995,23.8,3.3,16.7,39.5,139.0,64.6,86.7,121.1,94.0,143.1,107.9,3.7,843.4,27.1,195.2,366.4,254.7
TAMIL NADU,1996,7.6,3.6,5.0,91.5,34.0,125.3,55.4,112.4,141.2,149.7,106.0,237.6,1069.4,11.2,130.5,434.3,493.3
TAMIL NADU,1997,7.7,0.2,2.3,42.0,49.2,50.4,63.5,56.4,116.0,169.5,258.1,135.2,950.5,7.9,93.5,286.3,562.8
TAMIL NADU,1998,6.9,5.7,4.1,23.6,55.8,43.0,101.9,152.9,121.8,124.7,242.0,197.4,1079.7,12.6,83.5,419.6,564.1
TAMIL NADU,1999,8.3,24.1,3.9,56.9,74.5,46.4,55.3,74.8,73.1,268.9,182.8,53.6,922.6,32.4,135.3,249.6,505.3
TAMIL NADU,2000,30.3,74.5,9.4,41.6,54.7,52.2,45.8,136.1,169.8,120.3,148.6,88.9,972.0,104.8,105.7,403.9,357.8
TAMIL NADU,2001,21.8,10.9,13.0,93.8,45.0,39.9,37.2,18.7,53.8,69.5,52.3,27.6,483.4,32.7,151.8,149.6,149.4
TAMIL NADU,2002,2.9,22.1,3.9,9.2,32.6,23.7,11.8,26.5,32.2,93.7,47.2,12.2,318.0,25.0,45.7,94.2,153.1
TAMIL NADU,2003,0.3,4.1,18.0,17.1,19.8,22.5,38.7,49.3,26.1,86.0,59.5,7.1,348.5,4.4,54.9,136.6,152.6
TAMIL NADU,2004,2.8,0.7,3.0,16.2,101.1,21.2,98.6,85.1,208.3,271.1,204.5,25.0,1037.6,3.5,120.3,413.2,500.6
TAMIL NADU,2005,4.1,11.1,24.4,128.0,80.6,35.7,87.9,93.3,117.9,280.5,353.4,148.5,1365.3,15.2,233.0,334.8,782.4
TAMIL NADU,2006,15.3,0.2,52.4,32.6,65.2,57.2,33.6,73.4,116.3,240.4,215.1,26.1,927.9,15.5,150.2,280.5,481.6
TAMIL NADU,2007,7.2,7.5,1.8,58.0,44.9,73.1,101.0,136.5,89.1,248.9,79.2,219.9,1067.2,14.7,104.7,399.7,548.0
TAMIL NADU,2008,11.7,29.1,164.7,31.5,53.7,51.1,73.1,126.5,70.7,242.7,298.5,50.1,1203.4,40.8,249.9,321.4,591.3
TAMIL NADU,2009,7.9,0.0,41.0,41.4,74.8,27.0,42.1,96.9,114.4,62.1,314.7,106.2,928.5,7.9,157.2,280.4,483.0
TAMIL NADU,2010,11.8,0.2,1.9,22.9,91.9,70.0,81.4,102.9,111.1,148.1,328.6,124.5,1095.2,12.0,116.7,365.4,601.2
TAMIL NADU,2011,4.3,11.2,8.0,91.5,33.4,56.0,45.5,128.9,76.0,200.4,230.5,41.0,926.5,15.5,132.9,306.4,471.9
TAMIL NADU,2012,3.0,0.1,2.5,35.5,41.9,30.1,46.5,98.0,84.9,235.2,44.5,14.0,636.1,3.1,79.9,259.5,293.7
TAMIL NADU,2013,3.9,30.9,30.0,20.3,42.0,54.6,42.7,110.7,113.5,127.9,112.3,53.2,741.9,34.8,92.3,321.5,293.4
TAMIL NADU,2014,7.4,6.1,8.1,8.3,139.1,47.8,50.6,117.7,98.9,252.2,110.8,66.0,913.0,13.5,155.5,315.0,429.0
TAMIL NADU,2015,8.3,2.3,21.7,108.8,112.4,62.4,43.5,81.6,98.4,132.6,379.8,152.8,1204.6,10.6,242.9,285.9,665.2
TELANGANA,1901,6.9,41.8,7.8,45.2,22.0,123.6,237.8,177.2,77.7,75.5,12.2,0.0,827.7,48.7,75.0,616.3,87.7
TELANGANA,1902,0.0,0.0,0.2,10.7,7.3,52.4,146.3,142.8,190.5,41.7,31.2,7.3,630.4,0.0,18.2,532.0,80.2
TELANGANA,1903,12.9,4.6,0.0,9.9,40.7,99.2,505.2,246.7,191.9,155.8,15.5,1.1,1283.4,17.5,50.6,1043.0,172.4
TELANGANA,1904,0.0,0.0,10.8,0.8,14.7,104.2,139.5,50.0,162.3,44.4,0.0,0.0,526.7,0.0,26.3,456.0,44.4
TELANGANA,1905,0.0,4.3,12.8,27.6,32.2,129.5,82.4,237.3,179.1,19.6,0.0,0.0,724.9,4.3,72.6,628.3,19.6
TELANGANA,1906,22.5,1.2,13.4,2.4,0.7,211.1,210.8,226.7,96.3,20.5,14.9,34.8,855.2,23.7,16.5,744.9,70.2
TELANGANA,1907,1.0,3.3,10.2,61.9,0.2,217.5,160.5,263.3,116.8,0.3,3.6,5.0,843.7,4.3,72.3,758.1,8.9
TELANGANA,1908,35.6,2.6,5.2,0.3,6.5,107.4,254.9,168.3,401.2,0.1,0.0,0.7,982.8,38.2,12.0,931.8,0.8
TELANGANA,1909,0.5,5.9,0.5,26.4,2.2,133.8,288.3,168.6,138.5,4.6,0.0,0.2,769.5,6.4,29.1,729.2,4.8
TELANGANA,1910,0.0,0.0,0.0,4.2,25.0,220.9,198.2,150.3,230.5,101.4,45.3,0.0,975.9,0.0,29.2,799.9,146.7
TELANGANA,1911,0.0,0.0,7.9,0.7,7.8,133.9,122.1,176.3,174.4,23.0,6.0,9.9,662.0,0.0,16.4,606.7,38.9
TELANGANA,1912,0.0,37.5,0.0,20.4,6.6,28.5,263.3,196.8,149.5,7.8,33.4,0.0,743.8,37.5,27.0,638.1,41.2
TELANGANA,1913,0.0,13.4,0.0,8.0,34.6,83.5,337.2,108.8,101.7,35.2,0.0,9.7,732.2,13.4,42.6,631.2,44.9
TELANGANA,1914,0.0,0.0,1.2,34.1,41.5,233.1,271.3,195.1,278.6,16.2,10.3,2.0,1083.5,0.0,76.8,978.1,28.5
TELANGANA,1915,15.4,8.6,77.8,18.8,26.7,165.6,140.4,236.2,186.8,122.0,23.6,0.1,1022.0,24.0,123.3,729.0,145.7
TELANGANA,1916,0.0,4.1,0.0,15.9,16.1,233.2,216.4,137.0,291.8,153.1,95.1,0.0,1162.6,4.1,32.0,878.4,248.2
TELANGANA,1917,0.0,65.5,33.0,34.1,52.7,184.1,267.5,180.1,275.6,106.7,6.6,0.0,1206.0,65.5,119.8,907.3,113.3
TELANGANA,1918,20.2,0.0,32.6,8.3,55.5,97.8,106.1,89.6,96.9,6.4,7.5,33.9,554.7,20.2,96.4,390.4,47.8
TELANGANA,1919,5.5,39.2,31.3,35.0,23.6,158.8,139.4,115.3,129.9,130.6,78.5,7.4,894.6,44.7,89.9,543.4,216.5
TELANGANA,1920,7.4,0.0,1.7,24.4,31.4,62.8,138.8,66.5,78.9,24.9,0.0,0.0,437.0,7.4,57.5,347.0,24.9
TELANGANA,1921,7.1,0.0,0.1,5.4,5.5,200.9,296.7,161.1,240.7,68.0,17.9,0.0,1003.3,7.1,11.0,899.4,85.9
TELANGANA,1922,55.3,0.0,0.0,6.6,50.1,69.2,184.3,158.3,170.2,23.0,50.7,0.0,767.5,55.3,56.7,582.0,73.7
TELANGANA,1923,3.0,5.3,23.3,10.7,18.0,43.5,222.8,80.3,334.4,44.0,1.0,0.0,786.2,8.3,52.0,681.0,45.0
TELANGANA,1924,37.0,0.0,0.0,9.2,34.6,62.8,124.7,220.2,288.2,51.6,116.1,0.0,944.5,37.0,43.8,695.9,167.7
TELANGANA,1925,0.0,0.0,0.0,49.8,97.8,168.1,266.2,239.2,148.1,187.5,8.1,3.1,1167.9,0.0,147.6,821.6,198.7
TELANGANA,1926,46.1,2.0,24.0,48.8,24.0,74.7,227.3,205.1,70.5,41.0,0.0,0.0,763.5,48.1,96.8,577.6,41.0
TELANGANA,1927,9.6,11.0,4.6,2.0,14.3,248.3,266.0,158.5,142.4,59.9,89.0,0.0,1005.5,20.6,20.9,815.2,148.9
TELANGANA,1928,0.0,15.8,47.3,4.5,27.9,143.9,248.6,191.6,215.2,104.1,0.0,7.4,1006.4,15.8,79.7,799.3,111.5
TELANGANA,1929,5.3,64.8,0.0,21.7,2.8,146.0,115.0,142.2,232.5,35.9,0.0,24.5,790.5,70.1,24.5,635.7,60.4
TELANGANA,1930,0.0,14.7,5.4,13.5,1.7,184.9,131.1,144.7,215.6,60.0,64.3,0.0,835.8,14.7,20.6,676.3,124.3
TELANGANA,1931,0.3,5.1,4.0,13.3,25.9,187.3,368.6,155.9,288.1,107.4,25.5,1.6,1183.1,5.4,43.2,999.9,134.5
TELANGANA,1932,0.0,40.3,1.3,17.6,25.8,119.7,300.4,179.0,172.9,32.0,60.9,0.0,949.9,40.3,44.7,772.0,92.9
TELANGANA,1933,12.9,17.4,15.7,25.0,63.4,332.0,243.4,226.7,262.2,128.9,24.0,44.5,1396.3,30.3,104.1,1064.3,197.4
TELANGANA,1934,0.1,0.0,0.1,18.3,1.2,111.7,296.9,280.2,162.3,15.2,42.0,0.0,927.9,0.1,19.6,851.1,57.2
TELANGANA,1935,16.2,3.4,1.4,42.2,2.7,115.1,309.7,162.9,198.3,43.5,2.6,0.5,898.5,19.6,46.3,786.0,46.6
TELANGANA,1936,2.5,79.1,15.3,8.4,73.7,200.0,268.9,220.9,128.4,96.4,48.2,15.1,1157.0,81.6,97.4,818.2,159.7
TELANGANA,1937,0.0,33.2,28.6,105.6,3.0,77.8,285.8,102.4,153.6,72.1,0.9,3.0,866.1,33.2,137.2,619.6,76.0
TELANGANA,1938,0.0,41.3,14.2,16.6,27.8,226.3,331.6,256.5,201.9,59.2,0.0,0.0,1175.3,41.3,58.6,1016.3,59.2
TELANGANA,1939,0.0,0.0,22.0,16.7,3.0,73.5,173.2,202.5,107.1,130.3,11.8,0.0,740.0,0.0,41.7,556.3,142.1
TELANGANA,1940,0.0,0.5,11.4,33.6,91.4,128.5,345.8,281.5,94.7,64.9,22.2,8.1,1082.6,0.5,136.4,850.5,95.2
TELANGANA,1941,16.6,3.3,4.8,4.8,17.5,121.4,87.9,149.9,137.5,49.6,0.7,0.4,594.4,19.9,27.1,496.7,50.7
TELANGANA,1942,0.0,23.0,0.2,31.7,30.9,160.0,250.1,277.3,107.4,20.9,3.9,1.6,906.9,23.0,62.8,794.8,26.4
TELANGANA,1943,15.2,0.6,1.7,34.4,26.9,180.4,179.3,133.4,262.2,62.7,2.6,0.0,899.3,15.8,63.0,755.3,65.3
TELANGANA,1944,0.0,13.7,82.3,5.4,15.7,114.5,224.1,142.4,207.7,131.9,22.7,0.0,960.5,13.7,103.4,688.7,154.6
TELANGANA,1945,4.3,0.0,0.0,39.0,11.2,144.5,332.1,238.4,159.1,94.1,4.8,0.0,1027.4,4.3,50.2,874.1,98.9
TELANGANA,1946,0.0,15.9,5.2,21.7,14.5,152.1,287.2,149.5,85.0,30.7,57.5,3.6,822.8,15.9,41.4,673.8,91.8
TELANGANA,1947,13.4,18.0,3.3,1.8,10.8,59.9,273.3,315.5,248.3,35.3,16.2,9.7,1005.5,31.4,15.9,897.0,61.2
TELANGANA,1948,3.7,4.6,5.1,20.0,15.0,71.4,239.3,165.4,242.5,25.0,123.0,0.0,915.0,8.3,40.1,718.6,148.0
TELANGANA,1949,0.5,0.0,2.4,13.8,67.9,152.0,335.5,173.6,198.1,94.6,0.2,0.0,1038.6,0.5,84.1,859.2,94.8
TELANGANA,1950,0.0,34.7,14.2,0.2,11.6,78.4,222.7,118.5,254.1,21.8,4.7,0.5,761.3,34.7,26.0,673.7,27.0
TELANGANA,1951,0.0,0.0,56.1,20.1,31.1,116.8,356.0,151.7,103.9,64.4,0.7,0.0,900.8,0.0,107.3,728.4,65.1
TELANGANA,1952,0.5,16.4,0.8,12.4,32.5,80.1,205.1,148.9,137.7,88.3,0.2,6.9,729.7,16.9,45.7,571.8,95.4
TELANGANA,1953,5.1,0.0,3.0,26.8,0.7,224.0,200.9,364.5,269.5,175.8,1.7,0.0,1272.1,5.1,30.5,1058.9,177.5
TELANGANA,1954,0.0,0.0,13.2,4.3,14.4,105.3,300.4,192.5,252.9,44.2,0.0,1.2,928.4,0.0,31.9,851.1,45.4
TELANGANA,1955,1.0,0.0,2.9,9.8,27.8,230.3,259.9,300.1,249.7,116.2,5.5,0.0,1203.2,1.0,40.5,1040.0,121.7
TELANGANA,1956,0.7,1.5,1.9,5.9,52.9,220.1,393.8,133.3,156.9,94.5,59.1,0.0,1120.5,2.2,60.7,904.1,153.6
TELANGANA,1957,0.0,7.7,23.7,33.4,18.6,157.9,206.9,358.5,100.9,75.6,0.0,0.0,983.2,7.7,75.7,824.2,75.6
TELANGANA,1958,2.1,4.9,10.0,24.7,14.1,72.9,407.5,351.7,135.2,69.8,20.9,0.0,1113.9,7.0,48.8,967.3,90.7
TELANGANA,1959,1.0,0.4,0.0,4.0,16.3,163.7,403.2,348.3,212.8,68.6,4.2,1.7,1224.1,1.4,20.3,1128.0,74.5
TELANGANA,1960,0.7,0.0,32.9,4.1,21.9,223.9,203.6,82.1,197.5,59.4,12.0,1.4,839.5,0.7,58.9,707.1,72.8
TELANGANA,1961,0.8,6.1,2.7,11.8,46.1,142.2,368.3,209.2,144.5,188.3,26.4,0.2,1146.5,6.9,60.6,864.2,214.9
TELANGANA,1962,0.2,25.1,2.1,47.0,20.3,84.5,270.5,264.1,289.6,62.5,38.6,34.2,1138.7,25.3,69.4,908.7,135.3
TELANGANA,1963,0.0,0.3,4.0,35.5,9.0,179.5,214.7,372.7,103.3,91.2,0.0,0.0,1010.1,0.3,48.5,870.2,91.2
TELANGANA,1964,0.0,0.2,5.5,2.1,0.7,109.1,186.3,232.3,302.4,41.7,7.2,0.0,887.5,0.2,8.3,830.1,48.9
TELANGANA,1965,2.7,0.8,4.4,6.8,2.7,124.3,318.6,152.2,166.2,0.1,0.0,0.0,778.9,3.5,13.9,761.3,0.1
TELANGANA,1966,19.8,0.0,2.6,7.9,2.7,67.2,294.0,216.3,254.4,39.5,34.9,31.7,970.9,19.8,13.2,831.9,106.1
TELANGANA,1967,0.3,0.0,62.7,8.5,1.1,166.7,320.8,183.7,139.4,5.6,0.2,53.1,942.1,0.3,72.3,810.6,58.9
TELANGANA,1968,16.5,15.0,35.1,16.0,7.4,87.6,188.6,52.3,231.4,82.7,15.8,0.1,748.7,31.5,58.5,559.9,98.6
TELANGANA,1969,2.2,0.0,1.4,9.6,53.3,103.2,265.5,186.4,278.8,56.1,64.4,26.2,1047.1,2.2,64.3,833.9,146.7
TELANGANA,1970,6.9,0.7,4.5,22.5,45.8,205.5,135.6,345.8,176.1,26.8,0.0,0.0,970.3,7.6,72.8,863.0,26.8
TELANGANA,1971,7.3,7.5,6.3,6.9,37.8,139.9,114.1,144.3,97.2,167.9,0.0,0.0,729.1,14.8,51.0,495.5,167.9
TELANGANA,1972,0.0,14.6,0.1,12.7,12.2,162.8,183.9,93.9,71.3,64.8,49.7,4.8,670.7,14.6,25.0,511.9,119.3
TELANGANA,1973,0.0,0.0,1.7,5.5,6.4,110.5,239.4,367.0,83.5,223.0,5.3,0.1,1042.5,0.0,13.6,800.4,228.4
TELANGANA,1974,0.0,0.0,1.8,7.0,32.9,111.1,113.1,171.9,124.8,261.6,6.0,0.0,830.4,0.0,41.7,520.9,267.6
TELANGANA,1975,12.9,10.5,7.7,3.0,21.8,138.8,269.4,194.0,347.0,204.9,5.7,0.0,1215.8,23.4,32.5,949.2,210.6
TELANGANA,1976,0.2,0.0,1.0,25.6,10.7,85.7,471.7,277.3,123.4,5.6,34.5,0.0,1035.6,0.2,37.3,958.1,40.1
TELANGANA,1977,0.0,0.0,2.4,8.0,42.3,97.4,253.1,240.0,70.9,51.0,36.7,6.7,808.6,0.0,52.7,661.4,94.4
TELANGANA,1978,30.7,19.1,5.9,20.6,23.0,261.6,376.5,376.7,116.0,50.1,31.6,0.0,1311.7,49.8,49.5,1130.8,81.7
TELANGANA,1979,9.8,22.8,1.2,12.6,48.7,145.9,156.4,131.8,200.0,15.7,39.5,7.3,791.7,32.6,62.5,634.1,62.5
TELANGANA,1980,0.0,0.0,5.3,15.5,8.3,219.6,210.1,294.5,145.6,5.0,2.4,16.2,922.6,0.0,29.1,869.8,23.6
TELANGANA,1981,10.3,0.0,26.2,11.7,40.1,187.2,227.5,310.2,285.2,42.5,0.8,2.1,1143.5,10.3,78.0,1010.1,45.4
TELANGANA,1982,5.7,0.0,4.2,22.2,37.1,123.8,265.6,184.1,174.4,100.8,15.3,0.0,933.2,5.7,63.5,747.9,116.1
TELANGANA,1983,0.0,4.2,1.7,3.9,38.4,158.8,301.5,416.8,378.2,185.4,1.0,7.5,1497.5,4.2,44.0,1255.3,193.9
TELANGANA,1984,7.3,8.1,4.7,11.4,3.5,104.9,277.8,119.8,111.8,91.1,2.2,0.0,742.8,15.4,19.6,614.3,93.3
TELANGANA,1985,5.7,0.0,4.7,15.5,13.6,181.4,223.8,160.8,70.0,108.0,0.0,2.3,785.9,5.7,33.8,636.0,110.3
TELANGANA,1986,29.4,60.3,1.9,21.5,9.1,115.5,234.9,406.8,65.6,24.6,20.4,17.3,1007.3,89.7,32.5,822.8,62.3
TELANGANA,1987,15.3,1.0,18.4,9.5,30.5,133.1,275.0,221.6,60.1,94.7,116.0,1.8,976.9,16.3,58.4,689.8,212.5
TELANGANA,1988,0.0,6.5,1.1,26.6,3.4,135.8,656.2,341.7,313.4,50.5,2.4,7.2,1544.9,6.5,31.1,1447.1,60.1
TELANGANA,1989,0.0,0.0,39.2,1.9,4.9,238.5,406.0,277.7,165.4,17.4,1.4,8.6,1161.0,0.0,46.0,1087.6,27.4
TELANGANA,1990,4.2,4.1,35.2,1.0,159.8,245.1,180.2,471.1,132.1,180.2,12.4,0.1,1425.7,8.3,196.0,1028.5,192.7
TELANGANA,1991,21.7,4.1,8.9,21.6,34.4,194.5,268.8,122.0,100.8,29.4,36.8,6.0,849.1,25.8,64.9,686.1,72.2
TELANGANA,1992,4.8,0.0,2.5,10.7,20.6,180.5,180.5,271.8,99.0,47.0,46.1,0.0,863.5,4.8,33.8,731.8,93.1
TELANGANA,1993,4.9,2.0,12.9,13.1,29.4,83.9,291.8,146.4,187.0,100.9,0.1,13.2,885.6,6.9,55.4,709.1,114.2
TELANGANA,1994,8.6,12.5,0.0,21.5,20.4,115.3,308.2,256.3,53.9,143.0,36.2,0.0,975.7,21.1,41.9,733.7,179.2
TELANGANA,1995,98.7,0.5,22.0,16.0,35.6,135.4,282.1,209.2,141.1,332.7,12.6,0.0,1286.0,99.2,73.6,767.8,345.3
TELANGANA,1996,0.0,7.9,4.7,31.1,13.6,115.9,264.1,295.9,160.2,72.4,13.2,7.8,986.8,7.9,49.4,836.1,93.4
TELANGANA,1997,22.6,0.9,20.2,43.4,21.3,85.5,156.7,154.5,169.1,87.9,46.9,46.9,856.0,23.5,84.9,565.8,181.7
TELANGANA,1998,5.2,22.2,15.2,15.5,27.9,149.4,264.0,290.5,209.3,79.4,14.5,0.0,1093.0,27.4,58.6,913.2,93.9
TELANGANA,1999,0.0,9.3,4.6,1.7,74.8,141.6,205.2,190.9,177.6,55.7,2.2,0.0,863.8,9.3,81.1,715.3,57.9
TELANGANA,2000,0.6,16.8,1.0,16.3,48.8,253.2,220.9,420.5,70.7,20.2,6.4,2.5,1078.0,17.4,66.1,965.3,29.1
TELANGANA,2001,8.5,0.0,21.5,37.3,7.5,183.9,123.8,266.8,119.9,135.6,17.4,0.0,922.3,8.5,66.3,694.4,153.0
TELANGANA,2002,18.8,10.1,7.6,7.7,32.0,143.2,91.7,321.7,52.4,76.2,3.9,0.0,765.3,28.9,47.3,609.0,80.1
TELANGANA,2003,0.0,10.7,21.9,14.0,7.9,112.6,312.2,266.5,103.2,101.7,7.3,5.3,963.2,10.7,43.8,794.5,114.3
TELANGANA,2004,34.4,17.9,9.3,25.9,34.6,64.6,216.7,117.7,110.1,30.6,5.3,0.0,667.0,52.3,69.8,509.1,35.9
TELANGANA,2005,43.4,14.1,14.6,23.8,19.7,115.1,400.3,126.9,246.3,136.1,3.9,18.8,1163.1,57.5,58.1,888.6,158.8
TELANGANA,2006,0.0,0.0,42.7,38.6,46.1,104.8,169.5,308.2,280.2,28.1,34.7,0.0,1053.0,0.0,127.4,862.7,62.8
TELANGANA,2007,0.0,0.0,0.1,0.1,9.2,176.6,134.6,206.6,262.3,40.8,13.0,0.0,843.3,0.0,9.4,780.1,53.8
TELANGANA,2008,0.2,18.6,108.6,15.7,4.9,132.9,183.4,391.8,146.7,24.2,7.5,0.8,1035.3,18.8,129.2,854.8,32.5
TELANGANA,2009,0.0,0.0,2.1,4.5,13.1,85.8,118.4,192.3,149.7,69.5,29.6,1.2,666.3,0.0,19.7,546.2,100.3
TELANGANA,2010,10.3,5.3,1.5,5.6,24.9,127.0,395.5,308.1,249.8,98.7,40.5,9.3,1276.4,15.6,32.0,1080.4,148.5
TELANGANA,2011,0.0,11.9,2.6,25.6,9.3,83.9,268.2,225.9,107.6,13.9,4.2,0.0,753.1,11.9,37.5,685.6,18.1
TELANGANA,2012,6.7,0.0,0.2,14.0,8.4,124.4,300.3,229.9,202.4,83.6,38.7,0.0,1008.6,6.7,22.6,857.0,122.3
TELANGANA,2013,2.4,29.0,0.2,24.4,8.5,213.4,453.8,230.6,161.4,205.9,16.4,2.7,1348.7,31.4,33.1,1059.2,225.0
TELANGANA,2014,0.2,2.9,58.3,10.3,73.3,62.3,146.0,205.2,146.8,29.6,10.8,0.7,746.4,3.1,141.9,560.3,41.1
TELANGANA,2015,17.5,0.0,43.0,65.7,23.3,266.9,104.4,160.5,158.3,15.6,0.3,1.7,857.3,17.5,132.0,690.1,17.6
TRIPURA,1901,11.7,18.1,29.4,206.2,124.0,443.3,331.4,466.0,304.1,166.7,67.4,0.0,2168.4,29.8,359.6,1544.8,234.1
TRIPURA,1902,4.8,0.5,36.3,297.8,215.5,480.1,392.4,312.8,318.7,102.4,8.9,4.7,2175.0,5.3,549.6,1504.0,116.0
TRIPURA,1903,6.5,40.5,139.8,45.5,159.9,458.6,300.2,470.6,366.1,166.4,76.7,0.1,2230.7,47.0,345.2,1595.5,243.2
TRIPURA,1904,2.3,46.9,47.5,290.3,230.5,455.3,423.5,423.6,375.8,128.9,90.0,5.0,2519.8,49.2,568.3,1678.2,223.9
TRIPURA,1905,9.1,35.3,306.5,161.7,193.6,339.7,450.1,429.9,320.1,246.4,8.0,27.1,2527.6,44.4,661.8,1539.8,281.5
TRIPURA,1906,7.0,71.5,72.5,99.0,302.7,417.4,475.2,439.2,439.1,142.8,44.9,3.2,2514.4,78.5,474.2,1770.9,190.9
TRIPURA,1907,39.1,30.4,92.8,189.1,156.0,414.1,400.9,291.4,336.1,114.6,3.9,53.4,2121.7,69.5,437.9,1442.5,171.9
TRIPURA,1908,26.4,15.0,4.3,141.1,252.1,360.0,531.5,371.9,317.8,192.6,106.5,0.0,2319.3,41.4,397.5,1581.2,299.1
TRIPURA,1909,6.0,4.7,3.1,201.8,235.1,415.3,348.9,540.0,245.8,167.7,71.4,69.0,2308.7,10.7,440.0,1550.0,308.1
TRIPURA,1910,26.0,10.9,30.7,138.4,228.0,444.8,405.0,439.8,336.2,196.0,12.3,0.0,2267.9,36.9,397.1,1625.8,208.3
TRIPURA,1911,47.3,11.9,102.2,141.3,331.3,444.9,471.5,397.9,287.8,226.0,17.4,0.3,2479.8,59.2,574.8,1602.1,243.7
TRIPURA,1912,1.0,36.7,127.8,305.9,222.5,344.7,392.6,394.8,262.8,179.1,34.9,6.1,2308.8,37.7,656.2,1394.9,220.1
TRIPURA,1913,4.3,63.4,109.9,138.1,264.1,559.1,509.2,426.7,222.1,202.9,83.6,29.7,2613.2,67.7,512.1,1717.1,316.2
TRIPURA,1914,5.0,93.3,129.7,255.9,276.5,342.6,437.4,501.5,262.0,106.0,13.8,105.4,2529.2,98.3,662.1,1543.5,225.2
TRIPURA,1915,13.9,35.5,89.4,198.9,448.9,465.2,478.0,510.5,310.4,231.1,37.7,0.4,2819.9,49.4,737.2,1764.1,269.2
TRIPURA,1916,13.2,17.5,37.3,212.5,131.8,363.8,491.4,419.3,388.5,417.5,55.0,7.1,2555.0,30.7,381.6,1663.0,479.6
TRIPURA,1917,1.3,81.8,25.6,289.1,121.7,356.6,387.3,375.8,371.7,147.9,63.3,0.1,2222.2,83.1,436.4,1491.4,211.3
TRIPURA,1918,3.8,6.1,138.6,224.8,361.9,573.8,638.5,569.3,363.9,75.7,52.3,4.5,3013.3,9.9,725.3,2145.5,132.5
TRIPURA,1919,17.5,18.1,17.3,151.1,132.7,358.4,403.5,372.9,375.0,111.1,84.8,5.7,2047.9,35.6,301.1,1509.8,201.6
TRIPURA,1920,5.1,56.8,272.7,143.7,167.9,363.3,443.6,449.6,326.2,137.0,7.1,2.7,2375.8,61.9,584.3,1582.7,146.8
TRIPURA,1921,46.9,24.1,179.2,178.2,271.3,443.8,387.8,382.4,430.7,286.7,4.7,2.4,2638.2,71.0,628.7,1644.7,293.8
TRIPURA,1922,8.5,4.5,17.3,119.3,182.1,569.1,479.6,536.6,330.9,170.8,38.2,5.8,2462.6,13.0,318.7,1916.2,214.8
TRIPURA,1923,0.0,64.9,13.5,216.2,296.1,506.2,411.9,488.5,374.9,210.9,93.7,8.7,2685.5,64.9,525.8,1781.5,313.3
TRIPURA,1924,3.7,45.2,14.1,170.9,295.1,478.6,462.7,482.2,356.2,179.2,213.7,0.1,2701.7,48.9,480.1,1779.7,393.0
TRIPURA,1925,43.0,36.4,35.0,195.6,385.5,362.4,461.4,440.3,280.1,170.7,37.0,0.0,2447.5,79.4,616.1,1544.2,207.7
TRIPURA,1926,24.0,70.1,155.5,177.1,229.7,361.1,477.6,441.7,287.3,155.6,36.4,47.1,2463.2,94.1,562.3,1567.7,239.1
TRIPURA,1927,41.4,103.5,56.3,360.4,245.2,363.8,498.4,456.6,533.9,178.4,48.6,0.8,2887.5,144.9,661.9,1852.7,227.8
TRIPURA,1928,4.3,28.5,52.3,65.3,309.0,463.2,397.7,468.3,392.8,272.5,18.4,0.1,2472.4,32.8,426.6,1722.0,291.0
TRIPURA,1929,38.3,7.7,48.0,242.7,433.0,859.1,385.0,371.4,314.8,121.7,11.3,26.4,2859.4,46.0,723.7,1930.3,159.4
TRIPURA,1930,22.6,53.6,107.5,161.0,223.1,506.6,438.2,385.6,256.7,100.8,230.7,1.0,2487.4,76.2,491.6,1587.1,332.5
TRIPURA,1931,2.7,53.0,59.6,109.9,360.6,388.8,520.0,300.4,364.1,209.9,69.2,23.0,2461.1,55.7,530.1,1573.3,302.1
TRIPURA,1932,6.1,69.7,99.1,162.2,323.6,600.7,491.2,402.4,376.2,80.4,145.9,4.3,2761.7,75.8,584.9,1870.5,230.6
TRIPURA,1933,2.5,19.7,34.3,167.0,298.4,463.4,476.3,603.5,259.6,113.4,9.6,4.1,2451.8,22.2,499.7,1802.8,127.1
TRIPURA,1934,16.0,135.1,57.1,191.1,313.2,567.2,618.6,368.3,336.4,227.7,197.3,12.8,3040.8,151.1,561.4,1890.5,437.8
TRIPURA,1935,0.6,48.3,43.7,173.3,171.2,547.1,506.4,553.5,339.1,124.8,33.1,2.2,2543.3,48.9,388.2,1946.1,160.1
TRIPURA,1936,19.3,73.1,104.6,227.5,489.5,418.3,529.7,507.6,309.4,202.6,22.6,13.0,2917.1,92.4,821.6,1765.0,238.2
TRIPURA,1937,0.1,60.0,37.3,85.4,337.1,528.9,490.1,614.8,291.0,207.1,17.9,72.0,2741.6,60.1,459.8,1924.8,297.0
TRIPURA,1938,29.2,29.2,133.8,153.6,429.0,494.6,413.6,491.4,441.7,243.9,111.7,0.0,2971.6,58.4,716.4,1841.3,355.6
TRIPURA,1939,2.6,59.3,34.5,203.7,274.4,449.6,638.8,333.9,380.8,198.8,30.0,2.0,2608.3,61.9,512.6,1803.1,230.8
TRIPURA,1940,0.3,74.6,230.9,35.5,325.6,496.2,458.2,345.7,373.3,131.6,31.4,23.6,2526.7,74.9,592.0,1673.4,186.6
TRIPURA,1941,14.1,63.1,34.1,256.6,563.1,689.4,489.5,372.6,288.2,143.3,44.2,7.9,2966.2,77.2,853.8,1839.7,195.4
TRIPURA,1942,6.0,15.7,78.7,250.4,305.3,528.7,403.3,461.8,420.8,65.4,143.2,1.5,2680.9,21.7,634.4,1814.6,210.1
TRIPURA,1943,68.4,28.8,131.3,143.7,210.3,496.1,422.5,485.2,354.9,84.0,2.2,0.6,2427.9,97.2,485.3,1758.7,86.8
TRIPURA,1944,91.4,20.2,69.7,128.6,321.8,670.5,527.9,440.7,490.8,110.5,4.4,0.7,2877.3,111.6,520.1,2129.9,115.6
TRIPURA,1945,68.7,60.9,67.7,170.4,354.2,595.3,573.9,509.7,378.8,205.6,13.3,53.3,3051.9,129.6,592.3,2057.7,272.2
TRIPURA,1946,0.0,19.1,189.3,237.5,352.4,517.5,647.7,397.9,305.1,311.4,7.7,50.5,3036.2,19.1,779.2,1868.2,369.6
TRIPURA,1947,3.0,4.3,44.3,176.0,374.4,723.9,640.5,491.1,415.6,306.0,1.7,29.7,3210.2,7.3,594.7,2271.1,337.4
TRIPURA,1948,5.5,65.1,54.3,206.5,468.4,410.3,500.1,472.5,424.2,140.0,71.4,3.7,2822.1,70.6,729.2,1807.1,215.1
TRIPURA,1949,8.1,12.6,67.4,370.2,419.6,562.8,507.7,416.9,427.5,177.3,4.2,2.0,2976.3,20.7,857.2,1914.9,183.5
TRIPURA,1950,12.3,59.7,79.1,87.8,207.4,407.4,449.4,535.3,255.4,237.5,82.9,8.7,2423.0,72.0,374.3,1647.5,329.1
TRIPURA,1951,3.9,0.2,62.4,360.1,233.7,495.0,436.2,440.5,191.1,310.6,54.9,20.8,2609.3,4.1,656.2,1562.8,386.3
TRIPURA,1952,9.6,6.5,97.1,208.2,345.9,442.6,556.8,422.8,320.5,323.6,76.2,1.1,2810.9,16.1,651.2,1742.7,400.9
TRIPURA,1953,7.4,16.5,98.4,90.0,453.5,570.9,387.0,424.3,443.8,136.2,25.0,8.7,2661.6,23.9,641.9,1826.0,169.9
TRIPURA,1954,12.8,52.4,37.7,165.3,300.2,619.8,491.4,558.3,361.7,294.2,2.4,8.8,2905.1,65.2,503.2,2031.2,305.4
TRIPURA,1955,6.2,5.7,161.3,213.6,280.6,461.4,559.2,514.7,253.8,183.5,220.2,5.1,2865.0,11.9,655.5,1789.1,408.8
TRIPURA,1956,18.3,1.3,102.2,115.5,474.0,758.9,529.8,469.6,257.5,187.1,101.1,7.4,3022.7,19.6,691.7,2015.8,295.6
TRIPURA,1957,59.1,60.6,10.2,104.8,300.1,409.1,425.7,429.1,354.4,148.3,0.8,1.7,2303.9,119.7,415.1,1618.3,150.8
TRIPURA,1958,6.2,87.2,18.3,93.7,400.6,256.4,308.3,254.8,299.5,238.5,2.3,2.7,1968.6,93.4,512.6,1119.0,243.5
TRIPURA,1959,39.9,77.7,148.0,74.0,260.0,378.5,396.3,357.3,239.1,352.8,0.1,3.9,2327.6,117.6,482.0,1371.2,356.8
TRIPURA,1960,0.0,6.1,24.9,34.2,193.8,406.4,374.9,286.6,255.6,165.9,51.3,0.3,1799.9,6.1,252.9,1323.5,217.5
TRIPURA,1961,9.5,37.5,193.3,76.9,212.1,332.5,316.5,342.8,258.8,96.1,24.4,0.8,1901.2,47.0,482.3,1250.6,121.3
TRIPURA,1962,11.2,26.6,5.4,139.8,156.6,554.6,298.8,356.6,142.5,130.4,0.0,0.0,1822.5,37.8,301.8,1352.5,130.4
TRIPURA,1963,0.0,4.6,50.7,179.3,278.5,687.9,510.3,383.0,494.6,373.4,6.5,1.2,2970.0,4.6,508.5,2075.8,381.1
TRIPURA,1964,4.0,37.1,67.9,280.6,303.2,357.8,484.4,242.0,213.3,284.7,46.3,7.5,2328.7,41.1,651.7,1297.5,338.5
TRIPURA,1965,1.9,61.5,35.9,59.4,169.5,520.5,373.4,323.0,262.2,164.1,22.6,37.0,2031.0,63.4,264.8,1479.1,223.7
TRIPURA,1966,15.0,2.7,39.8,85.3,190.3,666.8,399.3,405.0,361.5,207.0,40.9,65.1,2478.6,17.7,315.4,1832.6,313.0
TRIPURA,1967,51.5,33.6,129.5,195.8,247.8,311.7,388.0,334.0,341.3,184.8,10.9,1.1,2229.9,85.1,573.1,1375.0,196.8
TRIPURA,1968,17.3,20.9,80.9,142.2,253.8,396.1,531.9,391.0,178.3,68.9,28.7,0.0,2110.0,38.2,476.9,1497.3,97.6
TRIPURA,1969,20.1,2.4,124.6,189.8,73.5,606.6,868.3,1347.2,228.1,126.3,23.2,0.0,3610.0,22.5,387.9,3050.2,149.5
TRIPURA,1970,45.8,306.3,103.6,160.1,315.9,541.7,976.7,836.7,486.2,425.6,116.7,1.0,4316.2,352.1,579.6,2841.3,543.3
TRIPURA,1971,28.4,67.6,12.4,312.6,248.0,543.2,624.0,553.1,421.2,171.3,94.6,4.5,3080.7,96.0,573.0,2141.5,270.4
TRIPURA,1972,4.5,46.3,32.8,145.0,169.1,235.6,262.7,270.8,129.6,45.0,12.5,0.0,1353.8,50.8,346.9,898.7,57.5
TRIPURA,1973,16.8,46.0,29.3,135.3,329.0,367.2,260.0,323.9,232.7,159.7,162.6,43.6,2105.8,62.8,493.6,1183.8,365.9
TRIPURA,1974,8.9,2.4,98.7,160.7,218.8,438.1,517.3,361.5,273.4,167.8,81.8,0.2,2329.6,11.3,478.2,1590.3,249.8
TRIPURA,1975,1.2,24.5,17.5,164.2,243.7,348.8,526.6,252.9,278.9,205.1,146.1,0.3,2209.7,25.7,425.4,1407.2,351.5
TRIPURA,1976,3.3,51.3,113.7,187.8,287.1,861.1,507.8,365.0,175.1,64.8,34.2,0.1,2651.4,54.6,588.6,1909.0,99.1
TRIPURA,1977,14.2,34.9,27.7,383.8,303.7,452.0,389.1,355.8,193.0,149.6,38.2,16.6,2358.5,49.1,715.2,1389.9,204.4
TRIPURA,1978,0.7,4.0,51.6,147.5,449.4,496.7,357.8,277.0,273.9,70.4,21.6,0.0,2150.8,4.7,648.5,1405.4,92.0
TRIPURA,1979,1.3,8.3,72.9,55.4,158.8,361.8,370.0,309.7,272.9,57.9,47.1,33.1,1749.2,9.6,287.1,1314.4,138.1
TRIPURA,1980,7.2,42.4,101.6,145.7,461.5,373.3,327.4,312.1,364.4,168.5,0.1,0.7,2305.0,49.6,708.8,1377.2,169.3
TRIPURA,1981,26.6,26.3,105.5,268.0,377.5,223.2,448.1,329.7,213.2,33.1,11.5,9.6,2072.2,52.9,751.0,1214.2,54.2
TRIPURA,1982,0.1,54.8,73.8,224.6,103.3,371.9,373.6,466.3,284.5,32.8,38.1,3.7,2027.5,54.9,401.7,1496.3,74.6
TRIPURA,1983,19.2,49.3,244.9,303.8,402.4,380.9,329.7,392.8,239.7,189.0,6.2,30.2,2588.0,68.5,951.1,1343.1,225.4
TRIPURA,1984,17.4,1.8,5.1,121.1,743.0,514.6,255.3,387.2,250.2,120.4,9.1,28.8,2454.0,19.2,869.2,1407.3,158.3
TRIPURA,1985,6.4,36.2,87.1,162.8,377.6,507.5,275.5,301.9,279.4,52.3,8.7,9.9,2105.3,42.6,627.5,1364.3,70.9
TRIPURA,1986,8.8,7.3,17.7,263.4,153.0,325.5,376.9,364.6,355.8,311.7,131.2,26.3,2342.3,16.1,434.1,1422.8,469.2
TRIPURA,1987,7.7,13.1,68.9,195.0,144.9,420.8,447.2,422.7,388.6,172.2,74.0,6.1,2361.3,20.8,408.8,1679.3,252.3
TRIPURA,1988,0.4,33.6,83.5,141.9,470.2,466.4,540.0,407.4,298.6,298.6,75.3,4.3,2820.2,34.0,695.6,1712.4,378.2
TRIPURA,1989,0.7,27.1,17.2,139.1,206.9,367.1,470.6,393.6,376.3,352.9,5.3,2.3,2359.0,27.8,363.2,1607.6,360.5
TRIPURA,1990,0.2,32.5,197.6,274.9,314.6,380.0,387.9,344.7,339.4,168.2,99.3,42.9,2582.3,32.7,787.1,1452.0,310.4
TRIPURA,1991,27.5,41.9,64.1,253.5,619.4,456.6,297.3,326.0,387.3,291.4,28.0,58.9,2851.9,69.4,937.0,1467.2,378.3
TRIPURA,1992,4.4,67.1,23.3,95.7,250.2,343.8,439.1,397.2,323.6,243.2,25.4,8.5,2221.4,71.5,369.2,1503.7,277.1
TRIPURA,1993,11.1,139.3,92.8,155.4,499.4,539.6,530.9,428.9,302.9,165.4,16.0,0.0,2881.7,150.4,747.6,1802.3,181.4
TRIPURA,1994,9.5,30.1,219.3,134.7,130.7,256.2,305.7,335.7,161.6,102.0,27.0,0.0,1712.5,39.6,484.7,1059.2,129.0
TRIPURA,1995,5.4,36.5,52.0,68.7,254.5,425.8,403.6,495.9,312.5,129.7,155.3,0.2,2340.2,41.9,375.2,1637.8,285.2
TRIPURA,1996,8.1,30.0,153.9,97.3,284.2,314.0,395.1,363.5,341.3,179.7,18.8,8.7,2194.5,38.1,535.4,1413.9,207.2
TRIPURA,1997,11.3,23.7,134.4,112.0,255.0,334.0,598.5,273.9,361.6,48.6,17.8,41.3,2212.0,35.0,501.4,1568.0,107.7
TRIPURA,1998,28.1,31.6,136.4,164.6,352.2,297.6,480.6,367.3,222.3,97.9,46.5,0.3,2225.4,59.7,653.2,1367.8,144.7
TRIPURA,1999,2.2,0.0,33.5,26.3,397.5,358.4,422.7,391.3,338.5,227.7,16.5,18.3,2233.0,2.2,457.3,1510.9,262.5
TRIPURA,2000,22.5,26.1,129.1,214.2,403.6,325.4,269.2,465.0,298.3,185.2,24.2,1.1,2363.9,48.6,746.9,1357.9,210.5
TRIPURA,2001,1.5,46.9,38.8,83.6,313.8,478.0,322.6,263.0,269.0,266.4,65.4,0.2,2149.0,48.4,436.2,1332.6,332.0
TRIPURA,2002,18.6,3.9,62.7,143.8,438.7,351.6,462.2,358.4,225.7,98.9,71.9,6.0,2242.3,22.5,645.2,1397.9,176.8
TRIPURA,2003,3.8,11.5,78.0,158.9,265.6,590.9,262.4,281.7,288.4,175.1,5.1,40.9,2162.2,15.3,502.5,1423.4,221.1
TRIPURA,2004,4.8,2.7,11.0,341.5,211.0,449.2,558.6,284.3,351.0,132.7,6.4,0.5,2353.7,7.5,563.5,1643.1,139.6
TRIPURA,2005,6.4,15.0,118.6,98.1,237.0,212.3,301.5,334.8,292.6,194.3,15.6,10.5,1836.7,21.4,453.7,1141.2,220.4
TRIPURA,2006,0.6,12.4,5.5,111.1,382.2,445.6,335.0,241.6,231.1,90.4,13.0,3.7,1872.0,13.0,498.8,1253.3,107.1
TRIPURA,2007,7.9,54.7,28.7,220.4,276.7,446.3,430.0,373.8,426.6,180.5,82.6,10.1,2538.2,62.6,525.8,1676.7,273.2
TRIPURA,2008,30.7,13.8,49.6,54.9,200.8,327.4,333.3,358.6,223.7,150.2,4.7,1.2,1748.9,44.5,305.3,1243.0,156.1
TRIPURA,2009,0.0,3.2,27.5,93.1,209.5,271.9,295.8,380.9,271.3,158.2,26.1,0.2,1737.7,3.2,330.1,1219.9,184.5
TRIPURA,2010,1.0,7.9,85.8,161.5,294.0,411.6,367.5,393.2,309.8,220.2,9.2,33.5,2295.2,8.9,541.3,1482.1,262.9
TRIPURA,2011,12.6,3.6,51.4,81.1,334.9,374.2,313.3,367.6,258.3,92.6,2.4,0.2,1892.1,16.2,467.4,1313.4,95.2
TRIPURA,2012,24.5,10.2,20.3,243.5,163.5,396.2,280.1,342.7,248.7,160.9,32.0,0.4,1922.9,34.7,427.3,1267.7,193.3
TRIPURA,2013,0.2,5.7,19.7,60.3,348.9,206.6,255.9,291.3,241.4,125.6,0.3,1.2,1557.2,5.9,428.9,995.2,127.1
TRIPURA,2014,1.2,21.0,25.4,49.6,192.5,268.3,295.7,372.3,300.9,69.6,3.3,0.1,1599.9,22.2,267.5,1237.2,73.0
TRIPURA,2015,14.4,14.2,21.6,253.5,198.3,283.9,413.6,334.2,255.9,118.7,3.9,10.0,1922.4,28.6,473.4,1287.6,132.6
UTTAR PRADESH,1901,57.0,28.45,8.85,0.9,9.6,22.8,214.2,329.95,141.55,6.25,0.05,5.0,824.55,85.45,19.35,708.5,11.3
UTTAR PRADESH,1902,5.35,3.45,1.5,3.4,14.3,43.5,368.7,168.0,200.15,11.4,1.05,0.1,820.9,8.8,19.2,780.35,12.55
UTTAR PRADESH,1903,10.8,0.4,1.25,0.35,11.75,52.15,130.35,349.65,204.55,251.0,0.0,0.2,1012.4,11.2,13.35,736.7,251.2
UTTAR PRADESH,1904,6.8,1.75,19.0,0.4,26.75,108.25,359.1,319.95,96.05,26.65,16.35,27.25,1008.2,8.55,46.15,883.35,70.25
UTTAR PRADESH,1905,24.55,25.1,17.4,4.5,11.25,18.1,221.1,205.6,130.85,1.75,0.0,2.25,662.55,49.65,33.15,575.65,4.0
UTTAR PRADESH,1906,4.5,60.7,14.1,0.1,8.45,173.55,290.85,231.75,198.05,3.1,0.0,2.9,988.2,65.2,22.65,894.2,6.0
UTTAR PRADESH,1907,7.95,69.85,18.4,23.75,10.35,32.2,175.0,277.4,13.1,0.0,0.0,0.05,627.9,77.8,52.5,497.7,0.05
UTTAR PRADESH,1908,20.8,13.55,4.7,1.35,8.6,53.85,277.85,356.55,60.95,6.05,0.35,0.8,805.5,34.35,14.65,749.2,7.2
UTTAR PRADESH,1909,12.55,5.75,0.05,67.8,4.7,206.1,374.8,181.0,121.05,5.05,0.0,25.95,1004.95,18.3,72.55,882.95,31.0
UTTAR PRADESH,1910,7.75,1.35,0.25,1.5,21.05,125.9,175.7,307.95,209.45,126.25,18.55,0.3,996.15,9.1,22.8,819.0,145.1
UTTAR PRADESH,1911,51.95,0.3,30.35,1.5,2.15,90.3,71.65,228.15,359.8,58.3,38.0,0.35,932.75,52.25,34.0,749.9,96.65
UTTAR PRADESH,1912,20.25,6.65,7.5,4.9,11.9,44.05,287.3,251.95,186.2,0.4,19.85,0.95,842.05,26.9,24.3,769.5,21.2
UTTAR PRADESH,1913,0.4,37.25,29.5,1.15,60.35,149.6,172.85,150.6,57.7,8.2,0.35,10.45,678.35,37.65,91.0,530.75,19.0
UTTAR PRADESH,1914,0.7,12.3,21.8,13.1,42.9,42.75,371.45,270.85,152.45,6.95,2.8,0.1,938.15,13.0,77.8,837.5,9.85
UTTAR PRADESH,1915,16.35,53.1,37.95,6.6,16.0,83.2,240.7,329.25,261.7,58.5,0.95,1.85,1106.15,69.45,60.55,914.85,61.3
UTTAR PRADESH,1916,0.05,19.0,0.0,4.7,8.85,191.7,307.25,354.05,213.95,52.2,6.25,0.0,1158.05,19.05,13.55,1066.95,58.45
UTTAR PRADESH,1917,8.8,28.9,10.05,10.35,46.15,136.6,327.4,232.75,295.55,67.75,0.0,4.05,1168.35,37.7,66.55,992.3,71.8
UTTAR PRADESH,1918,3.9,0.4,8.1,4.6,12.9,112.8,91.65,211.3,62.15,0.15,2.6,0.75,511.3,4.3,25.6,477.9,3.5
UTTAR PRADESH,1919,57.4,7.0,3.1,6.15,13.2,44.15,329.4,309.5,179.25,35.6,1.9,9.55,996.25,64.4,22.45,862.3,47.05
UTTAR PRADESH,1920,2.6,10.9,11.65,0.6,17.8,107.15,400.4,124.8,63.15,2.45,0.0,0.0,741.5,13.5,30.05,695.5,2.45
UTTAR PRADESH,1921,45.6,0.7,1.8,5.95,0.5,154.3,184.05,422.65,225.45,11.85,0.0,0.65,1053.5,46.3,8.25,986.45,12.5
UTTAR PRADESH,1922,32.2,4.9,0.0,3.0,2.75,103.9,381.55,387.5,244.9,3.0,0.75,17.95,1182.4,37.1,5.75,1117.85,21.7
UTTAR PRADESH,1923,3.05,38.9,0.2,0.05,6.4,25.0,243.2,345.45,232.9,66.45,1.2,26.3,989.25,41.95,6.65,846.55,93.95
UTTAR PRADESH,1924,20.3,13.8,1.6,0.2,4.95,29.95,404.85,248.25,310.5,35.45,6.35,15.85,1092.0,34.1,6.75,993.55,57.65
UTTAR PRADESH,1925,4.7,0.1,0.25,11.1,16.7,174.15,423.6,231.65,145.8,5.65,15.35,0.0,1028.95,4.8,28.05,975.2,21.0
UTTAR PRADESH,1926,12.15,5.35,49.15,14.3,21.95,17.3,323.9,286.1,196.7,24.5,0.9,0.95,953.25,17.5,85.4,824.0,26.35
UTTAR PRADESH,1927,3.2,22.15,17.35,3.0,24.4,70.6,266.55,311.15,109.25,88.9,57.45,8.65,982.7,25.35,44.75,757.55,155.0
UTTAR PRADESH,1928,26.75,87.1,1.3,10.25,10.15,87.15,276.6,98.6,49.45,55.9,4.45,17.0,724.7,113.85,21.7,511.8,77.35
UTTAR PRADESH,1929,34.35,1.95,7.45,3.7,4.05,123.35,248.7,294.65,40.6,35.85,0.4,37.6,832.45,36.3,15.2,707.3,73.85
UTTAR PRADESH,1930,17.55,17.55,2.9,3.05,5.2,59.1,368.3,242.35,167.6,34.75,1.85,8.7,928.8,35.1,11.15,837.35,45.3
UTTAR PRADESH,1931,0.5,26.65,4.05,0.3,7.45,26.5,257.0,232.25,340.75,93.15,0.2,0.15,988.95,27.15,11.8,856.5,93.5
UTTAR PRADESH,1932,0.0,4.85,7.6,2.8,5.25,56.85,172.7,233.05,206.2,8.45,19.05,5.4,722.25,4.85,15.65,668.8,32.9
UTTAR PRADESH,1933,10.15,16.6,4.45,28.3,40.05,183.5,214.6,235.65,178.85,93.2,0.5,0.7,1006.4,26.75,72.8,812.6,94.4
UTTAR PRADESH,1934,30.9,1.7,20.1,1.0,1.2,134.7,288.95,300.3,190.25,5.25,1.15,7.5,983.05,32.6,22.3,914.2,13.9
UTTAR PRADESH,1935,24.15,20.0,1.4,13.35,0.2,45.35,290.2,248.1,186.35,1.15,1.45,20.55,852.2,44.15,14.95,770.0,23.15
UTTAR PRADESH,1936,4.9,24.0,8.0,3.55,20.85,255.35,476.35,319.15,223.3,14.95,8.1,23.5,1381.95,28.9,32.4,1274.15,46.55
UTTAR PRADESH,1937,0.15,61.45,1.6,8.75,15.85,80.5,262.65,264.35,116.95,36.35,0.5,7.0,856.0,61.6,26.2,724.45,43.85
UTTAR PRADESH,1938,31.85,8.7,0.05,1.4,22.65,222.25,325.2,280.55,133.4,25.8,0.4,0.0,1052.3,40.55,24.1,961.4,26.2
UTTAR PRADESH,1939,11.0,21.1,5.3,0.85,2.7,138.5,259.95,164.65,217.05,11.95,0.0,0.0,833.05,32.1,8.85,780.15,11.95
UTTAR PRADESH,1940,14.7,30.1,25.3,5.4,8.1,53.3,244.55,331.95,87.45,3.7,0.1,20.8,825.35,44.8,38.8,717.25,24.6
UTTAR PRADESH,1941,27.3,6.95,1.0,0.1,17.55,112.95,99.5,259.55,127.0,4.2,0.1,1.0,657.3,34.25,18.65,599.0,5.3
UTTAR PRADESH,1942,44.7,55.05,4.6,5.3,5.15,98.8,320.1,316.25,198.45,0.1,0.0,9.95,1058.4,99.75,15.05,933.6,10.05
UTTAR PRADESH,1943,25.05,3.9,1.45,17.3,13.4,75.55,208.95,411.95,208.15,9.95,0.0,0.05,975.75,28.95,32.15,904.6,10.0
UTTAR PRADESH,1944,25.75,42.4,54.05,18.75,3.35,91.2,266.9,243.95,132.8,34.25,0.3,2.2,915.9,68.15,76.15,734.85,36.75
UTTAR PRADESH,1945,41.0,0.9,1.1,9.75,8.2,50.65,274.4,235.75,273.35,75.25,0.0,2.9,973.2,41.9,19.05,834.15,78.15
UTTAR PRADESH,1946,0.05,22.5,0.6,19.4,27.7,90.2,386.85,248.55,91.3,62.0,14.35,4.35,967.75,22.55,47.7,816.9,80.7
UTTAR PRADESH,1947,17.7,9.75,11.15,0.45,8.7,67.7,328.35,213.65,226.3,19.4,0.0,4.5,907.75,27.45,20.3,836.0,23.9
UTTAR PRADESH,1948,32.75,14.35,6.2,0.5,9.65,54.7,365.35,407.25,227.6,44.65,12.35,0.25,1175.6,47.1,16.35,1054.9,57.25
UTTAR PRADESH,1949,2.2,39.8,2.3,3.5,19.6,33.6,313.4,310.05,240.1,54.0,0.25,0.05,1018.85,42.0,25.4,897.15,54.3
UTTAR PRADESH,1950,24.95,6.65,20.5,0.45,8.85,97.4,258.4,339.0,114.8,1.75,0.05,19.95,892.7,31.6,29.8,809.6,21.75
UTTAR PRADESH,1951,21.9,9.55,28.25,6.35,7.0,73.05,140.1,250.4,184.1,9.6,10.35,0.05,740.7,31.45,41.6,647.65,20.0
UTTAR PRADESH,1952,4.7,16.4,28.55,2.65,8.75,217.8,180.35,364.6,73.5,3.35,0.05,4.95,905.6,21.1,39.95,836.25,8.35
UTTAR PRADESH,1953,34.65,3.4,0.65,4.65,11.15,101.5,432.15,258.25,164.35,2.35,0.0,1.1,1014.35,38.05,16.45,956.25,3.45
UTTAR PRADESH,1954,35.7,49.85,6.35,0.05,2.15,53.0,271.2,261.55,177.75,66.75,0.0,0.1,924.5,85.55,8.55,763.5,66.85
UTTAR PRADESH,1955,39.6,7.65,1.8,2.6,3.3,150.1,364.65,303.0,223.45,146.4,0.0,0.05,1242.6,47.25,7.7,1041.2,146.45
UTTAR PRADESH,1956,22.3,5.0,17.25,0.8,26.05,116.2,277.5,285.45,194.55,186.85,21.7,5.65,1159.25,27.3,44.1,873.7,214.2
UTTAR PRADESH,1957,51.95,0.35,23.55,3.2,1.7,49.35,324.8,282.3,221.1,11.65,1.65,8.85,980.45,52.3,28.45,877.55,22.15
UTTAR PRADESH,1958,11.15,3.0,4.65,4.95,1.0,47.35,322.2,357.9,215.55,117.15,0.1,6.15,1091.1,14.15,10.6,943.0,123.4
UTTAR PRADESH,1959,49.75,4.05,5.25,2.7,35.05,31.65,218.8,277.85,96.35,88.05,9.25,0.0,818.75,53.8,43.0,624.65,97.3
UTTAR PRADESH,1960,10.6,0.05,35.1,2.6,5.85,70.05,372.95,354.55,134.6,162.2,0.3,0.95,1149.9,10.65,43.55,932.15,163.45
UTTAR PRADESH,1961,34.6,29.35,0.05,1.85,7.1,83.05,293.8,437.25,134.15,172.45,1.25,11.2,1206.3,63.95,9.0,948.25,184.9
UTTAR PRADESH,1962,31.3,17.8,12.15,2.8,2.7,63.8,223.75,333.05,240.0,1.2,0.8,5.75,935.1,49.1,17.65,860.6,7.75
UTTAR PRADESH,1963,14.2,3.7,7.6,6.05,14.55,85.4,243.1,350.65,212.8,12.6,9.45,3.0,963.0,17.9,28.2,891.95,25.05
UTTAR PRADESH,1964,1.95,3.7,1.05,2.15,31.8,60.85,407.5,213.3,276.6,9.95,0.5,10.05,1019.3,5.65,35.0,958.25,20.5
UTTAR PRADESH,1965,5.05,5.55,10.25,20.2,6.65,12.55,209.95,216.5,155.05,36.6,0.25,0.95,679.5,10.6,37.1,594.05,37.8
UTTAR PRADESH,1966,9.75,10.9,0.5,0.1,14.45,164.5,147.9,315.4,36.2,12.15,13.05,7.0,731.9,20.65,15.05,664.0,32.2
UTTAR PRADESH,1967,1.3,0.1,32.45,5.25,5.95,66.4,264.15,476.45,189.7,3.75,1.4,46.3,1093.3,1.4,43.65,996.7,51.45
UTTAR PRADESH,1968,25.3,6.95,7.25,1.45,0.9,70.75,315.3,228.05,84.4,24.25,0.0,1.9,766.65,32.25,9.6,698.5,26.15
UTTAR PRADESH,1969,4.3,2.8,6.45,5.9,26.95,38.15,340.75,292.3,215.85,3.6,14.35,0.0,951.35,7.1,39.3,887.05,17.95
UTTAR PRADESH,1970,34.55,42.95,8.85,1.1,22.9,153.55,165.75,271.2,263.15,34.05,0.05,0.0,998.05,77.5,32.85,853.65,34.1
UTTAR PRADESH,1971,13.3,12.05,5.0,25.55,49.6,170.8,289.95,333.6,173.75,80.05,3.35,0.0,1157.1,25.35,80.15,968.1,83.4
UTTAR PRADESH,1972,6.85,24.85,3.75,2.1,0.7,29.4,175.85,209.9,143.4,16.05,12.1,1.0,626.0,31.7,6.55,558.55,29.15
UTTAR PRADESH,1973,9.6,15.5,1.65,0.0,12.9,99.8,254.3,274.9,130.8,80.35,0.1,0.9,880.8,25.1,14.55,759.8,81.35
UTTAR PRADESH,1974,0.35,1.95,2.85,0.15,7.45,39.55,366.1,224.45,77.1,38.65,0.75,16.15,775.55,2.3,10.45,707.2,55.55
UTTAR PRADESH,1975,13.45,7.7,10.05,0.8,5.25,197.3,339.5,279.05,222.9,31.45,0.0,0.0,1107.5,21.15,16.1,1038.75,31.45
UTTAR PRADESH,1976,3.8,7.7,1.55,4.0,17.2,65.6,241.4,277.7,165.0,3.7,0.45,0.2,788.35,11.5,22.75,749.7,4.35
UTTAR PRADESH,1977,13.1,3.25,0.15,14.9,26.8,68.2,418.9,192.9,152.3,47.1,0.5,16.15,954.2,16.35,41.85,832.3,63.75
UTTAR PRADESH,1978,16.95,29.45,44.35,8.95,3.6,196.65,303.45,329.8,232.0,7.85,2.15,5.05,1180.25,46.4,56.9,1061.9,15.05
UTTAR PRADESH,1979,36.35,39.6,6.45,4.55,20.95,70.95,280.7,93.9,29.1,10.1,26.1,8.5,627.25,75.95,31.95,474.65,44.7
UTTAR PRADESH,1980,3.75,4.5,14.1,0.35,8.85,129.05,451.25,407.05,184.55,17.95,0.8,14.4,1236.6,8.25,23.3,1171.9,33.15
UTTAR PRADESH,1981,19.3,4.45,12.6,3.05,25.95,91.1,375.25,174.1,197.45,2.25,15.75,3.65,924.85,23.75,41.6,837.9,21.65
UTTAR PRADESH,1982,32.6,9.1,51.05,17.45,42.7,86.6,223.15,360.0,181.85,9.55,17.45,8.3,1039.85,41.7,111.2,851.6,35.3
UTTAR PRADESH,1983,24.05,3.5,3.1,42.35,39.8,96.95,288.85,314.0,288.4,80.55,0.0,16.8,1198.25,27.55,85.25,988.2,97.35
UTTAR PRADESH,1984,24.35,25.5,1.0,8.4,5.5,210.7,264.95,236.0,140.35,9.45,0.0,2.7,929.0,49.85,14.9,852.0,12.15
UTTAR PRADESH,1985,14.15,0.0,1.1,4.55,8.25,57.0,328.65,218.75,268.85,151.05,0.0,14.2,1066.55,14.15,13.9,873.25,165.25
UTTAR PRADESH,1986,10.95,41.5,3.3,4.75,27.9,106.1,251.8,213.15,113.35,23.35,1.55,27.75,825.25,52.45,35.95,684.4,52.65
UTTAR PRADESH,1987,13.15,9.75,2.65,4.1,31.0,27.65,160.45,145.9,190.95,54.75,0.0,5.4,645.75,22.9,37.75,524.95,60.15
UTTAR PRADESH,1988,2.9,11.25,22.0,11.0,11.75,96.3,346.7,388.85,120.95,34.8,0.0,13.8,1060.35,14.15,44.75,952.8,48.6
UTTAR PRADESH,1989,19.55,2.7,12.35,0.0,4.45,113.45,251.4,208.35,180.5,4.15,2.95,13.8,813.6,22.25,16.8,753.7,20.9
UTTAR PRADESH,1990,0.0,55.05,9.35,1.25,36.05,90.8,411.5,204.05,202.15,7.85,1.75,12.4,1032.05,55.05,46.65,908.5,22.0
UTTAR PRADESH,1991,5.75,14.9,7.7,3.4,3.4,71.5,115.8,401.05,163.15,0.1,5.3,20.0,811.95,20.65,14.5,751.5,25.4
UTTAR PRADESH,1992,11.6,9.2,2.15,0.75,10.95,38.65,220.1,269.65,185.25,85.65,8.1,0.0,842.0,20.8,13.85,713.65,93.75
UTTAR PRADESH,1993,2.7,9.3,22.2,4.95,24.55,122.25,149.6,171.75,283.75,11.45,0.3,0.15,802.95,12.0,51.7,727.35,11.9
UTTAR PRADESH,1994,23.1,21.0,0.05,10.95,7.05,100.0,297.55,295.15,98.6,5.0,0.15,0.05,858.5,44.1,18.05,791.3,5.2
UTTAR PRADESH,1995,24.65,17.15,4.9,2.85,1.05,103.0,180.65,339.8,154.65,1.25,8.45,5.15,843.65,41.8,8.8,778.1,14.85
UTTAR PRADESH,1996,40.2,47.7,1.65,1.45,2.45,115.6,205.65,344.15,158.9,58.0,0.0,0.0,975.75,87.9,5.55,824.3,58.0
UTTAR PRADESH,1997,4.9,0.55,1.5,16.25,19.3,74.7,263.5,38.05,28.05,7.8,3.65,11.1,469.25,5.45,37.05,404.3,22.55
UTTAR PRADESH,1998,6.4,8.35,18.85,7.8,15.25,63.4,245.85,295.35,74.0,27.05,1.85,0.0,764.1,14.75,41.9,678.6,28.9
UTTAR PRADESH,1999,14.0,3.95,0.0,0.1,15.95,89.45,234.65,221.0,236.35,52.2,0.55,1.35,869.6,17.95,16.05,781.45,54.1
UTTAR PRADESH,2000,5.7,14.1,2.3,6.3,31.1,171.05,246.05,221.8,150.9,0.65,9.05,0.1,859.1,19.8,39.7,789.8,9.8
UTTAR PRADESH,2001,1.8,1.85,1.95,8.1,28.15,196.7,288.0,154.0,89.4,45.8,1.95,0.05,817.75,3.65,38.2,728.1,47.8
UTTAR PRADESH,2002,15.9,31.85,1.3,1.6,25.35,39.8,65.65,232.2,222.4,13.65,0.9,6.6,657.15,47.75,28.25,560.05,21.15
UTTAR PRADESH,2003,16.2,38.65,2.55,6.6,3.95,99.5,285.4,257.8,345.2,4.15,0.4,11.45,1071.95,54.85,13.1,987.9,16.0
UTTAR PRADESH,2004,21.7,1.25,0.0,14.35,23.75,110.15,171.85,199.05,105.25,46.75,0.4,0.15,694.6,22.95,38.1,586.3,47.3
UTTAR PRADESH,2005,12.05,15.95,16.45,1.05,7.45,62.3,294.25,161.65,161.1,13.85,0.0,1.75,748.0,28.0,24.95,679.3,15.6
UTTAR PRADESH,2006,0.25,0.0,15.45,5.9,30.6,87.0,255.35,112.4,58.6,12.9,0.95,1.25,580.7,0.25,51.95,513.35,15.1
UTTAR PRADESH,2007,0.25,56.75,31.6,2.05,19.65,76.45,210.15,166.3,84.25,8.2,0.0,1.25,656.85,57.0,53.3,537.15,9.45
UTTAR PRADESH,2008,2.0,1.3,0.1,3.5,20.45,208.75,300.05,228.5,101.8,7.7,2.3,0.0,876.6,3.3,24.05,839.1,10.0
UTTAR PRADESH,2009,0.65,2.5,1.0,4.65,17.8,23.5,133.85,180.75,132.5,70.1,9.4,2.9,579.7,3.15,23.45,470.6,82.4
UTTAR PRADESH,2010,2.7,11.85,0.1,0.2,12.0,18.2,251.4,214.85,224.2,10.1,8.65,2.1,756.45,14.55,12.3,708.65,20.85
UTTAR PRADESH,2011,1.55,6.55,2.75,2.85,30.9,169.85,206.9,232.2,124.05,0.65,0.25,0.75,779.3,8.1,36.5,733.0,1.65
UTTAR PRADESH,2012,17.4,0.65,2.4,3.75,0.25,11.25,189.65,152.55,116.1,0.6,0.2,1.35,496.15,18.05,6.4,469.55,2.15
UTTAR PRADESH,2013,13.25,64.55,3.1,5.15,1.6,250.15,231.95,266.6,65.2,79.3,1.1,5.0,987.1,77.8,9.85,813.9,85.4
UTTAR PRADESH,2014,47.85,27.6,19.0,3.5,10.85,34.9,188.05,109.55,95.7,44.65,0.0,12.35,594.05,75.45,33.35,428.2,57.0
UTTAR PRADESH,2015,30.8,5.65,57.5,22.1,8.35,83.65,186.6,159.65,24.2,9.35,1.25,3.95,593.0,36.45,87.95,454.1,14.55
UTTARAKHAND,1901,134.5,81.4,44.5,5.9,60.8,33.6,381.1,612.3,167.1,16.3,0.0,24.9,1562.5,215.9,111.2,1194.1,41.2
UTTARAKHAND,1902,0.0,17.0,52.2,63.7,52.1,113.1,444.1,327.5,220.4,31.9,2.1,0.0,1324.2,17.0,168.0,1105.1,34.0
UTTARAKHAND,1903,68.0,7.9,87.6,10.3,37.5,83.0,251.6,442.7,249.3,57.5,0.0,11.3,1306.5,75.9,135.4,1026.6,68.8
UTTARAKHAND,1904,40.0,5.2,78.3,13.6,61.1,180.1,449.6,417.2,174.1,6.3,35.6,31.0,1492.0,45.2,153.0,1221.0,72.9
UTTARAKHAND,1905,115.4,80.7,99.8,26.1,70.3,111.5,299.9,349.5,129.5,0.0,1.0,18.5,1302.1,196.1,196.2,890.4,19.5
UTTARAKHAND,1906,26.1,162.0,36.8,10.1,44.6,195.6,363.9,440.9,232.2,11.6,0.4,13.8,1537.9,188.1,91.5,1232.6,25.8
UTTARAKHAND,1907,49.4,131.6,144.4,41.7,57.6,74.8,342.3,323.8,28.2,0.4,0.0,0.1,1194.4,181.0,243.7,769.1,0.5
UTTARAKHAND,1908,49.4,74.6,6.3,31.8,46.3,144.9,411.4,423.5,56.2,2.5,2.6,6.6,1256.2,124.0,84.4,1036.0,11.7
UTTARAKHAND,1909,75.8,43.1,8.7,64.6,16.5,306.5,565.8,464.2,94.4,8.0,0.7,69.5,1717.7,118.9,89.8,1430.9,78.2
UTTARAKHAND,1910,34.6,38.8,12.1,21.4,59.3,231.0,505.6,526.8,253.9,264.6,8.4,7.4,1963.9,73.4,92.8,1517.3,280.4
UTTARAKHAND,1911,211.4,4.2,190.3,20.4,19.5,204.1,149.3,381.9,266.4,19.7,75.7,0.0,1542.9,215.6,230.2,1001.7,95.4
UTTARAKHAND,1912,79.0,31.1,44.5,27.8,51.4,103.1,333.5,423.2,259.3,2.2,26.9,12.3,1394.5,110.1,123.7,1119.1,41.4
UTTARAKHAND,1913,11.4,91.8,70.3,24.4,98.3,289.1,261.8,188.7,49.5,12.1,7.3,32.9,1137.6,103.2,193.0,789.1,52.3
UTTARAKHAND,1914,0.9,119.9,115.7,50.2,82.3,141.3,563.3,377.8,439.6,27.1,22.3,0.5,1940.9,120.8,248.2,1522.0,49.9
UTTARAKHAND,1915,32.4,126.3,101.0,40.6,57.2,129.8,370.2,539.9,178.3,12.9,0.0,12.6,1601.3,158.7,198.8,1218.2,25.5
UTTARAKHAND,1916,3.9,35.6,1.9,20.6,49.0,373.8,432.3,397.7,280.1,83.8,0.0,0.0,1678.8,39.5,71.5,1483.9,83.8
UTTARAKHAND,1917,7.6,55.4,64.9,80.1,118.2,298.1,561.2,372.7,405.7,115.8,0.0,23.3,2102.9,63.0,263.2,1637.7,139.1
UTTARAKHAND,1918,17.2,0.0,73.9,85.6,46.5,237.6,225.8,397.2,101.0,4.0,18.4,8.2,1215.2,17.2,206.0,961.6,30.6
UTTARAKHAND,1919,158.9,46.7,44.1,40.2,51.0,278.4,372.5,295.9,242.6,14.2,9.7,29.1,1583.1,205.6,135.3,1189.4,53.0
UTTARAKHAND,1920,6.1,52.7,100.7,10.0,65.3,221.7,472.5,307.1,76.9,12.9,0.0,2.6,1328.4,58.8,176.0,1078.2,15.5
UTTARAKHAND,1921,101.0,5.6,12.5,19.7,3.6,364.1,329.3,652.8,299.5,55.8,0.2,4.7,1848.7,106.6,35.8,1645.7,60.7
UTTARAKHAND,1922,86.4,34.4,11.7,21.0,12.1,125.1,507.1,685.2,320.9,3.8,1.3,51.1,1860.0,120.8,44.8,1638.3,56.2
UTTARAKHAND,1923,80.5,146.6,18.5,10.8,26.9,84.8,372.5,427.9,289.9,69.4,10.0,45.1,1582.9,227.1,56.2,1175.1,124.5
UTTARAKHAND,1924,42.5,60.1,27.7,6.8,43.4,39.4,450.2,414.0,651.5,128.1,0.6,62.8,1927.1,102.6,77.9,1555.1,191.5
UTTARAKHAND,1925,34.3,17.7,11.7,43.5,57.0,309.1,554.5,384.5,65.9,20.1,36.7,0.0,1535.0,52.0,112.2,1314.0,56.8
UTTARAKHAND,1926,22.0,28.2,143.0,52.0,57.8,34.8,475.3,400.7,133.3,10.2,22.0,2.0,1381.2,50.2,252.8,1044.1,34.2
UTTARAKHAND,1927,13.7,121.8,53.2,24.5,66.8,210.2,308.9,516.8,159.9,120.8,43.7,9.5,1649.9,135.5,144.5,1195.8,174.0
UTTARAKHAND,1928,89.5,150.1,27.2,40.2,18.6,114.5,468.0,251.4,29.7,6.3,17.4,28.9,1241.9,239.6,86.0,863.6,52.6
UTTARAKHAND,1929,52.9,33.2,16.9,21.7,20.6,138.7,279.7,403.2,65.2,44.5,0.0,135.5,1212.2,86.1,59.2,886.8,180.0
UTTARAKHAND,1930,65.7,72.7,52.1,34.8,39.6,126.5,399.7,348.3,76.5,21.6,8.1,25.6,1271.2,138.4,126.5,951.0,55.3
UTTARAKHAND,1931,7.8,89.9,45.1,1.9,56.9,55.0,319.1,307.2,335.3,105.8,6.8,3.4,1334.1,97.7,103.9,1016.6,116.0
UTTARAKHAND,1932,1.9,18.5,34.3,12.8,27.0,95.7,343.5,438.9,326.9,6.3,5.5,58.4,1369.6,20.4,74.1,1205.0,70.2
UTTARAKHAND,1933,51.7,67.2,23.4,52.6,89.4,227.0,466.8,337.3,151.2,128.0,0.0,1.2,1595.8,118.9,165.4,1182.3,129.2
UTTARAKHAND,1934,66.3,10.4,21.0,8.6,20.6,201.7,459.4,410.4,97.1,1.6,0.5,41.5,1339.0,76.7,50.2,1168.6,43.6
UTTARAKHAND,1935,93.0,34.5,26.7,37.8,4.2,44.0,385.1,308.1,174.8,3.6,8.8,16.5,1137.2,127.5,68.7,912.0,28.9
UTTARAKHAND,1936,6.9,54.7,42.2,33.6,92.8,345.1,570.8,390.4,241.2,19.8,2.1,112.7,1912.3,61.6,168.6,1547.5,134.6
UTTARAKHAND,1937,10.5,149.3,7.2,43.9,47.6,172.7,398.7,439.6,211.7,15.8,2.0,34.5,1533.6,159.8,98.7,1222.7,52.3
UTTARAKHAND,1938,122.5,85.4,7.5,4.5,37.0,293.6,459.2,396.4,110.8,11.4,0.8,0.1,1529.3,207.9,49.0,1260.0,12.3
UTTARAKHAND,1939,21.1,82.1,39.2,15.5,9.1,213.1,352.9,199.3,186.2,24.2,0.0,0.0,1142.6,103.2,63.8,951.5,24.2
UTTARAKHAND,1940,49.2,100.5,57.3,21.8,44.2,136.0,395.1,300.0,82.6,1.4,0.4,35.3,1223.7,149.7,123.3,913.7,37.1
UTTARAKHAND,1941,58.2,37.3,14.0,4.4,67.4,200.3,171.5,354.1,95.7,32.3,0.5,25.9,1061.6,95.5,85.8,821.6,58.7
UTTARAKHAND,1942,109.0,81.8,17.6,53.4,34.9,191.5,481.0,455.8,223.8,1.0,0.1,61.6,1711.4,190.8,105.9,1352.1,62.7
UTTARAKHAND,1943,61.2,17.6,27.8,53.5,15.9,134.4,283.2,590.9,181.4,0.2,0.1,0.3,1366.7,78.8,97.2,1189.9,0.6
UTTARAKHAND,1944,76.6,72.0,62.6,51.2,18.4,192.0,354.4,194.7,144.5,21.4,0.7,10.3,1198.9,148.6,132.2,885.6,32.4
UTTARAKHAND,1945,120.2,4.5,39.3,42.7,16.5,90.6,468.6,379.8,391.8,92.0,0.1,1.8,1648.0,124.7,98.5,1330.8,93.9
UTTARAKHAND,1946,0.5,47.9,20.4,64.8,121.5,193.1,565.1,311.5,114.9,48.7,18.2,20.1,1526.7,48.4,206.7,1184.6,87.0
UTTARAKHAND,1947,46.8,52.2,47.7,1.6,49.0,126.8,383.4,274.2,350.5,16.6,0.4,10.8,1359.8,99.0,98.3,1134.9,27.8
UTTARAKHAND,1948,1.6,103.0,121.6,23.8,35.1,53.2,337.1,592.5,205.1,50.7,3.1,8.7,1535.4,104.6,180.5,1187.9,62.5
UTTARAKHAND,1949,7.3,135.5,32.4,29.0,59.7,52.4,450.2,414.5,204.0,22.2,0.2,4.8,1412.1,142.8,121.1,1121.1,27.2
UTTARAKHAND,1950,59.5,30.3,55.0,2.7,40.2,240.1,492.8,493.4,160.8,2.7,0.0,6.6,1584.1,89.8,97.9,1387.1,9.3
UTTARAKHAND,1951,54.0,41.8,46.8,30.7,61.7,74.0,200.9,403.0,204.2,13.5,43.8,0.1,1174.3,95.8,139.2,882.1,57.4
UTTARAKHAND,1952,39.4,61.1,125.5,19.9,34.8,241.0,346.1,506.4,82.4,11.2,3.6,6.4,1477.8,100.5,180.2,1175.9,21.2
UTTARAKHAND,1953,118.1,14.8,18.3,34.7,71.2,181.8,617.5,338.9,125.8,9.8,0.0,35.0,1565.8,132.9,124.2,1264.0,44.8
UTTARAKHAND,1954,117.9,155.7,22.3,5.2,27.6,111.6,472.6,567.3,217.2,148.6,3.4,13.4,1862.9,273.6,55.1,1368.7,165.4
UTTARAKHAND,1955,84.7,14.2,51.9,41.1,19.8,151.4,356.1,429.0,236.3,271.2,0.0,11.3,1666.9,98.9,112.8,1172.8,282.5
UTTARAKHAND,1956,40.5,24.9,105.3,15.1,132.4,213.9,466.4,359.3,182.7,370.4,5.9,26.1,1943.0,65.4,252.8,1222.3,402.4
UTTARAKHAND,1957,166.4,6.6,77.5,73.3,75.9,113.4,532.1,286.5,308.3,57.7,20.1,62.9,1780.7,173.0,226.7,1240.3,140.7
UTTARAKHAND,1958,59.2,16.5,38.7,23.3,26.3,95.3,436.6,436.2,233.4,78.9,2.5,52.1,1499.0,75.7,88.3,1201.5,133.5
UTTARAKHAND,1959,68.0,93.3,58.1,20.3,49.0,118.8,483.5,442.3,294.6,87.9,26.2,0.9,1743.0,161.3,127.4,1339.2,115.0
UTTARAKHAND,1960,80.0,1.4,97.1,33.5,24.0,132.4,466.7,420.7,189.2,76.6,2.2,16.3,1540.1,81.4,154.6,1209.0,95.1
UTTARAKHAND,1961,126.3,133.7,24.1,20.5,41.0,181.2,490.1,511.6,226.4,122.7,13.1,57.5,1948.3,260.0,85.6,1409.3,193.3
UTTARAKHAND,1962,79.5,86.3,68.7,27.3,21.5,150.9,402.2,398.2,341.5,8.6,29.0,33.9,1647.4,165.8,117.5,1292.8,71.5
UTTARAKHAND,1963,17.4,35.5,130.9,51.4,49.3,193.1,360.9,523.4,345.1,10.8,43.9,40.2,1802.0,52.9,231.6,1422.5,94.9
UTTARAKHAND,1964,89.7,72.5,75.0,48.4,95.2,162.7,463.8,402.0,327.6,1.3,0.0,31.3,1769.6,162.2,218.6,1356.1,32.6
UTTARAKHAND,1965,44.4,159.5,119.3,62.1,44.1,50.3,388.0,302.8,87.5,33.0,11.8,2.9,1305.7,203.9,225.5,828.6,47.7
UTTARAKHAND,1966,3.2,86.6,48.9,17.8,76.7,270.0,363.0,410.3,125.7,35.1,15.3,13.3,1465.8,89.8,143.4,1169.0,63.7
UTTARAKHAND,1967,11.0,35.0,112.5,26.0,23.2,122.6,436.3,518.7,146.5,22.0,22.4,79.9,1556.2,46.0,161.7,1224.1,124.3
UTTARAKHAND,1968,173.1,122.8,62.9,49.0,15.0,218.6,393.6,280.6,109.6,13.0,1.4,38.9,1478.6,295.9,126.9,1002.4,53.3
UTTARAKHAND,1969,79.8,43.1,49.0,60.7,77.0,89.6,381.0,483.5,345.6,25.3,0.2,1.0,1635.7,122.9,186.7,1299.7,26.5
UTTARAKHAND,1970,85.9,44.0,32.7,5.7,68.9,192.9,319.2,355.3,157.8,30.0,0.8,0.2,1293.5,129.9,107.3,1025.2,31.0
UTTARAKHAND,1971,52.4,101.4,45.3,69.0,270.2,297.8,332.8,377.0,155.9,79.5,22.0,0.3,1803.8,153.8,384.5,1163.5,101.8
UTTARAKHAND,1972,30.3,91.7,44.7,50.5,7.4,62.8,315.4,218.8,212.6,18.8,7.9,17.0,1077.8,122.0,102.6,809.6,43.7
UTTARAKHAND,1973,73.0,65.7,47.8,1.8,44.8,254.3,265.9,297.9,130.8,46.8,1.6,9.2,1239.7,138.7,94.4,948.9,57.6
UTTARAKHAND,1974,56.8,28.0,18.2,12.2,22.1,86.5,392.9,347.3,102.6,46.9,4.5,43.6,1161.8,84.8,52.5,929.3,95.0
UTTARAKHAND,1975,75.4,70.5,69.6,1.1,36.4,219.9,403.1,359.6,322.8,21.8,0.0,0.0,1580.3,145.9,107.1,1305.4,21.8
UTTARAKHAND,1976,12.7,58.4,31.2,22.1,40.5,87.6,269.2,328.5,129.3,5.6,0.1,1.1,986.3,71.1,93.8,814.6,6.8
UTTARAKHAND,1977,47.0,7.8,4.5,65.2,101.1,122.0,487.0,292.3,208.3,30.1,2.9,48.1,1416.3,54.8,170.8,1109.6,81.1
UTTARAKHAND,1978,34.6,83.1,187.3,51.2,51.8,291.0,414.3,528.4,324.8,16.9,43.7,4.3,2031.4,117.7,290.3,1558.5,64.9
UTTARAKHAND,1979,50.6,68.4,65.9,23.6,64.0,110.2,323.5,276.1,37.7,11.7,8.2,32.4,1072.3,119.0,153.5,747.5,52.3
UTTARAKHAND,1980,21.7,55.7,60.3,15.6,21.3,175.0,466.0,322.7,133.5,37.3,2.4,21.9,1333.5,77.4,97.2,1097.2,61.6
UTTARAKHAND,1981,67.6,27.8,81.3,23.7,77.4,162.1,488.1,263.5,103.1,4.6,42.1,15.0,1356.1,95.4,182.4,1016.8,61.7
UTTARAKHAND,1982,61.9,58.6,143.2,78.2,77.1,90.6,264.0,435.1,110.7,17.8,1.4,33.5,1372.1,120.5,298.5,900.4,52.7
UTTARAKHAND,1983,80.9,45.5,92.1,132.9,101.0,114.1,261.3,312.9,320.0,53.8,1.6,9.1,1525.3,126.4,326.0,1008.3,64.5
UTTARAKHAND,1984,19.6,128.9,14.6,42.0,27.5,300.1,359.3,237.7,173.5,3.2,2.6,30.1,1339.1,148.5,84.1,1070.6,35.9
UTTARAKHAND,1985,54.3,9.6,14.0,40.9,63.5,104.4,451.7,389.4,228.2,220.5,3.0,74.1,1653.7,63.9,118.4,1173.7,297.6
UTTARAKHAND,1986,3.8,68.4,85.4,70.7,149.7,141.6,418.3,281.7,155.5,61.6,13.8,63.9,1514.5,72.2,305.8,997.1,139.3
UTTARAKHAND,1987,29.8,61.7,30.3,48.8,148.0,55.9,190.3,261.0,123.9,20.2,0.2,17.1,987.3,91.5,227.1,631.1,37.5
UTTARAKHAND,1988,18.1,81.6,136.5,26.3,45.3,129.7,490.9,390.8,202.0,16.6,0.9,63.7,1602.4,99.7,208.1,1213.4,81.2
UTTARAKHAND,1989,91.0,14.7,30.3,9.9,28.5,117.9,333.4,386.6,183.5,12.3,17.3,38.2,1263.8,105.7,68.7,1021.4,67.8
UTTARAKHAND,1990,0.8,97.1,91.3,20.4,81.6,120.3,473.0,413.6,179.1,14.6,6.1,67.1,1564.9,97.9,193.3,1186.0,87.8
UTTARAKHAND,1991,13.2,58.0,52.0,51.6,21.2,81.8,219.8,346.7,126.4,0.5,10.1,39.4,1020.7,71.2,124.8,774.7,50.0
UTTARAKHAND,1992,71.3,32.5,46.1,2.9,31.5,117.5,254.4,385.1,152.4,9.0,5.4,0.0,1108.1,103.8,80.5,909.4,14.4
UTTARAKHAND,1993,77.1,70.3,162.8,19.8,71.7,144.7,309.4,282.3,447.0,1.5,7.4,0.0,1594.1,147.4,254.3,1183.4,8.9
UTTARAKHAND,1994,56.7,84.2,11.0,69.8,75.6,112.1,476.9,428.2,98.0,5.3,1.7,22.3,1441.7,140.9,156.4,1115.2,29.3
UTTARAKHAND,1995,98.9,123.6,79.9,41.4,34.6,138.5,358.3,430.7,282.8,5.1,2.1,20.2,1616.1,222.5,155.9,1210.3,27.4
UTTARAKHAND,1996,49.7,89.6,67.1,28.4,18.3,181.6,308.1,441.1,185.6,31.4,0.5,0.0,1401.4,139.3,113.8,1116.4,31.9
UTTARAKHAND,1997,42.1,14.9,31.2,90.5,56.1,129.8,290.0,73.3,36.4,9.9,10.8,18.5,803.4,57.0,177.8,529.5,39.2
UTTARAKHAND,1998,9.6,68.4,106.2,73.0,78.5,163.3,242.9,260.0,120.0,75.5,1.2,0.0,1198.6,78.0,257.7,786.2,76.7
UTTARAKHAND,1999,33.0,11.4,1.4,1.2,50.5,158.9,389.0,285.5,217.9,32.0,0.1,4.7,1185.5,44.4,53.1,1051.3,36.8
UTTARAKHAND,2000,29.9,69.4,37.9,18.1,83.3,313.9,420.1,536.1,195.3,1.1,7.0,0.7,1712.9,99.3,139.3,1465.4,8.8
UTTARAKHAND,2001,22.7,27.9,83.4,48.2,109.1,297.3,493.0,371.7,68.3,6.3,1.4,15.1,1544.4,50.6,240.7,1230.3,22.8
UTTARAKHAND,2002,53.8,123.2,100.0,76.3,82.3,139.6,205.7,465.4,301.3,19.9,3.0,4.2,1574.7,177.0,258.6,1112.0,27.1
UTTARAKHAND,2003,40.7,126.0,99.7,54.1,67.1,145.2,515.3,416.2,239.9,1.8,4.8,23.6,1734.3,166.7,220.9,1316.6,30.2
UTTARAKHAND,2004,58.5,11.7,0.0,51.5,66.0,130.7,400.9,326.3,96.8,70.7,0.8,5.7,1219.6,70.2,117.5,954.7,77.2
UTTARAKHAND,2005,64.1,83.2,54.2,12.8,52.1,74.0,400.1,249.2,337.9,14.1,2.2,4.3,1348.2,147.3,119.1,1061.2,20.6
UTTARAKHAND,2006,48.7,9.6,71.7,52.2,120.5,104.2,345.6,294.7,79.1,18.8,6.8,27.0,1178.9,58.3,244.4,823.6,52.6
UTTARAKHAND,2007,1.7,138.9,123.1,41.1,78.8,139.9,522.9,502.8,325.6,25.1,7.8,16.7,1924.3,140.6,243.0,1491.2,49.6
UTTARAKHAND,2008,55.6,11.7,18.1,93.0,67.3,332.4,313.3,245.8,190.8,23.1,11.9,0.6,1363.7,67.3,178.4,1082.3,35.6
UTTARAKHAND,2009,1.8,27.6,18.8,18.4,77.6,41.9,157.5,202.6,206.6,81.3,12.6,0.9,847.8,29.4,114.8,608.6,94.8
UTTARAKHAND,2010,11.4,62.1,3.8,13.8,47.0,72.7,455.8,335.7,389.7,8.0,4.5,19.5,1424.0,73.5,64.6,1253.9,32.0
UTTARAKHAND,2011,30.9,65.2,18.0,30.9,84.2,223.1,433.3,523.7,148.4,3.4,1.2,2.3,1564.7,96.1,133.1,1328.5,6.9
UTTARAKHAND,2012,38.8,11.9,28.1,39.2,9.1,46.0,387.1,419.5,220.6,4.7,3.4,15.5,1223.9,50.7,76.4,1073.2,23.6
UTTARAKHAND,2013,73.0,188.3,22.0,24.7,18.2,488.9,413.4,359.4,111.3,29.1,3.2,3.8,1735.4,261.3,64.9,1373.0,36.1
UTTARAKHAND,2014,45.9,99.9,68.4,37.6,52.9,62.9,462.7,264.2,107.9,40.8,0.0,44.3,1287.4,145.8,158.9,897.7,85.1
UTTARAKHAND,2015,54.5,62.6,127.3,57.3,38.0,186.6,337.0,305.3,52.6,16.8,2.4,7.2,1247.6,117.1,222.6,881.5,26.4
WEST BENGAL,1901,31.8,36.6,9.0,46.65,158.6,343.2,402.8,388.4,278.1,53.3,50.65,1.3,1800.4,68.4,214.25,1412.5,105.25
WEST BENGAL,1902,0.6,0.95,65.65,114.95,216.45,340.05,509.4,434.3,515.2,53.45,8.0,4.95,2264.05,1.55,397.05,1798.95,66.4
WEST BENGAL,1903,11.5,16.65,28.45,24.6,121.05,371.45,305.55,493.2,332.95,169.65,4.25,0.0,1879.4,28.15,174.1,1503.15,173.9
WEST BENGAL,1904,1.75,26.55,18.25,70.9,246.9,280.45,467.85,355.1,201.7,99.95,6.5,0.6,1776.5,28.3,336.05,1305.1,107.05
WEST BENGAL,1905,21.45,40.4,68.3,94.65,223.7,297.85,524.3,650.1,304.35,97.6,1.35,11.95,2335.95,61.85,386.65,1776.6,110.9
WEST BENGAL,1906,28.05,86.4,41.85,7.05,139.7,305.0,506.75,540.3,200.9,140.25,10.25,0.2,2006.8,114.45,188.6,1552.95,150.7
WEST BENGAL,1907,5.55,22.5,83.0,74.25,124.25,377.85,553.65,304.35,344.2,26.65,2.9,14.4,1933.5,28.05,281.5,1580.05,43.95
WEST BENGAL,1908,18.8,19.0,5.85,29.5,212.45,374.5,416.3,279.45,308.25,28.65,1.25,0.0,1694.1,37.8,247.8,1378.5,29.9
WEST BENGAL,1909,3.85,7.5,0.3,146.5,144.55,615.5,286.65,552.4,306.6,106.05,2.45,11.6,2183.95,11.35,291.35,1761.15,120.1
WEST BENGAL,1910,12.75,14.1,41.3,47.9,136.05,537.75,589.6,370.05,281.35,179.35,5.7,0.1,2216.0,26.85,225.25,1778.75,185.15
WEST BENGAL,1911,12.05,4.8,41.8,76.3,212.8,426.0,510.8,345.95,376.75,209.85,12.35,0.05,2229.55,16.85,330.9,1659.5,222.25
WEST BENGAL,1912,2.05,17.8,76.7,91.8,193.3,298.6,534.4,404.15,234.95,116.25,100.3,0.25,2070.5,19.85,361.8,1472.1,216.8
WEST BENGAL,1913,2.4,72.9,40.8,32.5,229.2,624.45,481.9,384.0,331.4,138.15,11.65,31.5,2380.95,75.3,302.5,1821.75,181.3
WEST BENGAL,1914,1.1,50.5,15.45,97.8,239.3,297.5,376.05,480.25,289.6,35.75,7.4,8.35,1899.0,51.6,352.55,1443.4,51.5
WEST BENGAL,1915,3.55,31.0,64.95,49.6,244.45,288.6,368.8,423.7,294.15,102.4,36.0,0.45,1907.6,34.55,359.0,1375.25,138.85
WEST BENGAL,1916,3.6,9.85,4.6,111.8,173.85,513.75,584.85,417.7,427.85,248.3,41.9,0.6,2538.65,13.45,290.25,1944.15,290.8
WEST BENGAL,1917,0.7,27.5,17.4,26.4,198.75,493.1,531.15,335.2,316.35,356.3,5.7,0.2,2308.7,28.2,242.55,1675.8,362.2
WEST BENGAL,1918,1.05,0.75,20.05,111.5,242.05,528.6,449.0,556.85,257.1,18.85,1.15,1.55,2188.4,1.8,373.6,1791.55,21.55
WEST BENGAL,1919,30.75,12.15,8.0,77.6,151.55,432.0,501.5,335.9,333.55,109.25,20.9,0.2,2013.35,42.9,237.15,1602.95,130.35
WEST BENGAL,1920,0.6,30.45,116.5,40.3,112.95,371.5,385.05,451.55,480.0,133.55,1.35,0.0,2123.85,31.05,269.75,1688.1,134.9
WEST BENGAL,1921,37.2,8.05,34.05,107.4,278.2,413.8,624.9,451.75,328.65,117.85,1.35,3.55,2406.8,45.25,419.65,1819.1,122.75
WEST BENGAL,1922,12.6,2.8,3.4,33.7,144.7,678.0,494.75,463.55,407.75,81.5,3.3,2.65,2328.75,15.4,181.8,2044.05,87.45
WEST BENGAL,1923,0.05,66.2,6.0,63.15,204.0,345.6,493.55,316.85,307.1,74.35,8.75,1.45,1887.1,66.25,273.15,1463.1,84.55
WEST BENGAL,1924,4.5,4.4,2.2,74.7,164.8,437.15,520.0,375.95,346.9,105.15,71.95,0.95,2108.7,8.9,241.7,1680.0,178.05
WEST BENGAL,1925,6.85,10.45,20.75,170.25,195.4,362.95,375.85,437.85,363.5,126.9,8.95,0.4,2080.1,17.3,386.4,1540.15,136.25
WEST BENGAL,1926,19.55,6.2,88.9,34.65,160.8,342.25,716.55,413.85,287.75,90.85,0.55,9.5,2171.55,25.75,284.35,1760.4,100.9
WEST BENGAL,1927,26.3,35.65,32.75,33.4,198.55,454.9,417.75,316.5,352.55,82.95,10.0,0.15,1961.35,61.95,264.7,1541.7,93.1
WEST BENGAL,1928,19.15,7.5,3.5,71.95,160.85,477.4,547.15,493.0,254.6,202.6,8.3,1.0,2246.95,26.65,236.3,1772.15,211.9
WEST BENGAL,1929,46.25,7.6,38.35,84.1,143.75,401.05,476.55,344.95,284.6,389.05,5.25,22.85,2244.3,53.85,266.2,1507.15,417.15
WEST BENGAL,1930,9.7,16.0,35.8,39.95,139.3,341.0,378.4,391.55,264.85,90.75,73.55,1.75,1782.65,25.7,215.05,1375.8,166.05
WEST BENGAL,1931,2.5,42.15,27.65,60.65,203.9,340.45,581.15,347.7,391.15,140.2,35.85,2.7,2176.15,44.65,292.2,1660.45,178.75
WEST BENGAL,1932,1.5,9.95,6.85,52.15,226.25,441.2,330.5,421.25,278.9,109.3,121.15,12.2,2011.25,11.45,285.25,1471.85,242.65
WEST BENGAL,1933,16.4,31.35,2.1,94.0,188.8,445.8,519.1,466.55,275.5,147.05,3.0,0.95,2190.7,47.75,284.9,1706.95,151.0
WEST BENGAL,1934,8.0,39.9,0.5,63.35,143.05,358.6,432.6,362.6,316.7,118.2,9.45,12.3,1865.15,47.9,206.9,1470.5,139.95
WEST BENGAL,1935,10.8,27.35,23.7,29.4,141.25,386.3,299.25,617.0,346.4,13.8,3.15,1.7,1900.1,38.15,194.35,1648.95,18.65
WEST BENGAL,1936,6.75,10.75,33.5,51.05,249.3,355.15,497.6,380.05,394.95,93.95,2.05,7.9,2082.95,17.5,333.85,1627.75,103.9
WEST BENGAL,1937,0.0,90.7,5.4,40.25,200.25,309.0,371.45,467.2,325.25,230.4,4.3,1.2,2045.45,90.7,245.9,1472.9,235.9
WEST BENGAL,1938,8.25,20.65,5.2,42.55,347.9,561.45,472.0,424.6,310.9,90.65,9.3,0.05,2293.55,28.9,395.65,1768.95,100.0
WEST BENGAL,1939,1.2,21.45,8.35,13.45,169.25,438.4,513.05,455.7,326.05,183.45,13.85,0.55,2144.75,22.65,191.05,1733.2,197.85
WEST BENGAL,1940,0.1,42.25,112.55,21.5,158.0,343.6,418.25,392.55,304.0,35.3,8.4,2.95,1839.35,42.35,292.05,1458.4,46.65
WEST BENGAL,1941,16.55,3.35,6.7,56.5,233.15,423.1,474.6,489.3,318.6,187.05,48.15,2.45,2259.55,19.9,296.35,1705.6,237.65
WEST BENGAL,1942,3.9,18.1,30.2,119.45,159.0,341.15,378.55,385.35,447.9,96.15,10.75,0.0,1990.5,22.0,308.65,1552.95,106.9
WEST BENGAL,1943,40.7,32.25,23.6,135.2,131.6,519.2,434.25,438.1,359.8,64.8,2.0,0.45,2181.9,72.95,290.4,1751.35,67.25
WEST BENGAL,1944,48.55,20.05,47.05,75.35,142.45,366.7,398.35,447.05,380.15,65.6,3.5,0.0,1994.8,68.6,264.85,1592.25,69.1
WEST BENGAL,1945,22.9,17.45,6.0,98.0,207.8,297.25,373.8,446.6,302.75,240.05,0.05,0.8,2013.45,40.35,311.8,1420.4,240.9
WEST BENGAL,1946,0.0,7.9,22.75,157.15,183.15,385.4,448.65,387.65,383.5,246.9,18.05,0.2,2241.35,7.9,363.05,1605.2,265.15
WEST BENGAL,1947,2.5,6.95,68.35,47.2,137.55,275.2,518.5,365.6,389.7,118.9,1.2,17.0,1948.55,9.45,253.1,1549.0,137.1
WEST BENGAL,1948,6.85,30.2,34.95,115.45,246.7,378.35,533.2,369.55,281.75,151.25,85.35,0.65,2234.35,37.05,397.1,1562.85,237.25
WEST BENGAL,1949,8.2,14.25,23.8,198.25,270.4,437.7,485.05,435.9,302.8,210.95,0.7,2.55,2390.7,22.45,492.45,1661.45,214.2
WEST BENGAL,1950,0.15,13.05,26.9,31.25,155.8,559.3,454.85,506.6,271.3,112.15,57.7,0.15,2189.05,13.2,213.95,1792.05,170.0
WEST BENGAL,1951,0.5,0.45,42.4,41.2,153.6,363.6,515.9,382.0,263.1,149.0,36.65,0.2,1948.55,0.95,237.2,1524.6,185.85
WEST BENGAL,1952,0.8,11.65,52.05,133.95,248.9,374.0,572.0,383.8,388.5,154.2,11.6,1.85,2333.2,12.45,434.9,1718.3,167.65
WEST BENGAL,1953,27.0,12.4,46.45,39.05,157.55,369.4,556.75,329.3,409.6,80.85,19.5,2.05,2049.9,39.4,243.05,1665.05,102.4
WEST BENGAL,1954,14.0,8.05,5.15,41.35,198.75,526.3,581.6,355.65,248.95,71.2,1.1,15.75,2067.8,22.05,245.25,1712.5,88.05
WEST BENGAL,1955,3.75,2.55,23.0,47.9,134.25,357.85,701.7,439.05,276.55,101.6,40.0,2.35,2130.55,6.3,205.15,1775.15,143.95
WEST BENGAL,1956,9.65,17.65,46.65,95.25,281.25,545.6,362.65,391.1,338.15,186.7,21.4,3.75,2299.85,27.3,423.15,1637.5,211.85
WEST BENGAL,1957,76.6,17.75,17.1,8.3,92.05,331.0,481.35,368.25,223.9,55.95,3.9,1.9,1678.0,94.35,117.45,1404.5,61.75
WEST BENGAL,1958,10.4,21.55,14.05,79.25,163.85,291.5,390.2,556.6,323.95,127.45,5.35,1.5,1985.7,31.95,257.15,1562.25,134.3
WEST BENGAL,1959,66.65,9.2,40.8,69.9,155.05,387.2,405.95,310.1,412.6,338.1,0.6,0.25,2196.5,75.85,265.75,1515.85,338.95
WEST BENGAL,1960,0.35,3.95,41.45,2.85,207.75,262.35,550.5,352.3,434.65,71.5,0.3,0.0,1928.0,4.3,252.05,1599.8,71.8
WEST BENGAL,1961,11.3,57.35,13.2,26.45,185.2,361.65,310.15,397.4,316.2,114.25,1.45,2.75,1797.3,68.65,224.85,1385.4,118.45
WEST BENGAL,1962,20.9,17.4,10.2,55.85,199.5,361.35,378.85,436.25,256.55,109.2,0.2,1.35,1847.65,38.3,265.55,1433.0,110.75
WEST BENGAL,1963,1.25,1.55,18.95,82.75,213.6,334.1,476.85,389.5,269.3,142.0,15.6,1.75,1947.1,2.8,315.3,1469.75,159.35
WEST BENGAL,1964,1.35,6.15,13.7,92.65,134.7,374.7,681.65,328.45,353.35,137.5,5.7,0.05,2129.95,7.5,241.05,1738.15,143.25
WEST BENGAL,1965,0.25,27.95,47.35,51.15,138.85,336.1,493.6,558.6,283.0,59.8,16.5,0.2,2013.2,28.2,237.35,1671.3,76.5
WEST BENGAL,1966,31.3,6.0,4.05,34.9,137.55,291.75,455.1,459.7,272.25,92.9,26.5,5.05,1817.0,37.3,176.5,1478.8,124.45
WEST BENGAL,1967,27.4,1.7,71.85,75.3,133.35,429.55,574.7,321.45,367.8,90.5,4.6,6.25,2104.45,29.1,280.5,1693.5,101.35
WEST BENGAL,1968,16.0,6.15,21.0,51.7,136.4,507.75,622.9,533.2,315.0,215.1,62.55,0.55,2488.25,22.15,209.1,1978.85,278.2
WEST BENGAL,1969,8.1,3.95,33.0,78.85,181.15,322.3,413.35,433.1,366.05,45.85,28.65,0.1,1914.45,12.05,293.0,1534.8,74.6
WEST BENGAL,1970,14.4,14.25,19.2,89.65,113.1,439.9,508.1,322.6,516.7,127.85,9.55,0.0,2175.4,28.65,221.95,1787.3,137.4
WEST BENGAL,1971,29.5,17.75,33.9,207.0,183.3,508.95,536.0,557.7,314.1,246.1,28.1,0.95,2663.3,47.25,424.2,1916.75,275.15
WEST BENGAL,1972,6.1,42.35,28.1,75.35,156.3,291.55,439.3,439.15,314.8,73.25,7.2,0.45,1873.9,48.45,259.75,1484.8,80.9
WEST BENGAL,1973,7.55,22.4,54.2,54.45,229.25,442.0,365.7,379.85,437.85,243.95,18.75,13.9,2269.9,29.95,337.9,1625.4,276.6
WEST BENGAL,1974,11.35,1.25,88.75,120.3,216.75,302.25,632.65,495.4,371.75,157.65,3.8,4.15,2406.15,12.6,425.8,1802.05,165.6
WEST BENGAL,1975,15.15,24.3,13.1,60.9,158.45,324.9,586.55,297.45,401.0,158.1,21.8,3.3,2064.9,39.45,232.45,1609.9,183.2
WEST BENGAL,1976,4.4,41.9,24.0,80.15,218.3,399.05,414.25,475.65,242.75,82.6,33.35,0.9,2017.25,46.3,322.45,1531.7,116.85
WEST BENGAL,1977,9.15,20.1,37.45,167.75,242.25,437.7,476.9,478.6,243.65,175.15,54.4,30.4,2373.55,29.25,447.45,1636.85,259.95
WEST BENGAL,1978,8.05,19.55,49.9,93.25,214.8,384.25,409.65,311.55,484.15,105.85,35.7,8.6,2125.15,27.6,357.95,1589.6,150.15
WEST BENGAL,1979,12.05,27.05,11.75,64.3,82.15,272.3,519.05,331.0,297.0,167.25,21.6,29.25,1834.8,39.1,158.2,1419.35,218.1
WEST BENGAL,1980,13.55,33.7,69.1,76.1,205.0,394.75,588.8,467.9,329.25,154.9,0.45,1.2,2334.8,47.25,350.2,1780.7,156.55
WEST BENGAL,1981,31.25,43.45,71.3,148.2,262.3,395.0,625.4,434.3,351.6,24.85,6.5,45.05,2439.15,74.7,481.8,1806.3,76.4
WEST BENGAL,1982,1.3,22.85,67.1,98.25,105.8,347.5,487.0,307.2,221.35,41.65,18.95,5.3,1724.35,24.15,271.15,1363.05,65.9
WEST BENGAL,1983,17.9,48.05,41.15,65.95,233.9,373.4,483.0,330.5,391.6,146.35,2.15,17.2,2151.2,65.95,341.0,1578.5,165.7
WEST BENGAL,1984,24.2,6.95,21.6,86.95,221.35,535.85,534.95,403.5,300.95,145.45,2.55,5.75,2290.05,31.15,329.9,1775.25,153.75
WEST BENGAL,1985,6.55,26.25,26.0,46.8,229.1,406.55,596.85,356.65,333.15,174.55,9.6,13.65,2225.65,32.8,301.9,1693.2,197.8
WEST BENGAL,1986,5.45,6.05,7.5,85.45,149.1,332.15,429.4,272.2,508.05,208.3,60.95,13.5,2078.2,11.5,242.05,1541.8,282.75
WEST BENGAL,1987,2.3,21.2,49.35,114.65,119.85,298.95,609.65,654.8,396.45,92.2,24.65,4.45,2388.5,23.5,283.85,1959.85,121.3
WEST BENGAL,1988,4.25,23.75,62.35,70.9,189.05,406.85,565.8,641.55,326.85,88.2,28.95,3.0,2411.45,28.0,322.3,1941.05,120.15
WEST BENGAL,1989,10.7,23.25,25.95,31.75,266.0,434.75,522.15,349.6,438.9,102.2,17.2,17.95,2240.45,33.95,323.7,1745.4,137.35
WEST BENGAL,1990,3.0,86.05,99.55,118.8,252.9,411.45,667.15,576.45,370.65,144.6,24.15,8.6,2763.3,89.05,471.25,2025.7,177.35
WEST BENGAL,1991,34.65,17.8,43.75,68.6,174.9,474.4,486.9,416.1,469.35,96.7,8.65,48.95,2340.75,52.45,287.25,1846.75,154.3
WEST BENGAL,1992,12.0,48.1,13.05,54.5,190.2,284.0,571.95,356.05,251.5,95.85,4.7,4.85,1886.7,60.1,257.75,1463.5,105.4
WEST BENGAL,1993,18.95,19.5,49.8,107.75,218.35,389.05,501.95,439.65,386.8,161.5,33.3,1.2,2327.8,38.45,375.9,1717.45,196.0
WEST BENGAL,1994,36.7,51.9,60.7,95.15,170.65,349.05,391.7,345.25,234.1,83.6,9.05,1.1,1829.05,88.6,326.5,1320.1,93.75
WEST BENGAL,1995,19.05,35.6,29.65,47.15,276.25,522.2,588.2,476.1,525.0,93.05,124.55,10.1,2746.9,54.65,353.05,2111.5,227.7
WEST BENGAL,1996,20.95,23.7,34.95,62.1,234.6,335.3,557.45,508.55,240.7,131.6,2.25,0.0,2152.15,44.65,331.65,1642.0,133.85
WEST BENGAL,1997,18.8,27.45,60.3,110.65,132.55,416.45,462.7,433.15,343.95,34.55,23.4,40.7,2104.55,46.25,303.5,1656.25,98.65
WEST BENGAL,1998,33.25,34.0,126.95,103.55,170.65,403.65,574.9,563.05,387.6,200.25,45.1,1.05,2643.9,67.25,401.15,1929.2,246.4
WEST BENGAL,1999,4.4,3.45,9.75,83.25,276.65,409.65,618.45,563.5,435.95,220.65,12.2,2.25,2640.15,7.85,369.65,2027.55,235.1
WEST BENGAL,2000,10.1,47.05,29.45,119.55,270.75,427.6,457.9,338.25,447.1,79.55,12.1,0.65,2240.05,57.15,419.75,1670.85,92.3
WEST BENGAL,2001,2.15,11.2,41.5,92.1,261.5,428.2,334.15,336.6,320.4,223.2,22.7,2.95,2076.6,13.35,395.1,1419.35,248.85
WEST BENGAL,2002,28.2,5.75,61.1,157.25,147.9,377.45,512.45,347.95,333.25,73.6,29.8,5.45,2080.15,33.95,366.25,1571.1,108.85
WEST BENGAL,2003,8.75,45.45,80.05,103.85,146.8,398.55,478.2,296.65,238.2,282.25,12.65,18.45,2110.0,54.2,330.7,1411.6,313.35
WEST BENGAL,2004,11.6,6.55,27.7,113.15,180.2,388.5,495.1,373.15,329.5,209.55,4.5,2.6,2142.05,18.15,321.05,1586.25,216.65
WEST BENGAL,2005,23.15,16.4,107.45,98.65,168.2,323.3,529.4,395.6,225.6,311.4,4.4,2.7,2206.3,39.55,374.3,1473.9,318.5
WEST BENGAL,2006,0.75,10.0,25.2,89.9,195.65,333.6,478.4,307.65,418.85,84.05,13.1,4.1,1961.3,10.75,310.75,1538.5,101.25
WEST BENGAL,2007,3.5,68.65,42.95,99.4,156.9,355.7,648.2,370.2,459.25,67.65,16.7,1.0,2290.15,72.15,299.25,1833.35,85.35
WEST BENGAL,2008,41.3,17.25,45.65,92.3,132.9,470.5,498.05,444.25,282.0,85.1,8.45,4.85,2122.55,58.55,270.85,1694.8,98.4
WEST BENGAL,2009,4.2,20.85,36.45,58.9,268.85,210.15,366.85,450.55,234.6,156.2,9.25,2.95,1819.8,25.05,364.2,1262.15,168.4
WEST BENGAL,2010,2.9,14.95,42.8,96.25,231.7,373.7,394.85,326.95,250.35,81.2,7.1,15.95,1838.55,17.85,370.75,1345.85,104.25
WEST BENGAL,2011,5.5,11.3,55.85,105.0,190.2,427.15,416.1,456.75,326.1,41.8,14.0,2.85,2052.6,16.8,351.05,1626.1,58.65
WEST BENGAL,2012,28.0,14.6,24.95,108.75,123.3,375.4,499.75,297.05,340.8,91.8,29.75,16.0,1950.1,42.6,257.0,1513.0,137.55
WEST BENGAL,2013,2.75,16.8,18.45,80.15,246.2,319.15,425.8,408.85,281.0,276.5,8.05,1.35,2085.1,19.55,344.8,1434.8,285.9
WEST BENGAL,2014,0.55,34.4,28.8,24.9,216.5,368.4,341.65,427.95,300.5,44.05,2.7,1.5,1792.0,34.95,270.2,1438.5,48.25
WEST BENGAL,2015,14.3,10.25,42.05,118.85,181.1,377.7,513.2,443.6,259.45,43.15,13.05,7.65,2024.45,24.55,342.0,1593.95,63.85
